,totalLatency,totalLatency
0,0.797187113006784,5.792268977846417
1,0.870826706534919,6.1114057949611125
2,0.8419056214437226,6.009962960651943
3,0.8405932854857174,6.012665445463997
4,0.797187113006784,6.3958613770348665
5,0.8894121831235127,6.687351233618599
6,0.8047683123743351,6.653248878887721
7,0.8405932854857174,6.5961284671510985
8,0.797187113006784,7.1241972412381855
9,0.8894121831235127,7.444570537975856
10,0.8419056214437226,7.438523421968732
11,0.8405932854857174,7.4482415063040595
12,0.7416532909476753,1.2960681983402798
13,0.8535002733179033,1.7276003258568897
14,0.7874418791573194,1.698317970548357
15,0.7468971912367353,1.5884861809866768
16,0.7416532909476753,1.3570027385439192
17,0.8535002733179033,1.836321721758161
18,0.7874418791573194,1.7691885232925415
19,0.7468971912367353,1.6385604858398437
20,0.7416532909476753,1.2494363614491053
21,0.7957160888745305,1.4418487685067314
22,0.7482095271947404,1.3614985942840576
23,0.7468971912367353,1.2636405604226248
24,0.797187113006784,1.4913955007280622
25,0.8894121831235127,1.8160603659493584
26,0.8047683123743351,1.7477256059646606
27,0.8405932854857174,1.6895481279918123
28,0.7416532909476753,1.3669596876416887
29,0.8535002733179033,1.7544884272984096
30,0.7874418791573194,1.7174608196531025
31,0.7468971912367353,1.6013773202896118
32,0.797187113006784,1.4280868087496077
33,0.870826706534919,1.7072044610977173
34,0.8419056214437226,1.6811157771519252
35,0.8405932854857174,1.6295384747641428
36,0.797187113006784,1.36467764377594
37,0.870826706534919,1.6217107261930193
38,0.8419056214437226,1.61808340549469
39,0.8405932854857174,1.5989673886980331
40,0.797187113006784,3.92710337638855
41,0.8894121831235127,4.237024320874896
42,0.8419056214437226,4.2118492126464835
43,0.8405932854857174,4.215742237227303
44,0.7416532909476753,1.2491469315120152
45,0.8535002733179033,1.5709856952939714
46,0.7482095271947404,1.4641142913273402
47,0.7468971912367353,1.3628501551491874
48,0.797187113006784,1.3956272431782313
49,0.870826706534919,1.6285241740090506
50,0.8419056214437226,1.639589514051165
51,0.8405932854857174,1.594777376311166
52,0.797187113006784,12.4865521975926
53,0.8894121831235127,12.799699599402294
54,0.8419056214437226,12.8198650598526
55,0.8405932854857174,12.840677867616925
56,0.797187113006784,8.196339569772991
57,0.8894121831235127,8.51156360081264
58,0.8419056214437226,8.514232206344605
59,0.8405932854857174,8.529359797069004
60,0.7416532909476753,1.2527187722069877
61,0.8535002733179033,1.6592452594212124
62,0.7874418791573194,1.6422060694013323
63,0.7468971912367353,1.5134191070284162
64,0.7416532909476753,1.3077080351965769
65,0.8535002733179033,1.7065675156457083
66,0.7874418791573194,1.6706209182739258
67,0.7468971912367353,1.555953342573983
68,0.7416532909476753,1.2971063920429775
69,0.8535002733179033,1.6768069301332746
70,0.7482095271947404,1.5305817535945347
71,0.7468971912367353,1.4381196805409022
72,0.7416532909476753,1.2285597664969308
73,0.7957160888745305,1.4174599238804408
74,0.7874418791573194,1.5290292603628977
75,0.7468971912367353,1.4087391444614956
76,0.797187113006784,13.901290447371347
77,1.0297031038310152,14.70284159183502
78,0.8419056214437226,14.242829608917233
79,0.8405932854857174,14.262467517171585
80,0.797187113006784,6.724839568138123
81,0.8894121831235127,7.020750866617474
82,0.8487031038310151,7.349896093777247
83,0.8405932854857174,7.0333645105361935
84,0.797187113006784,8.591280358178276
85,0.8894121831235127,8.90965370450701
86,0.8419056214437226,8.918761910711016
87,0.8405932854857174,8.934260964393617
88,0.797187113006784,7.457554425512043
89,0.8894121831235127,7.7770521913255966
90,0.8419056214437226,7.778145899091448
91,0.8405932854857174,7.787330957821437
92,0.7416532909476753,1.2508738313402448
93,0.974567622835252,2.027618019921439
94,0.7874418791573194,1.6371538025992258
95,0.7468971912367353,1.514073613711766
96,0.7416532909476753,1.2418971027646746
97,0.974567622835252,2.0262964282717024
98,0.7482095271947404,1.4581256253378732
99,0.7468971912367353,1.3656823771340507
100,0.7416532909476753,1.2575453315462386
101,0.974567622835252,2.078690961429051
102,0.7482095271947404,1.5069137232644216
103,0.7468971912367353,1.4142603397369384
104,0.7416532909476753,3.1028918675013952
105,0.8535002733179033,3.547928214073181
106,0.7935676228352522,3.7556157588958734
107,0.7468971912367353,3.3431152275630405
108,0.7416532909476753,1.224601217678615
109,0.8535002733179033,1.6933762414114817
110,0.7482095271947404,1.5181478159768238
111,0.7468971912367353,1.4254887308393205
112,0.7416532909476753,1.277800852911813
113,0.8535002733179033,1.6686979906899588
114,0.7482095271947404,1.4872688565935408
115,0.7468971912367353,1.394939739363534
116,0.7416532909476753,1.2641533715384348
117,0.7957160888745305,1.4535751649311608
118,0.7935676228352522,1.8126107352120533
119,0.7468971912367353,1.398837797982352
120,0.7416532909476753,1.3074266399656025
121,0.7957160888745305,1.4980626923697336
122,0.7935676228352522,1.9100610358374461
123,0.7468971912367353,1.4986365863255091
124,0.7416532909476753,1.2543079716818673
125,0.7957160888745305,1.4424002068383353
126,0.7874418791573194,1.547216303007943
127,0.7468971912367353,1.4221938950674875
128,0.7416532909476753,1.2865326268332344
129,0.7957160888745305,1.4792253017425536
130,0.7874418791573194,1.5534930433545793
131,0.7468971912367353,1.4265953370503015
132,0.7416532909476753,1.236288179670061
133,0.7957160888745305,1.4280847208840506
134,0.7482095271947404,1.3518961872373307
135,0.7468971912367353,1.2509133202689036
136,0.797187113006784,9.843908936636788
137,1.0297031038310152,10.641611422811236
138,0.8419056214437226,10.187062093189784
139,0.8405932854857174,10.186403904642377
140,0.797187113006784,10.070550080708095
141,0.8894121831235127,10.392288637161254
142,0.8487031038310151,10.720641234942844
143,0.8405932854857174,10.408617183140343
144,0.797187113006784,3.863985456739153
145,0.8894121831235127,4.176408042226519
146,0.8047683123743351,4.107122591563633
147,0.8405932854857174,4.049047994613647
148,0.7416532909476753,4.2976889235632765
149,0.974567622835252,5.1008942774363915
150,0.7874418791573194,4.636269882747105
151,0.7468971912367353,4.5103335414613985
152,0.797187113006784,4.592178341320583
153,1.0297031038310152,5.4520122970853535
154,0.8047683123743351,4.852201982906887
155,0.8405932854857174,4.794368876729694
156,0.797187113006784,4.394706903185163
157,1.0297031038310152,5.1772975819451466
158,0.8047683123743351,4.645646565301078
159,0.8405932854857174,4.598336468424116
160,0.797187113006784,20.73503738812038
161,1.0297031038310152,21.505637199538093
162,0.8419056214437226,21.08859686510904
163,0.8405932854857174,21.071901266915454
164,0.797187113006784,6.9718070915767125
165,1.0297031038310152,7.758667942455838
166,0.8419056214437226,7.282887707437787
167,0.8405932854857174,7.288314250537327
168,0.797187113006784,7.2941397292273376
169,0.870826706534919,7.6070332663399824
170,0.8487031038310151,7.8370677334921695
171,0.8405932854857174,7.527005866595679
172,0.797187113006784,4.593469228063311
173,0.870826706534919,4.89104266166687
174,0.8487031038310151,5.121296742984226
175,0.8405932854857174,4.795928406715394
176,0.797187113006784,1.3846254144396102
177,0.870826706534919,1.6502138512475149
178,0.8047683123743351,1.5256381886346
179,0.8405932854857174,1.542747940335955
180,0.797187113006784,1.7670560223715646
181,0.870826706534919,2.0538637467793057
182,0.8047683123743351,1.92141249861036
183,0.8405932854857174,1.8816095488412041
184,0.797187113006784,3.3137640408107214
185,0.870826706534919,3.6144920246941696
186,0.8419056214437226,3.544490851674761
187,0.8405932854857174,3.498750979559762
188,0.797187113006784,5.714282894134523
189,0.870826706534919,5.98457281589508
190,0.8419056214437226,5.97925980091095
191,0.8405932854857174,5.954361946242196
192,0.797187113006784,1.4179740565163748
193,0.870826706534919,1.663440070833479
194,0.8419056214437226,1.7034661395209176
195,0.8405932854857174,1.6679390260151454
196,0.797187113006784,1.5025592497416904
197,0.8894121831235127,1.8471210036958967
198,0.8487031038310151,2.1078200817108157
199,0.8405932854857174,1.7518972975867135
200,0.797187113006784,2.852578612736293
201,0.8894121831235127,3.1727239370346068
202,0.8487031038310151,3.4796650648117065
203,0.8405932854857174,3.147701580183847
204,0.797187113006784,3.8677964108330873
205,0.8894121831235127,4.185365281786237
206,0.8047683123743351,4.102695328848703
207,0.8405932854857174,4.061257181848799
208,0.797187113006784,6.222551298141481
209,0.8894121831235127,6.551890305110387
210,0.8047683123743351,6.487266571181161
211,0.8405932854857174,6.435372587612697
212,0.797187113006784,3.386577595983233
213,0.8894121831235127,3.7386252777917046
214,0.8047683123743351,3.670170637539455
215,0.8405932854857174,3.6328296831675937
216,0.797187113006784,1.4505182640893117
217,0.8894121831235127,1.8152784756251743
218,0.8419056214437226,1.7582484449659077
219,0.8405932854857174,1.7163760934557233
220,0.797187113006784,1.6012219190597534
221,0.8894121831235127,1.9402330466679163
222,0.8419056214437226,1.8821606533867967
223,0.8405932854857174,1.8531899894986836
224,0.797187113006784,1.4208577632904054
225,0.8894121831235127,1.7891265324183874
226,0.8419056214437226,1.7436105864388602
227,0.8405932854857174,1.7038026877811976
228,0.7416532909476753,1.2995035137448991
229,0.974567622835252,2.158617728097098
230,0.7874418791573194,1.6825519800186155
231,0.7468971912367353,1.5825235537120277
232,0.7416532909476753,1.314765214920044
233,0.974567622835252,2.1662888969693865
234,0.7874418791573194,1.6907678638185777
235,0.7468971912367353,1.5823988710130965
236,0.7416532909476753,1.2621329035077775
237,0.974567622835252,2.06913411957877
238,0.7482095271947404,1.4924663577760968
239,0.7468971912367353,1.3998847961425782
240,0.7416532909476753,1.282642088617597
241,0.974567622835252,2.108279722077506
242,0.7482095271947404,1.5457305806023731
243,0.7468971912367353,1.4522328444889614
244,0.7416532909476753,1.2847771780831474
245,0.8535002733179033,1.6264124291283744
246,0.7935676228352522,1.966703997339521
247,0.7468971912367353,1.5595108338764736
248,0.7416532909476753,1.2950571741376604
249,0.8535002733179033,1.6326570408684866
250,0.7935676228352522,1.968944675581796
251,0.7468971912367353,1.559705662727356
252,0.7416532909476753,1.272482170377459
253,0.8535002733179033,1.6588224172592163
254,0.7874418791573194,1.6475966215133666
255,0.7468971912367353,1.5341490745544433
256,0.7416532909476753,1.264974890436445
257,0.8535002733179033,1.6721926723207747
258,0.7874418791573194,1.6640196323394776
259,0.7468971912367353,1.5345541681562151
260,0.7416532909476753,1.329940002305167
261,0.8535002733179033,1.7114048276628766
262,0.7874418791573194,1.6822636604309082
263,0.7468971912367353,1.5701547282082693
264,0.7416532909476753,1.2529287883213591
265,0.8535002733179033,1.6349235023771014
266,0.7482095271947404,1.5321538346154349
267,0.7468971912367353,1.4386432511465892
268,0.7416532909476753,1.262346945490156
269,0.8535002733179033,1.5845935514995033
270,0.7482095271947404,1.481126482146127
271,0.7468971912367353,1.3876912253243583
272,0.7416532909476753,1.3334951707295009
273,0.8535002733179033,1.67072947706495
274,0.7482095271947404,1.5674103464399065
275,0.7468971912367353,1.4753242697034563
276,0.7416532909476753,1.2683906623295376
277,0.7957160888745305,1.462738960129874
278,0.7935676228352522,1.8215326036725723
279,0.7468971912367353,1.4089379344667707
280,0.7416532909476753,1.3052950075694494
281,0.7957160888745305,1.4986597606113978
282,0.7935676228352522,1.837021398544312
283,0.7468971912367353,1.4239463431494577
284,0.7416532909476753,1.2535795586449758
285,0.7957160888745305,1.4466873237064906
286,0.7874418791573194,1.5290310927799766
287,0.7468971912367353,1.4346006325313023
288,0.7416532909476753,1.2652165276663645
289,0.7957160888745305,1.4570568289075578
290,0.7874418791573194,1.4919760908399309
291,0.7468971912367353,1.3969896895544869
292,0.7416532909476753,1.2989544357572282
293,0.7957160888745305,1.4912059273038591
294,0.7874418791573194,1.5344668184007917
295,0.7468971912367353,1.4428398677280971
296,0.7416532909476753,1.276079787526812
297,0.7957160888745305,1.4699072871889387
298,0.7482095271947404,1.3946723086493356
299,0.7468971912367353,1.2927041121891567
300,0.7416532909476753,1.27216443334307
301,0.7957160888745305,1.4672291483197892
302,0.7482095271947404,1.3854130608694897
303,0.7468971912367353,1.288680042539324
304,0.797187113006784,1.9874433006559098
305,0.870826706534919,2.2758403709956583
306,0.8419056214437226,2.194674645151411
307,0.8405932854857174,2.173394363267081
308,0.7416532909476753,23.478931454249786
309,0.8535002733179033,23.84477680751256
310,0.7874418791573194,23.824983770506726
311,0.7468971912367353,23.694235392979213
312,0.797187113006784,13.140959909984044
313,1.0297031038310152,13.937493228912356
314,0.8047683123743351,13.440206401688714
315,0.8405932854857174,13.397941756248475
316,0.797187113006784,10.26525537967682
317,1.0297031038310152,11.06665164743151
318,0.8047683123743351,10.562575633185249
319,0.8405932854857174,10.509641374860491
320,0.797187113006784,30.32324378490448
321,1.0297031038310152,31.10285504886082
322,0.8419056214437226,30.67228845868792
323,0.8405932854857174,30.70409526143755
324,0.797187113006784,13.910965854781015
325,0.870826706534919,14.288459137507848
326,0.8487031038310151,14.460855569158282
327,0.8405932854857174,14.16505459717342
328,0.797187113006784,12.09414257662637
329,0.870826706534919,12.44207444190979
330,0.8487031038310151,12.65157710824694
331,0.8405932854857174,12.349238497870306
332,0.797187113006784,10.853010504586356
333,0.870826706534919,11.179789498874118
334,0.8419056214437226,11.07737308229719
335,0.8405932854857174,11.090994892801557
336,0.797187113006784,10.05656753608159
337,0.8894121831235127,10.373776027134486
338,0.8047683123743351,10.338654041290283
339,0.8405932854857174,10.304531247275216
340,0.797187113006784,16.465873633112224
341,0.8894121831235127,16.78740496635437
342,0.8419056214437226,16.811645170620512
343,0.8405932854857174,16.840435661588398
344,0.797187113006784,14.05672779083252
345,0.8894121831235127,14.375820793424332
346,0.8419056214437226,14.383120206424167
347,0.8405932854857174,14.402011517116001
348,0.7416532909476753,1.3210450989859446
349,0.8535002733179033,1.7716118165424892
350,0.7874418791573194,1.7010752303259713
351,0.7468971912367353,1.5560310500008718
352,0.7416532909476753,1.2455963850021363
353,0.8535002733179033,1.6922155891145978
354,0.7482095271947404,1.511582326889038
355,0.7468971912367353,1.4255873407636368
356,0.7416532909476753,1.3301688092095512
357,0.8535002733179033,1.7395474399839128
358,0.7482095271947404,1.5695182834352766
359,0.7468971912367353,1.4783497299466817
360,0.7416532909476753,1.2788113457815988
361,0.7957160888745305,1.4660813433783395
362,0.7874418791573194,1.6090198653084888
363,0.7468971912367353,1.477647965294974
364,0.7416532909476753,1.2810515914644514
365,0.7957160888745305,1.4730787617819652
366,0.7874418791573194,1.5190434115273612
367,0.7468971912367353,1.3952595812933786
368,0.7416532909476753,1.2464947632380894
369,0.7957160888745305,1.4399099724633353
370,0.7482095271947404,1.3579549551010133
371,0.7468971912367353,1.2634401934487478
372,0.797187113006784,2.153779237610953
373,0.870826706534919,2.468489684377398
374,0.8047683123743351,2.3215766259602137
375,0.8405932854857174,2.2736373833247594
376,0.797187113006784,7.6397135734558095
377,0.870826706534919,7.965952481542315
378,0.8419056214437226,7.852609440258571
379,0.8405932854857174,7.857852567945208
380,0.797187113006784,4.530048918724059
381,0.870826706534919,4.849147578648158
382,0.8419056214437226,4.74105943271092
383,0.8405932854857174,4.741974088123866
384,0.797187113006784,9.288219996861047
385,0.8894121831235127,9.599719899041313
386,0.8047683123743351,9.558034317834037
387,0.8405932854857174,9.529695643697464
388,0.797187113006784,3.3113884925842285
389,0.8894121831235127,3.6084349121366235
390,0.8047683123743351,3.5641206707273216
391,0.8405932854857174,3.5117100136620656
392,0.797187113006784,13.802614109856744
393,0.8894121831235127,14.12365027836391
394,0.8419056214437226,14.135292908123562
395,0.8405932854857174,14.149118515423364
396,0.7416532909476753,1.2831398248672483
397,0.8535002733179033,1.753558427946908
398,0.7874418791573194,1.7252658435276575
399,0.7468971912367353,1.5806830951145716
400,0.7416532909476753,1.3375332798276631
401,0.8535002733179033,1.7676978928702218
402,0.7874418791573194,1.7157287359237672
403,0.7468971912367353,1.5799320834023611
404,0.7416532909476753,1.259079613004412
405,0.8535002733179033,1.6999826771872384
406,0.7482095271947404,1.5448398692267282
407,0.7468971912367353,1.4449875150408065
408,0.7416532909476753,1.2490294218063354
409,0.7957160888745305,1.463057834761483
410,0.7874418791573194,1.5566380364554269
411,0.7468971912367353,1.4366962841578892
412,0.797187113006784,1.4602659021105084
413,0.870826706534919,1.7280606678553994
414,0.8047683123743351,1.601686521938869
415,0.8405932854857174,1.5920143604278565
416,0.797187113006784,5.579437412534442
417,0.870826706534919,5.848657209532602
418,0.8419056214437226,5.812432343619211
419,0.8405932854857174,5.822548069272723
420,0.797187113006784,5.156589627265929
421,0.8894121831235127,5.473654096467153
422,0.8047683123743351,5.408566907473973
423,0.8405932854857174,5.379391642979213
424,0.7416532909476753,16.226362197739736
425,0.8535002733179033,16.649772684914726
426,0.7874418791573194,16.637334438732697
427,0.7468971912367353,16.529539939335415
428,0.797187113006784,2.1131909302302767
429,0.870826706534919,2.415960250582014
430,0.8047683123743351,2.2580269268580846
431,0.8405932854857174,2.237626988547189
432,0.797187113006784,3.4033451148441864
433,0.870826706534919,3.7232211964471
434,0.8047683123743351,3.554526233673096
435,0.8405932854857174,3.5244643926620483
436,0.797187113006784,11.157202887535096
437,0.870826706534919,11.495824476650784
438,0.8419056214437226,11.3796446119036
439,0.8405932854857174,11.397004856382095
440,0.797187113006784,11.160093327930996
441,0.8894121831235127,11.492503557886396
442,0.8047683123743351,11.437025131498064
443,0.8405932854857174,11.399316988672528
444,0.7416532909476753,1.2983632973262242
445,0.8535002733179033,1.6719379152570453
446,0.7874418791573194,1.642105439731053
447,0.7468971912367353,1.5211490733282906
448,0.797187113006784,6.017973504747663
449,0.870826706534919,6.339254760742188
450,0.8047683123743351,6.1830086197171905
451,0.8405932854857174,6.159028932026454
452,0.797187113006784,3.8882395676204133
453,0.870826706534919,4.147939504895891
454,0.8047683123743351,4.028997186252049
455,0.8405932854857174,4.01988764830998
456,0.797187113006784,2.132883814402989
457,0.870826706534919,2.449539501326425
458,0.8047683123743351,2.292715450695583
459,0.8405932854857174,2.23925518989563
460,0.797187113006784,7.162372837747848
461,0.870826706534919,7.472250485420227
462,0.8419056214437226,7.387214415413992
463,0.8405932854857174,7.402764419146948
464,0.797187113006784,4.266629300798688
465,0.870826706534919,4.5643146276474
466,0.8419056214437226,4.4780951091221395
467,0.8405932854857174,4.474235013553074
468,0.797187113006784,6.780553753035409
469,0.8894121831235127,7.1287986823490685
470,0.8047683123743351,7.0505138567515795
471,0.8405932854857174,7.015304391724722
472,0.797187113006784,2.3929841824940272
473,0.8894121831235127,2.681867895807539
474,0.8047683123743351,2.6351110730852403
475,0.8405932854857174,2.5682103293282643
476,0.797187113006784,9.909020018577575
477,0.8894121831235127,10.217293187550137
478,0.8419056214437226,10.224018308094571
479,0.8405932854857174,10.23523086139134
480,0.7416532909476753,1.2799293415887014
481,0.8535002733179033,1.6737778323037285
482,0.7874418791573194,1.6476119892937795
483,0.7468971912367353,1.524461017336164
484,0.7416532909476753,1.3549179860523768
485,0.8535002733179033,1.7721117530550277
486,0.7874418791573194,1.7026235103607177
487,0.7468971912367353,1.5887698786599296
488,0.7416532909476753,1.2788071428026473
489,0.8535002733179033,1.7735717705317906
490,0.7482095271947404,1.6223897865840369
491,0.7468971912367353,1.516695513044085
492,0.7416532909476753,1.263432373319353
493,0.7957160888745305,1.4648429223469326
494,0.7874418791573194,1.5218472344534737
495,0.7468971912367353,1.409574886730739
496,0.7416532909476753,1.3934630768639698
497,0.974567622835252,2.234153928075518
498,0.7482095271947404,1.6409693309238982
499,0.7468971912367353,1.5486970969608849
500,0.7416532909476753,1.2976364885057723
501,0.7957160888745305,1.4908198731286184
502,0.7935676228352522,1.846069734437125
503,0.7468971912367353,1.4338622399738856
504,0.7416532909476753,1.2379357065473284
505,0.7957160888745305,1.4303088392530168
506,0.7482095271947404,1.3452123267310006
507,0.7468971912367353,1.2533614533288138
508,0.797187113006784,14.477118744168964
509,1.0297031038310152,15.283253901345391
510,0.8419056214437226,14.819516706466676
511,0.8405932854857174,14.838805382592335
512,0.797187113006784,18.910220088277548
513,0.8894121831235127,19.235375026294165
514,0.8487031038310151,19.601670377595084
515,0.8405932854857174,19.3153569153377
516,0.797187113006784,13.769822999409266
517,0.8894121831235127,14.080370920045034
518,0.8419056214437226,14.106426709038873
519,0.8405932854857174,14.131347727775571
520,0.7416532909476753,2.0390810694013317
521,0.974567622835252,2.912817018372672
522,0.7874418791573194,2.4578358548028127
523,0.7468971912367353,2.3262742110661097
524,0.7416532909476753,1.246024411065238
525,0.974567622835252,2.030700043269566
526,0.7482095271947404,1.4728634459631784
527,0.7468971912367353,1.3729603563036237
528,0.7416532909476753,1.3144296101161412
529,0.8535002733179033,1.7780396733965194
530,0.7935676228352522,1.9834787879671372
531,0.7468971912367353,1.5722410576684134
532,0.7416532909476753,1.2559453521456037
533,0.8535002733179033,1.6941201107842578
534,0.7482095271947404,1.5191318614142282
535,0.7468971912367353,1.4168088470186506
536,0.7416532909476753,1.2455108301980156
537,0.7957160888745305,1.4462670292173112
538,0.7935676228352522,1.81588579586574
539,0.7468971912367353,1.410357277733939
540,0.7416532909476753,1.252455885069711
541,0.7957160888745305,1.4530274459293908
542,0.7874418791573194,1.6035186801637922
543,0.7468971912367353,1.4761072908129012
544,0.797187113006784,6.320697716304233
545,1.0297031038310152,7.145113222939629
546,0.8047683123743351,6.585298810686384
547,0.8405932854857174,6.551783742223468
548,0.797187113006784,11.328115102222988
549,1.0297031038310152,12.128855299949644
550,0.8419056214437226,11.672361121858868
551,0.8405932854857174,11.673796153068542
552,0.797187113006784,3.778472399711609
553,0.870826706534919,4.064296323912484
554,0.8487031038310151,4.305499230112348
555,0.8405932854857174,3.9714085033961695
556,0.797187113006784,2.9817081928253173
557,0.870826706534919,3.2755610125405448
558,0.8419056214437226,3.1961872066770285
559,0.8405932854857174,3.1639437845775062
560,0.797187113006784,11.364726560456411
561,0.8894121831235127,11.694227933883667
562,0.8487031038310151,12.025135183334351
563,0.8405932854857174,11.717789087976728
564,0.797187113006784,3.60240341254643
565,0.8894121831235127,3.916280855451312
566,0.8047683123743351,3.853009131976537
567,0.8405932854857174,3.799402328899928
568,0.7416532909476753,4.4701116766248425
569,0.974567622835252,5.278907758849008
570,0.7874418791573194,4.812149146624973
571,0.7468971912367353,4.686123834337507
572,0.7416532909476753,4.439713934489659
573,0.8535002733179033,4.834729630606515
574,0.7935676228352522,5.069878370421273
575,0.7468971912367353,4.6544507265090935
576,0.7416532909476753,3.0998906305858065
577,0.8535002733179033,3.483016668047224
578,0.7874418791573194,3.4472945281437464
579,0.7468971912367353,3.310553816386632
580,0.797187113006784,6.070798942020963
581,1.0297031038310152,6.860089101110186
582,0.8047683123743351,6.340796095984322
583,0.8405932854857174,6.298614069393701
584,0.797187113006784,8.124880627223424
585,0.870826706534919,8.433495235443115
586,0.8487031038310151,8.67985053403037
587,0.8405932854857174,8.37605425289699
588,0.797187113006784,2.339599745614188
589,0.870826706534919,2.654424299512591
590,0.8047683123743351,2.4940508535930093
591,0.8405932854857174,2.446144005230495
592,0.797187113006784,1.42916579246521
593,0.870826706534919,1.7334066459110804
594,0.8047683123743351,1.578997564315796
595,0.8405932854857174,1.5727502346038815
596,0.797187113006784,8.686232570239477
597,0.870826706534919,8.981682171140399
598,0.8419056214437226,8.914730286598205
599,0.8405932854857174,8.936387988499233
600,0.797187113006784,5.5228982346398485
601,0.8894121831235127,5.819484288351878
602,0.8047683123743351,5.775429405484881
603,0.8405932854857174,5.738772484234401
604,0.7416532909476753,1.3725835595812117
605,0.8535002733179033,1.8009644201823642
606,0.7874418791573194,1.7573653561728342
607,0.7468971912367353,1.6378048283713205
608,0.797187113006784,1.612050073487418
609,0.870826706534919,1.8904769931520733
610,0.8047683123743351,1.7626847778047834
611,0.8405932854857174,1.731047098977225
612,0.797187113006784,15.227739088875909
613,1.0297031038310152,16.026712223461693
614,0.8047683123743351,15.525110524041311
615,0.8405932854857174,15.479457916532244
616,0.797187113006784,21.53759013584682
617,1.0297031038310152,22.34694858619145
618,0.8419056214437226,21.890724318368093
619,0.8405932854857174,21.913485653059826
620,0.797187113006784,15.394558743068151
621,0.870826706534919,15.756597835677011
622,0.8487031038310151,15.945674719129288
623,0.8405932854857174,15.653171447345187
624,0.797187113006784,16.45705774852208
625,0.870826706534919,16.823618446077617
626,0.8419056214437226,16.68917020048414
627,0.8405932854857174,16.721645280293053
628,0.797187113006784,25.07600630351475
629,0.8894121831235127,25.399040535518104
630,0.8487031038310151,25.777704089028486
631,0.8405932854857174,25.48056211471557
632,0.797187113006784,15.672350324903213
633,0.8894121831235127,15.98641813482557
634,0.8047683123743351,15.974995132855007
635,0.8405932854857174,15.931399072919572
636,0.7416532909476753,1.3070661204201834
637,0.974567622835252,2.11810816356114
638,0.7874418791573194,1.7114381279264177
639,0.7468971912367353,1.5558043071201866
640,0.7416532909476753,1.3380077634538925
641,0.8535002733179033,1.849178242683411
642,0.7935676228352522,2.036001985413688
643,0.7468971912367353,1.6255473954336983
644,0.7416532909476753,1.3320309570857456
645,0.8535002733179033,1.8559812750135147
646,0.7874418791573194,1.790562963485718
647,0.7468971912367353,1.6255015509469168
648,0.797187113006784,14.768952383313858
649,1.0297031038310152,15.577803676468985
650,0.8047683123743351,15.083673994881766
651,0.8405932854857174,15.031744347299847
652,0.797187113006784,15.875328496524267
653,0.870826706534919,16.253244260379248
654,0.8487031038310151,16.439057724816458
655,0.8405932854857174,16.138027095794676
656,0.797187113006784,6.825089945111957
657,0.870826706534919,7.174165412357875
658,0.8047683123743351,7.0128122942788265
659,0.8405932854857174,6.950942781993321
660,0.19748302226916545,5.463504597118923
661,0.5403754973836548,38.13682933875493
662,0.3221519472899225,5.922157127516611
663,0.6133267115385518,38.23587925093515
664,0.19748302226916545,5.4351307834897735
665,0.5403754973836548,37.586215015820095
666,0.3221519472899225,5.891553112438746
667,0.6133267115385518,37.68336216381618
668,0.19748302226916545,5.340608583177839
669,0.5403754973836548,30.475872707366943
670,0.3221519472899225,25.71653386524745
671,0.6133267115385518,35.773128141675684
672,0.19748302226916545,5.274361712591989
673,0.5403754973836548,23.899842684609553
674,0.3221519472899225,56.593515665190566
675,0.6133267115385518,39.132593042509896
676,0.19748302226916545,4.310421572412763
677,0.5403754973836548,27.01018376691001
678,0.3221519472899225,4.663358347756522
679,0.6133267115385518,27.088362087522235
680,0.19748302226916545,4.604188176563809
681,0.5403754973836548,21.598563834599084
682,0.3221519472899225,119.82458177634649
683,0.6133267115385518,95.4998245375497
684,0.19748302226916545,4.579188908849443
685,0.5403754973836548,26.926350467545646
686,0.2873025807731475,4.870060106686184
687,0.6133267115385518,27.021663509096413
688,0.19748302226916545,5.43914738382612
689,0.5403754973836548,22.91535704135895
690,0.2873025807731475,5.762974960463388
691,0.6133267115385518,22.992840347971235
692,0.19748302226916545,69.07689688205718
693,0.5403754973836548,26.992355394363408
694,0.2623946435723883,70.38699412005288
695,0.6133267115385518,47.50005362374442
696,0.19748302226916545,5.846159836224147
697,0.5403754973836548,23.38371161392757
698,0.2623946435723883,6.556475676809039
699,0.6133267115385518,23.48049308572497
700,0.19748302226916545,41.604881484167926
701,0.5403754973836548,26.247577513967236
702,0.2623946435723883,42.393122046334405
703,0.6133267115385518,32.64227429458073
704,0.19748302226916545,6.17843815939767
705,0.5403754973836548,20.44743495668684
706,0.2623946435723883,6.9285290105002275
707,0.6133267115385518,20.52335242203304
708,0.19748302226916545,5.257469235147749
709,0.3980462886388631,13.910291351590836
710,0.3221519472899225,112.9320947783334
711,0.4710258193474852,39.03480263778142
712,0.08954595805581307,0.3466966254370553
713,0.5403754973836548,28.962346039499554
714,0.43012053927858895,97.56820070062365
715,0.6133267115385518,83.71609894888742
716,0.08954595805581307,0.3068872043064663
717,0.5403754973836548,26.029293710844854
718,0.43012053927858895,15.40739996433258
719,0.6133267115385518,26.12765093190329
720,0.08954595805581307,0.24612679140908375
721,0.5403754973836548,26.83580190454211
722,0.43012053927858895,121.13875379221778
723,0.6133267115385518,85.3850432566234
724,0.08954595805581307,0.26164366177150183
725,0.5403754973836548,22.35472767353058
726,0.43012053927858895,15.950580978393555
727,0.6133267115385518,22.43345034803663
728,0.08954595805581307,0.2500387702669416
729,0.5403754973836548,21.4998282126018
730,0.43012053927858895,61.84546943051475
731,0.6133267115385518,31.868944253240308
732,0.08954595805581307,0.247092992918832
733,0.5403754973836548,24.968990847042626
734,0.43012053927858895,15.097456656183514
735,0.6133267115385518,25.04870912688119
736,0.08954595805581307,0.3387604168483189
737,0.5403754973836548,37.17137932777405
738,0.21368796213848584,1.8289723736899242
739,0.6133267115385518,37.266563194138655
740,0.08954595805581307,0.2984577008656093
741,0.5403754973836548,32.73584736415318
742,0.21368796213848584,61.51404038837978
743,0.6133267115385518,48.17666552407401
744,0.08954595805581307,0.2850085394723075
745,0.5403754973836548,31.690822768211365
746,0.21368796213848584,51.58809154714857
747,0.6133267115385518,56.9498494046075
748,0.08954595805581307,0.2877787930624825
749,0.5403754973836548,34.28516584123884
750,0.21368796213848584,54.28200806890215
751,0.6133267115385518,38.85582999842507
752,0.08954595805581307,0.2763890096119472
753,0.5403754973836548,25.144963526725768
754,0.21368796213848584,21.859713707651405
755,0.6133267115385518,41.93241109166826
756,0.08954595805581307,0.2527020829064505
757,0.5403754973836548,25.018693590164183
758,0.21368796213848584,67.85622741494859
759,0.6133267115385518,58.99493791716439
760,0.08954595805581307,0.21950924396514893
761,0.5403754973836548,21.15778714929308
762,0.21368796213848584,50.92393614905221
763,0.6133267115385518,38.5732861995697
764,0.08954595805581307,0.2921557153974261
765,0.5403754973836548,27.766334659712648
766,0.21368796213848584,6.130677669388907
767,0.6133267115385518,29.129832519803728
768,0.08954595805581307,0.2906267949513027
769,0.5403754973836548,27.990027621814185
770,0.21368796213848584,1.3293816055570329
771,0.6133267115385518,45.69192231382642
772,0.08954595805581307,0.29680769102913995
773,0.5403754973836548,28.520263314247128
774,0.21368796213848584,1.366906476020813
775,0.6133267115385518,49.34257787976946
776,0.08954595805581307,0.2551710980279105
777,0.5403754973836548,24.48421953405653
778,0.21368796213848584,76.78568433352879
779,0.6133267115385518,51.020549331392566
780,0.08954595805581307,0.2233412538255964
781,0.5403754973836548,21.0682404756546
782,0.21368796213848584,53.85117997441973
783,0.6133267115385518,57.63749225139618
784,0.08954595805581307,0.2427873883928572
785,0.5403754973836548,23.96089129447937
786,0.21368796213848584,37.75192283562252
787,0.6133267115385518,30.166969874926977
788,0.08954595805581307,0.269992927142552
789,0.5403754973836548,27.19751764365605
790,0.21368796213848584,21.75975777421679
791,0.6133267115385518,29.81818244797843
792,0.08954595805581307,0.2761684485844204
793,0.5403754973836548,25.79342116968972
794,0.21368796213848584,0.859947201183864
795,0.6133267115385518,26.30708510535104
796,0.08954595805581307,0.32013826370239257
797,0.5403754973836548,27.91569039140429
798,0.17936738180613224,0.6291950736727033
799,0.6133267115385518,28.00984459604536
800,0.08954595805581307,0.34365509578159875
801,0.5403754973836548,27.160264747483392
802,0.17936738180613224,0.6746154819216047
803,0.6133267115385518,27.25654924937657
804,0.08954595805581307,0.3024139165878296
805,0.5403754973836548,26.899004193714692
806,0.17936738180613224,0.6355792794908796
807,0.6133267115385518,26.991273481505257
808,0.08954595805581307,0.2364365100860596
809,0.5403754973836548,21.601229088647024
810,0.17936738180613224,1.1416740996497021
811,0.6133267115385518,21.67793068545205
812,0.08954595805581307,0.2714824335915701
813,0.5403754973836548,24.919304650170464
814,0.15243655552115612,2.663816615513393
815,0.6133267115385518,25.010576707976213
816,0.08954595805581307,0.33326761722564696
817,0.5403754973836548,25.18114469391959
818,0.15243655552115612,2.6756131546837945
819,0.6133267115385518,25.275005871909013
820,0.08954595805581307,0.23666008540562225
821,0.5403754973836548,23.28031281403133
822,0.15243655552115612,2.8075648341860093
823,0.6133267115385518,23.371328510556907
824,0.08954595805581307,0.3074176583971296
825,0.5403754973836548,23.684576293400355
826,0.15243655552115612,2.7000236988067625
827,0.6133267115385518,23.779857301712035
828,0.08954595805581307,0.359617577280317
829,0.5403754973836548,28.201225355693268
830,0.15243655552115612,2.694598637308393
831,0.6133267115385518,28.29691794259207
832,0.08954595805581307,0.37137725012643
833,0.5403754973836548,25.138114987100874
834,0.15243655552115612,2.550185649735587
835,0.6133267115385518,25.23635885034289
836,0.08954595805581307,54.681198627608154
837,0.5403754973836548,24.008077597618108
838,0.15243655552115612,59.12777187143053
839,0.6133267115385518,39.6181097814015
840,0.08954595805581307,29.24291434969221
841,0.5403754973836548,26.39666678224291
842,0.15243655552115612,38.99038466385433
843,0.6133267115385518,31.617327693530488
844,0.08954595805581307,0.3596406970705305
845,0.5403754973836548,25.619642278126307
846,0.15243655552115612,2.585080919946943
847,0.6133267115385518,50.7195141179221
848,0.08954595805581307,0.3845957040786743
849,0.5403754973836548,29.20100275107793
850,0.15243655552115612,2.9406606708254133
851,0.6133267115385518,62.189459283011296
852,0.08954595805581307,70.79332835333688
853,0.5403754973836548,25.56121249539511
854,0.15243655552115612,74.64680003438677
855,0.6133267115385518,75.35150235039848
856,0.08954595805581307,79.52334742205484
857,0.5403754973836548,22.557891310964308
858,0.15243655552115612,83.57790275982448
859,0.6133267115385518,71.97175373690469
860,0.08954595805581307,40.2933125938688
861,0.5403754973836548,21.220655025754656
862,0.15243655552115612,48.369218618529175
863,0.6133267115385518,49.95802005359105
864,0.08954595805581307,16.95710963862283
865,0.5403754973836548,23.362138363293237
866,0.15243655552115612,26.138982813698906
867,0.6133267115385518,31.357330148560663
868,0.08954595805581307,0.36769745690482
869,0.5403754973836548,27.80315465927124
870,0.15243655552115612,4.4758246932710914
871,0.6133267115385518,35.94040063449315
872,0.08954595805581307,3.2639060361044754
873,0.5403754973836548,24.976301264762878
874,0.15243655552115612,5.840947144372122
875,0.6133267115385518,52.744387085097166
876,0.08954595805581307,118.83492619310108
877,0.5403754973836548,20.90059235777174
878,0.15243655552115612,124.12768403121405
879,0.6133267115385518,77.24219294616155
880,0.08954595805581307,76.95215552534376
881,0.5403754973836548,24.398988369532994
882,0.15243655552115612,80.85995375428881
883,0.6133267115385518,83.31912450790405
884,0.08954595805581307,72.85973728043693
885,0.5403754973836548,21.039488564218797
886,0.15243655552115612,82.04440151623317
887,0.6133267115385518,71.18342896870205
888,0.08954595805581307,63.860739517211904
889,0.5403754973836548,18.595593946320673
890,0.15243655552115612,74.96437185832433
891,0.6133267115385518,35.4252672127315
892,0.08954595805581307,41.711850210598534
893,0.5403754973836548,16.740479738371715
894,0.15243655552115612,54.13680730206626
895,0.6133267115385518,29.001800070490155
896,0.08954595805581307,0.2763385500226702
897,0.5403754973836548,19.519175556727816
898,0.15243655552115612,2.5447435174669537
899,0.6133267115385518,25.256362410954072
900,0.08954595805581307,21.719022481782094
901,0.5403754973836548,17.561967819077626
902,0.15243655552115612,23.840877689634052
903,0.6133267115385518,55.88894871303013
904,0.08954595805581307,72.61836511066981
905,0.5403754973836548,18.841200143950328
906,0.15243655552115612,81.13292323180606
907,0.6133267115385518,54.16906336716243
908,0.08954595805581307,49.911424960408894
909,0.5403754973836548,16.487900311606268
910,0.15243655552115612,61.17405692168644
911,0.6133267115385518,38.038232244764046
912,0.08954595805581307,9.055713387898038
913,0.5403754973836548,18.80879443713597
914,0.15243655552115612,20.668565372058325
915,0.6133267115385518,22.502065185138157
916,0.08954595805581307,0.3039310591561454
917,0.5403754973836548,24.728037854603357
918,0.15243655552115612,2.9266440936497284
919,0.6133267115385518,37.462898632458284
920,0.08954595805581307,0.26565273829868863
921,0.5403754973836548,21.22505441052573
922,0.15243655552115612,2.794458338192531
923,0.6133267115385518,39.372846773692544
924,0.08954595805581307,83.21026309898922
925,0.5403754973836548,16.63979902948652
926,0.15243655552115612,89.49321468217032
927,0.6133267115385518,66.12558223860604
928,0.08954595805581307,59.00110870429448
929,0.5403754973836548,19.945738465445388
930,0.15243655552115612,65.00223495279039
931,0.6133267115385518,67.70899315561567
932,0.08954595805581307,62.089121208872115
933,0.5403754973836548,17.900041498456684
934,0.15243655552115612,70.175999382564
935,0.6133267115385518,54.05481826918466
936,0.08954595805581307,12.691531487873624
937,0.5403754973836548,18.793874073028565
938,0.15243655552115612,24.212751943724488
939,0.6133267115385518,22.360000487736293
940,0.08954595805581307,0.24439895493643626
941,0.5403754973836548,17.757284814970838
942,0.15243655552115612,2.5253454889569964
943,0.6133267115385518,21.152888464927674
944,0.08954595805581307,41.388181379863184
945,0.5403754973836548,17.604204508236478
946,0.15243655552115612,44.742012228284565
947,0.6133267115385518,47.391744906561705
948,0.08954595805581307,78.18031072275978
949,0.5403754973836548,18.394037951741897
950,0.15243655552115612,82.49157458714078
951,0.6133267115385518,89.95296555587223
952,0.08954595805581307,52.11173770427704
953,0.5403754973836548,17.701033125604898
954,0.15243655552115612,56.94298035757882
955,0.6133267115385518,73.98476604393552
956,0.08954595805581307,47.49116312776293
957,0.5403754973836548,16.063989302090235
958,0.15243655552115612,58.80855564730508
959,0.6133267115385518,40.320970981461656
960,0.08954595805581307,17.048447094644818
961,0.5403754973836548,20.241543793678282
962,0.15243655552115612,25.492857497079033
963,0.6133267115385518,31.96367597239358
964,0.08954595805581307,0.3275325468608311
965,0.3980462886388631,15.054889467784335
966,0.43012053927858895,74.19754498345512
967,0.4710258193474852,44.43794620037079
968,0.08954595805581307,0.455973093850272
969,0.3980462886388631,28.40349962370736
970,0.43012053927858895,25.151032049315315
971,0.4710258193474852,28.50465493202209
972,0.08954595805581307,0.2821464742933001
973,0.3980462886388631,12.50574208327702
974,0.21368796213848584,1.4038357904979162
975,0.4710258193474852,12.587493545668464
976,0.08954595805581307,0.3360314573560442
977,0.3980462886388631,12.392197111674713
978,0.21368796213848584,1.046514678001404
979,0.4710258193474852,12.46966770717076
980,0.08954595805581307,0.5428359815052577
981,0.3980462886388631,26.69961089406695
982,0.21368796213848584,4.564054928507123
983,0.4710258193474852,26.78316923209599
984,0.08954595805581307,0.3648623262132917
985,0.3980462886388631,12.881992428643365
986,0.21368796213848584,3.502528520992824
987,0.4710258193474852,12.962783030101232
988,0.08954595805581307,0.3659449883869716
989,0.3980462886388631,13.364693692752294
990,0.21368796213848584,1.6258661338261196
991,0.4710258193474852,13.445003455025807
992,0.19748302226916545,5.050936010905675
993,0.5403754973836548,33.53479549884796
994,0.3221519472899225,5.5202691418784005
995,0.6133267115385518,33.62925064904349
996,0.19748302226916545,5.1915624073573525
997,0.5403754973836548,34.808092209271024
998,0.3221519472899225,5.622439854485649
999,0.6133267115385518,34.904968690872195
1000,0.19748302226916545,4.613898863111222
1001,0.5403754973836548,35.759592890739434
1002,0.3221519472899225,5.067962745257787
1003,0.6133267115385518,35.854133340290616
1004,0.19748302226916545,5.326380814824786
1005,0.5403754973836548,33.933733919688635
1006,0.3221519472899225,5.745573656899588
1007,0.6133267115385518,34.0289655991963
1008,0.19748302226916545,4.52623096534184
1009,0.5403754973836548,28.127725734029497
1010,0.3221519472899225,4.906725239753722
1011,0.6133267115385518,28.205845131192888
1012,0.19748302226916545,4.6264157261167265
1013,0.5403754973836548,30.99500048501151
1014,0.3221519472899225,5.050338469232831
1015,0.6133267115385518,31.074888825416565
1016,0.19748302226916545,4.779931654248919
1017,0.5403754973836548,28.384449526241852
1018,0.3221519472899225,5.149019483157566
1019,0.6133267115385518,28.46397597108568
1020,0.19748302226916545,4.755258086749485
1021,0.5403754973836548,28.00281744343894
1022,0.3221519472899225,5.1441150631223405
1023,0.6133267115385518,28.080411342212127
1024,0.19748302226916545,4.030263372829983
1025,0.5403754973836548,27.89870932102203
1026,0.3221519472899225,4.376841044425964
1027,0.6133267115385518,27.97748883111136
1028,0.19748302226916545,4.48549986566816
1029,0.5403754973836548,30.14285225868225
1030,0.3221519472899225,4.867157881600517
1031,0.6133267115385518,30.22084934711456
1032,0.19748302226916545,5.32233122076307
1033,0.5403754973836548,37.56020363398961
1034,0.3221519472899225,5.737279343605041
1035,0.6133267115385518,37.655448072297226
1036,0.19748302226916545,5.7975032976695475
1037,0.5403754973836548,38.57800100190299
1038,0.3221519472899225,6.242234121050153
1039,0.6133267115385518,38.67446901798248
1040,0.19748302226916545,4.246282236916678
1041,0.5403754973836548,36.657576114790785
1042,0.3221519472899225,4.654189382280622
1043,0.6133267115385518,36.75304851191385
1044,0.19748302226916545,5.068392648015704
1045,0.5403754973836548,37.028415628841955
1046,0.3221519472899225,5.517476742608206
1047,0.6133267115385518,37.12579919951303
1048,0.19748302226916545,5.4542062282562265
1049,0.5403754973836548,35.28598183223179
1050,0.3221519472899225,5.844615878377643
1051,0.6133267115385518,35.3802173103605
1052,0.19748302226916545,4.652886666570391
1053,0.5403754973836548,37.670332833698815
1054,0.3221519472899225,5.0696731976100375
1055,0.6133267115385518,37.76879940714155
1056,0.19748302226916545,5.089260462352208
1057,0.5403754973836548,28.580448426519126
1058,0.3221519472899225,5.510980016844614
1059,0.6133267115385518,28.65881654875619
1060,0.19748302226916545,4.407305209977286
1061,0.5403754973836548,27.168157359531946
1062,0.3221519472899225,4.76499000958034
1063,0.6133267115385518,27.244653875487188
1064,0.19748302226916545,4.373557100977217
1065,0.5403754973836548,29.41033929075514
1066,0.3221519472899225,4.753074577876499
1067,0.6133267115385518,29.48940123830523
1068,0.19748302226916545,4.898868870735169
1069,0.5403754973836548,27.556140024321422
1070,0.3221519472899225,5.304914975166321
1071,0.6133267115385518,27.63347184317453
1072,0.19748302226916545,4.638404713358199
1073,0.5403754973836548,31.566410401889254
1074,0.2873025807731475,4.926574679783412
1075,0.6133267115385518,31.663437972749986
1076,0.19748302226916545,4.978969904354639
1077,0.5403754973836548,32.364825824328825
1078,0.2873025807731475,5.269516801834106
1079,0.6133267115385518,32.46437756334032
1080,0.19748302226916545,4.588498558316912
1081,0.5403754973836548,31.90853490148272
1082,0.2873025807731475,4.868182155064174
1083,0.6133267115385518,32.00448850222996
1084,0.19748302226916545,4.8371377502168915
1085,0.5403754973836548,22.574354127475196
1086,0.2873025807731475,5.1647432974406655
1087,0.6133267115385518,22.6505665745054
1088,0.19748302226916545,4.667910122871398
1089,0.5403754973836548,28.478403036934985
1090,0.2873025807731475,4.944537915502276
1091,0.6133267115385518,28.56968039103917
1092,0.19748302226916545,4.603708941595895
1093,0.3980462886388631,15.033287869180954
1094,0.3221519472899225,5.016092440060207
1095,0.4710258193474852,15.123671242168973
1096,0.19748302226916545,4.807803297042847
1097,0.3980462886388631,14.299763860021319
1098,0.3221519472899225,5.241898049627031
1099,0.4710258193474852,14.376653276171005
1100,0.19748302226916545,4.413106564113072
1101,0.3980462886388631,13.996029731205532
1102,0.3221519472899225,4.8341667209352766
1103,0.4710258193474852,14.074813968794684
1104,0.19748302226916545,5.4542361974716185
1105,0.3980462886388631,15.782112145423891
1106,0.3221519472899225,5.807569810322352
1107,0.4710258193474852,15.878488482747759
1108,0.19748302226916545,4.8933266639709485
1109,0.3980462886388631,14.368914365768433
1110,0.3221519472899225,5.290387225151061
1111,0.4710258193474852,14.448007048879349
1112,0.19748302226916545,4.478599095344544
1113,0.3980462886388631,16.307103429521835
1114,0.2873025807731475,4.759185985156468
1115,0.4710258193474852,16.384128522872924
1116,0.08954595805581307,0.36068380219595775
1117,0.5403754973836548,30.000458819525583
1118,0.43012053927858895,10.695294063431877
1119,0.6133267115385518,30.099433854648048
1120,0.08954595805581307,0.3333255290985108
1121,0.5403754973836548,30.134747777666373
1122,0.43012053927858895,10.822550296783447
1123,0.6133267115385518,30.233359830720087
1124,0.08954595805581307,0.32472921439579555
1125,0.5403754973836548,26.516062358447485
1126,0.43012053927858895,10.535483254705156
1127,0.6133267115385518,26.614830207824703
1128,0.08954595805581307,0.3331500496183123
1129,0.5403754973836548,28.066328310966487
1130,0.43012053927858895,10.028182653018408
1131,0.6133267115385518,28.16514956269945
1132,0.08954595805581307,0.30073438031332833
1133,0.5403754973836548,25.4850485427039
1134,0.43012053927858895,11.044253202847074
1135,0.6133267115385518,25.58526565347399
1136,0.08954595805581307,0.31516690594809393
1137,0.5403754973836548,27.265719192368646
1138,0.43012053927858895,11.118415127481732
1139,0.6133267115385518,27.36686412266323
1140,0.08954595805581307,0.25064557279859273
1141,0.5403754973836548,23.89363437380109
1142,0.43012053927858895,12.108703671182905
1143,0.6133267115385518,23.97397221497127
1144,0.08954595805581307,0.2352942602975028
1145,0.5403754973836548,21.076621580123906
1146,0.43012053927858895,9.28542308466775
1147,0.6133267115385518,21.15821702820914
1148,0.08954595805581307,0.26362227031162805
1149,0.5403754973836548,24.680548405647283
1150,0.43012053927858895,10.439727456229074
1151,0.6133267115385518,24.760818818637304
1152,0.08954595805581307,0.2456557035446167
1153,0.5403754973836548,23.342635917663568
1154,0.43012053927858895,9.354600937025888
1155,0.6133267115385518,23.42280904906137
1156,0.08954595805581307,0.2902791431971959
1157,0.5403754973836548,28.79275937080383
1158,0.21368796213848584,0.7087348869868687
1159,0.6133267115385518,28.864950050626483
1160,0.08954595805581307,0.27396958896092005
1161,0.5403754973836548,28.648180256571088
1162,0.21368796213848584,0.6675440004893711
1163,0.6133267115385518,28.72224443980625
1164,0.08954595805581307,0.2908502170017788
1165,0.5403754973836548,28.904952263832087
1166,0.21368796213848584,0.7133135931832449
1167,0.6133267115385518,28.97440943377359
1168,0.08954595805581307,0.3387672356196812
1169,0.5403754973836548,36.20999953406198
1170,0.21368796213848584,0.9018945659909928
1171,0.6133267115385518,36.30447566509247
1172,0.08954595805581307,0.3295671156474522
1173,0.5403754973836548,37.47464602334159
1174,0.21368796213848584,0.8270986352648054
1175,0.6133267115385518,37.57288032940456
1176,0.08954595805581307,0.336822349684579
1177,0.5403754973836548,36.360452788216726
1178,0.21368796213848584,0.8220727511814663
1179,0.6133267115385518,36.45121646949222
1180,0.08954595805581307,0.27307607786996024
1181,0.5403754973836548,26.29023719174521
1182,0.21368796213848584,0.6784910985401699
1183,0.6133267115385518,26.363447649138315
1184,0.08954595805581307,0.3089315414428711
1185,0.5403754973836548,29.935549810954498
1186,0.21368796213848584,0.7674821036202567
1187,0.6133267115385518,30.007283064297273
1188,0.08954595805581307,0.28611103125980925
1189,0.5403754973836548,27.493341330119538
1190,0.21368796213848584,0.7116214581898279
1191,0.6133267115385518,27.569574781826567
1192,0.08954595805581307,0.28957255567823137
1193,0.5403754973836548,27.460803610937933
1194,0.21368796213848584,0.7237121684210641
1195,0.6133267115385518,27.53119080407279
1196,0.08954595805581307,0.3056428091866629
1197,0.5403754973836548,30.258165982791358
1198,0.21368796213848584,0.7610005140304565
1199,0.6133267115385518,30.33501465320587
1200,0.08954595805581307,0.25724624225071496
1201,0.5403754973836548,26.04147915158953
1202,0.21368796213848584,0.6482309750148229
1203,0.6133267115385518,26.11208278792245
1204,0.08954595805581307,2.1297246422086444
1205,0.5403754973836548,44.97219132014683
1206,0.17936738180613224,3.1294296537126813
1207,0.6133267115385518,45.06981264863696
1208,0.08954595805581307,0.330051132610866
1209,0.5403754973836548,30.85847396850586
1210,0.17936738180613224,0.625305209841047
1211,0.6133267115385518,30.953005814552302
1212,0.08954595805581307,0.313505973134722
1213,0.5403754973836548,31.821208020618982
1214,0.17936738180613224,0.6093279634203229
1215,0.6133267115385518,31.917408064433502
1216,0.08954595805581307,0.3110871383122035
1217,0.5403754973836548,29.62376673902784
1218,0.17936738180613224,0.6305757216044835
1219,0.6133267115385518,29.71390327385493
1220,0.08954595805581307,0.32023324966430666
1221,0.5403754973836548,31.707816760880608
1222,0.17936738180613224,0.6214243377958025
1223,0.6133267115385518,31.805671014104572
1224,0.08954595805581307,0.3145673513412476
1225,0.5403754973836548,29.78703487600599
1226,0.17936738180613224,0.6185472284044539
1227,0.6133267115385518,29.87611231463296
1228,0.08954595805581307,0.2733033793313163
1229,0.5403754973836548,24.282724009241377
1230,0.17936738180613224,0.6426030022757394
1231,0.6133267115385518,24.35710805484227
1232,0.08954595805581307,0.2740938459123884
1233,0.5403754973836548,24.629838384900776
1234,0.17936738180613224,0.6752451215471539
1235,0.6133267115385518,24.711852686745782
1236,0.08954595805581307,0.2762953553880964
1237,0.5403754973836548,22.762112225805012
1238,0.17936738180613224,0.6778414419719151
1239,0.6133267115385518,22.83316868713924
1240,0.08954595805581307,0.31943035466330394
1241,0.5403754973836548,27.640316343307497
1242,0.17936738180613224,0.6116700989859445
1243,0.6133267115385518,27.736423999922614
1244,0.08954595805581307,0.3530930212565831
1245,0.5403754973836548,29.567920916421073
1246,0.17936738180613224,0.6545506783894129
1247,0.6133267115385518,29.664328054019386
1248,0.08954595805581307,0.363554014478411
1249,0.5403754973836548,29.30288869653429
1250,0.17936738180613224,0.6620246819087438
1251,0.6133267115385518,29.392788328443256
1252,0.08954595805581307,0.2654814617974417
1253,0.3980462886388631,15.19704646042415
1254,0.43012053927858895,10.447159596851893
1255,0.4710258193474852,15.279481846945627
1256,0.08954595805581307,0.3306429386138916
1257,0.3980462886388631,14.600740115983145
1258,0.43012053927858895,11.396676969528198
1259,0.4710258193474852,14.681967037064691
1260,0.08954595805581307,0.31311521870749337
1261,0.3980462886388631,14.394433120318821
1262,0.43012053927858895,12.39565120083945
1263,0.4710258193474852,14.475871351787024
1264,0.08954595805581307,0.22844026088714603
1265,0.3980462886388631,16.226721715927123
1266,0.43012053927858895,10.088055518695288
1267,0.4710258193474852,16.326555098806107
1268,0.08954595805581307,0.2762125015258789
1269,0.3980462886388631,11.67935975279127
1270,0.43012053927858895,9.041806755747114
1271,0.4710258193474852,11.762691930362156
1272,0.08954595805581307,0.3700146334511893
1273,0.3980462886388631,12.672149661609106
1274,0.21368796213848584,1.0142461572374617
1275,0.4710258193474852,12.752410217693873
1276,0.08954595805581307,0.3556734425680978
1277,0.3980462886388631,12.732337328365869
1278,0.21368796213848584,1.6856256689344131
1279,0.4710258193474852,12.812538034575324
1280,0.08954595805581307,0.3672987665448871
1281,0.3980462886388631,11.818944808415004
1282,0.21368796213848584,1.136054512432643
1283,0.4710258193474852,11.899184543745859
1284,0.08954595805581307,0.3624121836253575
1285,0.3980462886388631,12.814238020351956
1286,0.21368796213848584,1.3312889133180892
1287,0.4710258193474852,12.887774566241673
1288,0.08954595805581307,0.3729080472673689
1289,0.3980462886388631,12.434779957362585
1290,0.21368796213848584,1.9782579626355847
1291,0.4710258193474852,12.517269161769324
1292,0.08954595805581307,0.3660581588745117
1293,0.3980462886388631,12.498414966038293
1294,0.21368796213848584,0.8734016350337437
1295,0.4710258193474852,12.570649497849601
1296,0.08954595805581307,0.2679030418395996
1297,0.3980462886388631,13.793515641348705
1298,0.21368796213848584,0.7403706448418753
1299,0.4710258193474852,13.885064469064984
1300,0.08954595805581307,0.2808596542903355
1301,0.3980462886388631,14.775290846824644
1302,0.21368796213848584,0.9008498123713902
1303,0.4710258193474852,14.871844952447072
1304,0.08954595805581307,0.26863886969430106
1305,0.3980462886388631,14.863091451781134
1306,0.21368796213848584,0.6796207870755877
1307,0.4710258193474852,14.954263193266733
1308,0.08954595805581307,0.3572313002177647
1309,0.3980462886388631,13.084966662951878
1310,0.21368796213848584,1.1024565764835903
1311,0.4710258193474852,13.165310256821769
1312,0.08954595805581307,0.380617914881025
1313,0.3980462886388631,13.513909268379214
1314,0.21368796213848584,1.1039160932813372
1315,0.4710258193474852,13.5939202104296
1316,0.08954595805581307,0.3465264660971505
1317,0.3980462886388631,13.367013420377463
1318,0.21368796213848584,0.9900443622044156
1319,0.4710258193474852,13.438404771259851
