,Unnamed: 0,totalCount,microComponent,microSubVolum,microSubtopic,microPubVolum,microPubTopic,microRate,pubDevicepubtopics1,pubDevicepubtopics2,pubDevicepubtopics3,pubDevicepubvolum1,pubDevicepubvolum2,pubDevicepubvolum3,pubDevicesubtopics1,pubDevicesubtopics2,pubDevicesubtopics3,pubDevicesubcvolum1,pubDevicesubcvolum2,pubDevicesubcvolum3,pubDevicevolums1,pubDevicevolums2,pubDevicevolums3,pubDevicefre3,pubDevicecpuPercent1,pubDevicecpuPercent2,pubDevicecpuPercent3,subDevicePubTopic,subDevicePubVolum,subDeviceSubTopic,subDeviceSubVolum,subDeviceVolums,subDeviceCpuPercent,upLatency1,upLatency2,upLatency3,upCount1,upComponent1,upSubVolum1,upSubtopic1,upPubVolum1,upPubTopic1,upRate1,upCount2,upComponent2,upSubVolum2,upSubtopic2,upPubVolum2,upPubTopic2,upRate2,upCount3,upComponent3,upSubVolum3,upSubtopic3,upPubVolum3,upPubTopic3,upRate3
0,0,10,49,38256,3,0,0,1,7,7,1,1608353,1608353,12752,5,5,4,8817259,8817259,553574,10425612,10425612,566326,3.6,1.0,1.0,0.5,1,12752,4,553574,566326,0.5,1.6841147899627686,1.5371550798416138,1.5784137487411498,10,19.1,515318,1,12752,1,1,10,1,515318,1,12752,1,1,10,0.5,515318,1,12752,1,1
1,1,10,49,38256,3,0,0,1,6,2,2,1595601,25504,25504,7,2,2,8340197,1030636,1030636,9935798,1056140,1056140,3.6,1.0,0.5,0.5,6,1595601,7,8340197,9935798,1.0,1.8927674531936645,1.7659632921218873,1.7280666828155518,10,19.1,515318,1,12752,1,1,10,1,515318,1,12752,1,1,10,0.5,515318,1,12752,1,1
2,2,10,49,38256,3,0,0,1,6,2,2,1595601,25504,25504,4,5,5,8301941,1068892,1068892,9897542,1094396,1094396,3.6,0.83,0.75,0.75,2,25504,5,1068892,1094396,0.75,1.6577007532119752,1.6616647481918334,1.6575503110885617,10,19.1,515318,1,12752,1,1,10,1,515318,1,12752,1,1,10,0.5,515318,1,12752,1,1
3,3,10,49,38256,3,0,0,1,2,6,2,25504,1595601,25504,2,7,2,1030636,8340197,1030636,1056140,9935798,1056140,3.6,0.5,1.0,0.5,6,1595601,7,8340197,9935798,1.0,1.892958927154541,1.8496792793273928,1.7543486118316651,10,19.1,515318,1,12752,1,1,10,1,515318,1,12752,1,1,10,0.5,515318,1,12752,1,1
4,4,10,49,38256,3,0,0,1,2,6,2,25504,1595601,25504,5,4,5,1068892,8301941,1068892,1094396,9897542,1094396,3.6,0.75,0.83,0.75,2,25504,5,1068892,1094396,0.75,1.8041958808898928,1.7372268676757812,1.7098150968551635,10,19.1,515318,1,12752,1,1,10,1,515318,1,12752,1,1,10,0.5,515318,1,12752,1,1
5,5,10,49,38256,3,0,0,1,3,3,3,38256,38256,38256,6,6,6,1584210,1584210,1584210,1622466,1622466,1622466,3.6,1.0,1.0,1.0,3,38256,6,1584210,1622466,1.0,1.7617244243621826,1.764417338371277,1.7525137901306151,10,19.1,515318,1,12752,1,1,10,1,515318,1,12752,1,1,10,0.5,515318,1,12752,1,1
6,6,10,49,38256,3,0,0,1,4,4,4,62399,62399,1558706,7,7,2,1390913,1390913,7979920,1453312,1453312,9538626,3.6,1.0,1.0,0.5,4,62399,7,1390913,1453312,1.0,1.6784737586975098,1.6801093339920044,1.5636161804199218,10,19.1,515318,1,12752,1,1,10,1,515318,1,12752,1,1,10,0.5,515318,1,12752,1,1
7,7,10,49,38256,3,0,0,1,4,4,4,62399,62399,1558706,4,4,5,1352657,1352657,8018176,1415056,1415056,9576882,3.6,0.83,0.83,0.75,4,1558706,5,8018176,9576882,0.75,1.967151165008545,1.9168639659881592,1.7774375438690186,10,19.1,515318,1,12752,1,1,10,1,515318,1,12752,1,1,10,0.5,515318,1,12752,1,1
8,8,10,49,38256,3,0,0,1,3,5,5,49647,1571458,1571458,6,3,3,875595,8495238,8495238,925242,10066696,10066696,3.6,0.83,0.75,0.75,3,49647,6,875595,925242,0.83,1.6996703147888184,1.556998109817505,1.4638431072235107,10,19.1,515318,1,12752,1,1,10,1,515318,1,12752,1,1,10,0.5,515318,1,12752,1,1
9,9,10,49,38256,3,0,0,1,3,5,5,49647,1571458,1571458,3,6,6,837339,8533494,8533494,886986,10104952,10104952,3.6,0.67,1.0,1.0,5,1571458,6,8533494,10104952,1.0,1.6828708171844482,1.5320199012756348,1.4382898807525637,10,19.1,515318,1,12752,1,1,10,1,515318,1,12752,1,1,10,0.5,515318,1,12752,1,1
10,10,10,49,38256,3,0,0,1,6,6,6,1584210,1584210,1584210,4,4,4,9010556,9010556,9010556,10594766,10594766,10594766,3.6,1.0,1.0,1.0,2,36895,5,360277,397172,0.67,1.4515167713165282,1.371772861480713,1.2720895290374756,10,19.1,515318,1,12752,1,1,10,1,515318,1,12752,1,1,10,0.5,515318,1,12752,1,1
11,0,10,49,38256,3,0,0,1,3,5,3,25767,1595338,25767,3,6,3,1037768,8333065,1037768,1063535,9928403,1063535,3.6,0.88,0.75,0.88,5,1595338,6,8333065,9928403,0.75,1.7860857963562011,1.7062796831130982,1.6769554376602174,10,19.1,515318,1,12752,1,1,10,1,515318,1,12752,1,1,10,0.5,515318,1,12752,1,1
12,1,10,49,38256,3,0,0,1,3,3,5,62136,62136,1558969,6,6,3,1383781,1383781,7987052,1445917,1445917,9546021,3.6,0.75,0.75,0.88,3,62136,6,1383781,1445917,0.75,1.6631175041198731,1.6630475759506225,1.5647087574005127,10,19.1,515318,1,12752,1,1,10,1,515318,1,12752,1,1,10,0.5,515318,1,12752,1,1
13,0,10,49,38256,3,0,0,1,6,6,1,1608090,1608090,12752,4,4,4,8810127,8810127,553574,10418217,10418217,566326,3.6,0.75,0.75,0.5,1,12752,4,553574,566326,0.5,1.6149699687957764,1.4916683197021483,1.468373441696167,10,19.1,515318,1,12752,1,1,10,1,515318,1,12752,1,1,10,0.5,515318,1,12752,1,1
14,1,10,49,38256,3,0,0,1,5,2,2,1595338,25504,25504,6,2,2,8333065,1030636,1030636,9928403,1056140,1056140,3.6,0.75,0.5,0.5,5,1595338,6,8333065,9928403,0.75,1.6691624402999878,1.6756058216094971,1.6762759685516355,10,19.1,515318,1,12752,1,1,10,1,515318,1,12752,1,1,10,0.5,515318,1,12752,1,1
15,2,10,49,38256,3,0,0,1,5,2,2,1595338,25504,25504,3,5,5,8294809,1068892,1068892,9890147,1094396,1094396,3.6,0.58,0.75,0.75,2,25504,5,1068892,1094396,0.75,1.6112985134124755,1.551480484008789,1.5744980573654177,10,19.1,515318,1,12752,1,1,10,1,515318,1,12752,1,1,10,0.5,515318,1,12752,1,1
16,3,10,49,38256,3,0,0,1,2,5,2,25504,1595338,25504,5,3,5,1068892,8294809,1068892,1094396,9890147,1094396,3.6,0.75,0.58,0.75,2,25504,5,1068892,1094396,0.75,1.6775954008102416,1.5955852031707765,1.5876330375671386,10,19.1,515318,1,12752,1,1,10,1,515318,1,12752,1,1,10,0.5,515318,1,12752,1,1
17,4,10,49,38256,3,0,0,1,3,3,3,38256,38256,38256,3,3,3,1545954,1545954,1545954,1584210,1584210,1584210,3.6,0.75,0.75,0.75,4,1582586,5,7817747,9400333,0.58,1.7248274087905884,1.7031832695007325,1.6827210187911987,10,19.1,515318,1,12752,1,1,10,1,515318,1,12752,1,1,10,0.5,515318,1,12752,1,1
18,5,10,49,38256,3,0,0,1,3,3,3,38256,38256,38256,6,6,6,1584210,1584210,1584210,1622466,1622466,1622466,3.6,1.0,1.0,1.0,3,38256,6,1584210,1622466,1.0,1.751865315437317,1.7291012525558471,1.698767852783203,10,19.1,515318,1,12752,1,1,10,1,515318,1,12752,1,1,10,0.5,515318,1,12752,1,1
19,6,10,49,38256,3,0,0,1,3,3,4,62136,62136,1558706,3,3,5,1345525,1345525,8018176,1407661,1407661,9576882,3.6,0.58,0.58,0.75,4,1558706,5,8018176,9576882,0.75,2.1653050184249882,2.159315896034241,2.055825662612915,10,19.1,515318,1,12752,1,1,10,1,515318,1,12752,1,1,10,0.5,515318,1,12752,1,1
20,7,10,49,38256,3,0,0,1,2,5,5,49384,1571458,1571458,5,3,3,868463,8495238,8495238,917847,10066696,10066696,3.6,0.58,0.75,0.75,2,49384,5,868463,917847,0.58,1.5612998962402345,1.5142481088638309,1.3529053449630737,10,19.1,515318,1,12752,1,1,10,1,515318,1,12752,1,1,10,0.5,515318,1,12752,1,1
21,8,10,49,38256,3,0,0,1,5,2,5,1571458,49384,1571458,6,2,6,8533494,830207,8533494,10104952,879591,10104952,3.6,1.0,0.42,1.0,5,1571458,6,8533494,10104952,1.0,1.4977859020233155,1.5154918432235718,1.4072934150695802,10,19.1,515318,1,12752,1,1,10,1,515318,1,12752,1,1,10,0.5,515318,1,12752,1,1
22,9,10,49,38256,3,0,0,1,6,6,6,1584210,1584210,1584210,4,4,4,9010556,9010556,9010556,10594766,10594766,10594766,3.6,1.0,1.0,1.0,1,36632,4,353145,389777,0.42,1.507650065422058,1.3657420873641968,1.2671245336532593,10,19.1,515318,1,12752,1,1,10,1,515318,1,12752,1,1,10,0.5,515318,1,12752,1,1
23,0,10,49,38256,3,0,0,1,6,6,2,1571721,1571721,49384,7,7,2,8540626,8540626,830207,10112347,10112347,879591,3.6,0.92,0.92,0.62,6,1571721,7,8540626,10112347,0.92,1.7677973747253417,1.6208074569702149,1.5729177474975586,10,19.1,515318,1,12752,1,1,10,1,515318,1,12752,1,1,10,0.5,515318,1,12752,1,1
24,1,10,49,38256,3,0,0,1,6,6,2,1571721,1571721,49384,4,4,5,8502370,8502370,868463,10074091,10074091,917847,3.6,0.75,0.75,0.88,2,49384,5,868463,917847,0.88,1.6630701303482056,1.5296240091323852,1.4976046800613405,10,19.1,515318,1,12752,1,1,10,1,515318,1,12752,1,1,10,0.5,515318,1,12752,1,1
25,2,10,49,38256,3,0,0,1,5,3,3,1558969,62136,62136,6,3,3,8025308,1345525,1345525,9584277,1407661,1407661,3.6,0.75,0.88,0.88,5,1558969,6,8025308,9584277,0.75,1.6041563272476196,1.6312240600585937,1.574272894859314,10,19.1,515318,1,12752,1,1,10,1,515318,1,12752,1,1,10,0.5,515318,1,12752,1,1
26,3,10,49,38256,3,0,0,1,3,5,3,62136,1558969,62136,3,6,3,1345525,8025308,1345525,1407661,9584277,1407661,3.6,0.88,0.75,0.88,5,1558969,6,8025308,9584277,0.75,1.6615033149719238,1.58243625164032,1.573703670501709,10,19.1,515318,1,12752,1,1,10,1,515318,1,12752,1,1,10,0.5,515318,1,12752,1,1
27,4,10,49,38256,3,0,0,1,3,3,5,25767,25767,1595338,6,6,3,1076024,1076024,8294809,1101791,1101791,9890147,3.6,0.75,0.75,0.88,3,25767,6,1076024,1101791,0.75,1.6327615022659299,1.610513734817505,1.508089017868042,10,19.1,515318,1,12752,1,1,10,1,515318,1,12752,1,1,10,0.5,515318,1,12752,1,1
28,0,10,49,38256,3,0,0,1,5,5,3,1571458,1571458,49647,6,6,3,8533494,8533494,837339,10104952,10104952,886986,3.6,0.67,0.67,1.0,5,1571458,6,8533494,10104952,0.67,1.684311580657959,1.5605343103408813,1.5322413444519043,10,19.1,515318,1,12752,1,1,10,1,515318,1,12752,1,1,10,0.5,515318,1,12752,1,1
29,0,10,49,38256,3,0,0,1,5,5,2,1571458,1571458,49384,6,6,2,8533494,8533494,830207,10104952,10104952,879591,3.6,0.67,0.67,0.62,5,1571458,6,8533494,10104952,0.67,1.7419002056121826,1.6165855407714844,1.5781405687332153,10,19.1,515318,1,12752,1,1,10,1,515318,1,12752,1,1,10,0.5,515318,1,12752,1,1
30,1,10,49,38256,3,0,0,1,5,5,2,1571458,1571458,49384,3,3,5,8495238,8495238,868463,10066696,10066696,917847,3.6,0.5,0.5,0.88,2,49384,5,868463,917847,0.88,1.5392724514007567,1.4378588438034057,1.4341405153274536,10,19.1,515318,1,12752,1,1,10,1,515318,1,12752,1,1,10,0.5,515318,1,12752,1,1
31,2,10,49,38256,3,0,0,1,4,3,3,1558706,62136,62136,5,3,3,8018176,1345525,1345525,9576882,1407661,1407661,3.6,0.5,0.88,0.88,4,1558706,5,8018176,9576882,0.5,1.5915534973144532,1.6847539186477658,1.576328420639038,10,19.1,515318,1,12752,1,1,10,1,515318,1,12752,1,1,10,0.5,515318,1,12752,1,1
32,3,10,49,38256,3,0,0,1,2,2,5,25504,25504,1595338,5,5,3,1068892,1068892,8294809,1094396,1094396,9890147,3.6,0.5,0.5,0.88,2,25504,5,1068892,1094396,0.5,1.6912319660186768,1.721638798713684,1.621808862686157,10,19.1,515318,1,12752,1,1,10,1,515318,1,12752,1,1,10,0.5,515318,1,12752,1,1
33,0,10,49,38256,3,0,0,1,7,7,1,1578853,1578853,12752,5,5,4,8740250,8740250,553574,10319103,10319103,566326,3.6,1.0,1.0,0.5,1,12752,4,553574,566326,0.5,1.6939621925354005,1.561801838874817,1.5370548486709594,10,19.1,515318,1,12752,1,1,10,1,515318,1,12752,1,1,10,0.5,515318,1,12752,1,1
34,1,10,49,38256,3,0,0,1,6,2,2,1566101,25504,25504,7,2,2,8263188,1030636,1030636,9829289,1056140,1056140,3.6,1.0,0.5,0.5,6,1566101,7,8263188,9829289,1.0,2.34472393989563,2.2291653394699096,2.246949315071106,10,19.1,515318,1,12752,1,1,10,1,515318,1,12752,1,1,10,0.5,515318,1,12752,1,1
35,2,10,49,38256,3,0,0,1,6,2,2,1566101,25504,25504,4,5,5,8224932,1068892,1068892,9791033,1094396,1094396,3.6,0.83,0.75,0.75,2,25504,5,1068892,1094396,0.75,2.2096935510635376,2.115350675582886,2.102440905570984,10,19.1,515318,1,12752,1,1,10,1,515318,1,12752,1,1,10,0.5,515318,1,12752,1,1
36,3,10,49,38256,3,0,0,1,2,6,2,25504,1566101,25504,2,7,2,1030636,8263188,1030636,1056140,9829289,1056140,3.6,0.5,1.0,0.5,6,1566101,7,8263188,9829289,1.0,1.7886023998260498,1.7362993478775024,1.6821143865585326,10,19.1,515318,1,12752,1,1,10,1,515318,1,12752,1,1,10,0.5,515318,1,12752,1,1
37,4,10,49,38256,3,0,0,1,3,3,3,38256,38256,38256,3,3,3,1545954,1545954,1545954,1584210,1584210,1584210,3.6,0.75,0.75,0.75,5,1553349,6,7747870,9301219,0.83,2.522030782699585,2.5199073553085327,2.516904711723328,10,19.1,515318,1,12752,1,1,10,1,515318,1,12752,1,1,10,0.5,515318,1,12752,1,1
38,5,10,49,38256,3,0,0,1,3,3,3,38256,38256,38256,6,6,6,1584210,1584210,1584210,1622466,1622466,1622466,3.6,1.0,1.0,1.0,3,38256,6,1584210,1622466,1.0,2.23522047996521,2.2457751750946047,2.2351409435272216,10,19.1,515318,1,12752,1,1,10,1,515318,1,12752,1,1,10,0.5,515318,1,12752,1,1
39,6,10,49,38256,3,0,0,1,4,4,4,32899,32899,1558706,4,4,5,1275648,1275648,8018176,1308547,1308547,9576882,3.6,0.83,0.83,0.75,4,1558706,5,8018176,9576882,0.75,1.8124542474746703,1.7964084148406982,1.6425798654556274,10,19.1,515318,1,12752,1,1,10,1,515318,1,12752,1,1,10,0.5,515318,1,12752,1,1
40,7,10,49,38256,3,0,0,1,3,5,5,20147,1571458,1571458,6,3,3,798586,8495238,8495238,818733,10066696,10066696,3.6,0.83,0.75,0.75,3,20147,6,798586,818733,0.83,1.6417299032211303,1.4324594020843506,1.3402529001235959,10,19.1,515318,1,12752,1,1,10,1,515318,1,12752,1,1,10,0.5,515318,1,12752,1,1
41,8,10,49,38256,3,0,0,1,6,6,6,1584210,1584210,1584210,4,4,4,9010556,9010556,9010556,10594766,10594766,10594766,3.6,1.0,1.0,1.0,2,7395,5,283268,290663,0.67,1.4413132429122926,1.3610357999801637,1.2633316278457642,10,19.1,515318,1,12752,1,1,10,1,515318,1,12752,1,1,10,0.5,515318,1,12752,1,1
42,0,10,49,38256,3,0,0,1,6,6,2,1578590,1578590,13015,7,7,2,8771374,8771374,522450,10349964,10349964,535465,3.6,0.92,0.92,0.62,6,1578590,7,8771374,10349964,0.92,1.7081161975860597,1.5875487089157103,1.5488264322280885,10,19.1,515318,1,12752,1,1,10,1,515318,1,12752,1,1,10,0.5,515318,1,12752,1,1
43,1,10,49,38256,3,0,0,1,6,6,2,1578590,1578590,13015,4,4,5,8733118,8733118,560706,10311708,10311708,573721,3.6,0.75,0.75,0.88,2,13015,5,560706,573721,0.88,1.5929529428482057,1.4814591884613038,1.5043238639831542,10,19.1,515318,1,12752,1,1,10,1,515318,1,12752,1,1,10,0.5,515318,1,12752,1,1
44,2,10,49,38256,3,0,0,1,5,3,3,1565838,25767,25767,6,3,3,8256056,1037768,1037768,9821894,1063535,1063535,3.6,0.75,0.88,0.88,5,1565838,6,8256056,9821894,0.75,1.7124082803726195,1.642228627204895,1.623131012916565,10,19.1,515318,1,12752,1,1,10,1,515318,1,12752,1,1,10,0.5,515318,1,12752,1,1
45,3,10,49,38256,3,0,0,1,3,5,3,25767,1565838,25767,3,6,3,1037768,8256056,1037768,1063535,9821894,1063535,3.6,0.88,0.75,0.88,5,1565838,6,8256056,9821894,0.75,1.7847508430480956,1.6657474517822266,1.6154229640960691,10,19.1,515318,1,12752,1,1,10,1,515318,1,12752,1,1,10,0.5,515318,1,12752,1,1
46,4,10,49,38256,3,0,0,1,3,3,5,32636,32636,1558969,6,6,3,1306772,1306772,7987052,1339408,1339408,9546021,3.6,0.75,0.75,0.88,3,32636,6,1306772,1339408,0.75,1.7428424119949342,1.7184919595718384,1.5630748510360717,10,19.1,515318,1,12752,1,1,10,1,515318,1,12752,1,1,10,0.5,515318,1,12752,1,1
47,0,10,49,38256,3,0,0,1,6,6,1,1578590,1578590,12752,7,7,1,8771374,8771374,515318,10349964,10349964,528070,3.6,0.92,0.92,0.25,6,1578590,7,8771374,10349964,0.92,1.7031317710876466,1.5626349449157717,1.5228163242340087,10,19.1,515318,1,12752,1,1,10,1,515318,1,12752,1,1,10,0.5,515318,1,12752,1,1
48,1,10,49,38256,3,0,0,1,6,6,1,1578590,1578590,12752,4,4,4,8733118,8733118,553574,10311708,10311708,566326,3.6,0.75,0.75,0.5,1,12752,4,553574,566326,0.5,1.6111883401870728,1.491831636428833,1.471818709373474,10,19.1,515318,1,12752,1,1,10,1,515318,1,12752,1,1,10,0.5,515318,1,12752,1,1
49,2,10,49,38256,3,0,0,1,5,2,2,1565838,25504,25504,6,2,2,8256056,1030636,1030636,9821894,1056140,1056140,3.6,0.75,0.5,0.5,5,1565838,6,8256056,9821894,0.75,1.6867424964904785,1.6772712230682374,1.6474770545959472,10,19.1,515318,1,12752,1,1,10,1,515318,1,12752,1,1,10,0.5,515318,1,12752,1,1
50,3,10,49,38256,3,0,0,1,5,2,2,1565838,25504,25504,3,5,5,8217800,1068892,1068892,9783638,1094396,1094396,3.6,0.58,0.75,0.75,2,25504,5,1068892,1094396,0.75,1.578678035736084,1.5748530626296997,1.5817684888839725,10,19.1,515318,1,12752,1,1,10,1,515318,1,12752,1,1,10,0.5,515318,1,12752,1,1
51,4,10,49,38256,3,0,0,1,2,5,2,25504,1565838,25504,2,6,2,1030636,8256056,1030636,1056140,9821894,1056140,3.6,0.5,0.75,0.5,5,1565838,6,8256056,9821894,0.75,1.7523041248321534,1.6676029443740843,1.6203406810760501,10,19.1,515318,1,12752,1,1,10,1,515318,1,12752,1,1,10,0.5,515318,1,12752,1,1
52,5,10,49,38256,3,0,0,1,2,5,2,25504,1565838,25504,5,3,5,1068892,8217800,1068892,1094396,9783638,1094396,3.6,0.75,0.58,0.75,2,25504,5,1068892,1094396,0.75,1.6303003072738649,1.540116500854492,1.5527745246887208,10,19.1,515318,1,12752,1,1,10,1,515318,1,12752,1,1,10,0.5,515318,1,12752,1,1
53,6,10,49,38256,3,0,0,1,3,3,3,38256,38256,38256,3,3,3,1545954,1545954,1545954,1584210,1584210,1584210,3.6,0.75,0.75,0.75,4,1553086,5,7740738,9293824,0.58,1.7827858209609986,1.770532774925232,1.7497725009918212,10,19.1,515318,1,12752,1,1,10,1,515318,1,12752,1,1,10,0.5,515318,1,12752,1,1
54,7,10,49,38256,3,0,0,1,3,3,3,38256,38256,38256,6,6,6,1584210,1584210,1584210,1622466,1622466,1622466,3.6,1.0,1.0,1.0,3,38256,6,1584210,1622466,1.0,1.7333024978637694,1.7219565868377686,1.7155924081802367,10,19.1,515318,1,12752,1,1,10,1,515318,1,12752,1,1,10,0.5,515318,1,12752,1,1
55,8,10,49,38256,3,0,0,1,3,3,4,32636,32636,1558706,6,6,2,1306772,1306772,7979920,1339408,1339408,9538626,3.6,0.75,0.75,0.5,3,32636,6,1306772,1339408,0.75,1.6117926597595216,1.6089292287826538,1.501206207275391,10,19.1,515318,1,12752,1,1,10,1,515318,1,12752,1,1,10,0.5,515318,1,12752,1,1
56,9,10,49,38256,3,0,0,1,3,3,4,32636,32636,1558706,3,3,5,1268516,1268516,8018176,1301152,1301152,9576882,3.6,0.58,0.58,0.75,4,1558706,5,8018176,9576882,0.75,1.5992774724960328,1.5903156042098998,1.5010834932327268,10,19.1,515318,1,12752,1,1,10,1,515318,1,12752,1,1,10,0.5,515318,1,12752,1,1
57,10,10,49,38256,3,0,0,1,2,5,5,19884,1571458,1571458,5,3,3,791454,8495238,8495238,811338,10066696,10066696,3.6,0.58,0.75,0.75,2,19884,5,791454,811338,0.58,1.6427910566329955,1.504939818382263,1.4113690853118896,10,19.1,515318,1,12752,1,1,10,1,515318,1,12752,1,1,10,0.5,515318,1,12752,1,1
58,11,10,49,38256,3,0,0,1,2,5,5,19884,1571458,1571458,2,6,6,753198,8533494,8533494,773082,10104952,10104952,3.6,0.42,1.0,1.0,5,1571458,6,8533494,10104952,1.0,1.6469570398330688,1.5292932987213137,1.4336092233657838,10,19.1,515318,1,12752,1,1,10,1,515318,1,12752,1,1,10,0.5,515318,1,12752,1,1
59,12,10,49,38256,3,0,0,1,5,2,5,1571458,19884,1571458,3,5,3,8495238,791454,8495238,10066696,811338,10066696,3.6,0.75,0.58,0.75,2,19884,5,791454,811338,0.58,1.4557130098342896,1.4948739528656003,1.3891731262207032,10,19.1,515318,1,12752,1,1,10,1,515318,1,12752,1,1,10,0.5,515318,1,12752,1,1
60,13,10,49,38256,3,0,0,1,6,6,6,1584210,1584210,1584210,4,4,4,9010556,9010556,9010556,10594766,10594766,10594766,3.6,1.0,1.0,1.0,1,7132,4,276136,283268,0.42,1.4711110353469852,1.3912238597869873,1.2921900510787965,10,19.1,515318,1,12752,1,1,10,1,515318,1,12752,1,1,10,0.5,515318,1,12752,1,1
61,0,10,49,38256,3,0,0,1,7,7,1,1615222,1615222,12752,5,5,4,9048007,9048007,553574,10663229,10663229,566326,3.6,1.0,1.0,0.5,1,12752,4,553574,566326,0.5,1.8269721031188968,1.6566584587097168,1.6267735481262209,10,19.1,515318,1,12752,1,1,10,1,515318,1,12752,1,1,10,0.5,515318,1,12752,1,1
62,1,10,49,38256,3,0,0,1,6,2,2,1602470,25504,25504,7,2,2,8570945,1030636,1030636,10173415,1056140,1056140,3.6,1.0,0.5,0.5,6,1602470,7,8570945,10173415,1.0,1.876035523414612,1.8018302917480469,1.757006812095642,10,19.1,515318,1,12752,1,1,10,1,515318,1,12752,1,1,10,0.5,515318,1,12752,1,1
63,2,10,49,38256,3,0,0,1,6,2,2,1602470,25504,25504,4,5,5,8532689,1068892,1068892,10135159,1094396,1094396,3.6,0.83,0.75,0.75,2,25504,5,1068892,1094396,0.75,1.8100796937942505,1.7407802581787108,1.726108980178833,10,19.1,515318,1,12752,1,1,10,1,515318,1,12752,1,1,10,0.5,515318,1,12752,1,1
64,3,10,49,38256,3,0,0,1,2,6,2,25504,1602470,25504,5,4,5,1068892,8532689,1068892,1094396,10135159,1094396,3.6,0.75,0.83,0.75,2,25504,5,1068892,1094396,0.75,1.8268887519836423,1.7666744232177731,1.7174241065979003,10,19.1,515318,1,12752,1,1,10,1,515318,1,12752,1,1,10,0.5,515318,1,12752,1,1
65,4,10,49,38256,3,0,0,1,3,3,3,38256,38256,38256,3,3,3,1545954,1545954,1545954,1584210,1584210,1584210,3.6,0.75,0.75,0.75,5,1589718,6,8055627,9645345,0.83,2.15501070022583,2.1528255224227903,2.140363025665283,10,19.1,515318,1,12752,1,1,10,1,515318,1,12752,1,1,10,0.5,515318,1,12752,1,1
66,5,10,49,38256,3,0,0,1,3,3,3,38256,38256,38256,6,6,6,1584210,1584210,1584210,1622466,1622466,1622466,3.6,1.0,1.0,1.0,3,38256,6,1584210,1622466,1.0,2.0169812440872192,2.0178445100784304,2.001942586898804,10,19.1,515318,1,12752,1,1,10,1,515318,1,12752,1,1,10,0.5,515318,1,12752,1,1
67,6,10,49,38256,3,0,0,1,4,4,4,69268,69268,1558706,7,7,2,1621661,1621661,7979920,1690929,1690929,9538626,3.6,1.0,1.0,0.5,4,69268,7,1621661,1690929,1.0,1.6415210485458374,1.6018023490905762,1.4690760612487792,10,19.1,515318,1,12752,1,1,10,1,515318,1,12752,1,1,10,0.5,515318,1,12752,1,1
68,7,10,49,38256,3,0,0,1,4,4,4,69268,69268,1558706,4,4,5,1583405,1583405,8018176,1652673,1652673,9576882,3.6,0.83,0.83,0.75,4,1558706,5,8018176,9576882,0.75,1.6296734094619751,1.622142505645752,1.5257339239120484,10,19.1,515318,1,12752,1,1,10,1,515318,1,12752,1,1,10,0.5,515318,1,12752,1,1
69,8,10,49,38256,3,0,0,1,3,5,5,56516,1571458,1571458,6,3,3,1106343,8495238,8495238,1162859,10066696,10066696,3.6,0.83,0.75,0.75,3,56516,6,1106343,1162859,0.83,1.6397298812866208,1.4821927785873412,1.3898847818374631,10,19.1,515318,1,12752,1,1,10,1,515318,1,12752,1,1,10,0.5,515318,1,12752,1,1
70,9,10,49,38256,3,0,0,1,3,5,5,56516,1571458,1571458,3,6,6,1068087,8533494,8533494,1124603,10104952,10104952,3.6,0.67,1.0,1.0,5,1571458,6,8533494,10104952,1.0,1.6361158370971682,1.5005670070648194,1.4075608730316165,10,19.1,515318,1,12752,1,1,10,1,515318,1,12752,1,1,10,0.5,515318,1,12752,1,1
71,10,10,49,38256,3,0,0,1,5,3,5,1571458,56516,1571458,3,6,3,8495238,1106343,8495238,10066696,1162859,10066696,3.6,0.75,0.83,0.75,3,56516,6,1106343,1162859,0.83,1.4249501705169678,1.5261589288711548,1.4108508586883546,10,19.1,515318,1,12752,1,1,10,1,515318,1,12752,1,1,10,0.5,515318,1,12752,1,1
72,11,10,49,38256,3,0,0,1,6,6,6,1584210,1584210,1584210,4,4,4,9010556,9010556,9010556,10594766,10594766,10594766,3.6,1.0,1.0,1.0,2,43764,5,591025,634789,0.67,1.4609295845031738,1.3848297357559205,1.28708336353302,10,19.1,515318,1,12752,1,1,10,1,515318,1,12752,1,1,10,0.5,515318,1,12752,1,1
73,0,10,49,38256,3,0,0,1,2,2,2,13363,25504,25504,2,5,5,551950,1068892,1068892,565313,1094396,1094396,3.6,0.75,0.75,0.75,2,25504,5,1068892,1094396,0.75,2.8549093484878534,2.165715050697327,2.131413531303406,10,19.1,515318,1,12752,1,1,10,1,515318,1,12752,1,1,10,0.5,515318,1,12752,1,1
74,1,10,49,38256,3,0,0,1,2,2,2,25504,13363,25504,5,2,5,1068892,551950,1068892,1094396,565313,1094396,3.6,0.75,0.75,0.75,2,25504,5,1068892,1094396,0.75,1.895388865470886,2.291279411315918,1.8834906101226807,10,19.1,515318,1,12752,1,1,10,1,515318,1,12752,1,1,10,0.5,515318,1,12752,1,1
75,2,10,49,38256,3,0,0,1,3,3,3,38256,38256,38256,3,3,3,1545954,1545954,1545954,1584210,1584210,1584210,3.6,0.75,0.75,0.75,1,611,4,74888,75499,0.75,1.9428028345108035,1.9500543594360351,1.9317972660064695,10,19.1,515318,1,12752,1,1,10,1,515318,1,12752,1,1,10,0.5,515318,1,12752,1,1
76,3,10,49,38256,3,0,0,1,3,3,3,38256,38256,38256,6,6,6,1584210,1584210,1584210,1622466,1622466,1622466,3.6,1.0,1.0,1.0,3,38256,6,1584210,1622466,1.0,1.8594972372055052,1.8598944425582888,1.8269296407699585,10,19.1,515318,1,12752,1,1,10,1,515318,1,12752,1,1,10,0.5,515318,1,12752,1,1
77,4,10,49,38256,3,0,0,1,2,4,4,13363,56779,1558706,2,4,5,551950,1075219,8018176,565313,1131998,9576882,3.6,0.75,0.92,0.75,4,1558706,5,8018176,9576882,0.75,2.254194378852844,1.5957953214645386,1.4747215509414673,10,19.1,515318,1,12752,1,1,10,1,515318,1,12752,1,1,10,0.5,515318,1,12752,1,1
78,5,10,49,38256,3,0,0,1,2,5,5,13363,1571458,1571458,2,3,3,551950,8495238,8495238,565313,10066696,10066696,3.6,0.75,0.75,0.75,3,44027,6,598157,642184,0.92,2.1856720447540283,1.4293079853057862,1.3352180957794189,10,19.1,515318,1,12752,1,1,10,1,515318,1,12752,1,1,10,0.5,515318,1,12752,1,1
79,6,10,49,38256,3,0,0,1,2,5,5,13363,1571458,1571458,2,6,6,551950,8533494,8533494,565313,10104952,10104952,3.6,0.75,1.0,1.0,5,1571458,6,8533494,10104952,1.0,2.2974895477294917,1.5294856786727906,1.4355431079864502,10,19.1,515318,1,12752,1,1,10,1,515318,1,12752,1,1,10,0.5,515318,1,12752,1,1
80,7,10,49,38256,3,0,0,1,4,2,4,56779,13363,1558706,4,2,5,1075219,551950,8018176,1131998,565313,9576882,3.6,0.92,0.75,0.75,4,1558706,5,8018176,9576882,0.75,1.6890756130218505,2.031023550033569,1.52063729763031,10,19.1,515318,1,12752,1,1,10,1,515318,1,12752,1,1,10,0.5,515318,1,12752,1,1
81,8,10,49,38256,3,0,0,1,4,5,5,56779,1571458,1571458,4,3,3,1075219,8495238,8495238,1131998,10066696,10066696,3.6,0.92,0.75,0.75,1,611,4,74888,75499,0.75,1.69806649684906,1.517653489112854,1.422232437133789,10,19.1,515318,1,12752,1,1,10,1,515318,1,12752,1,1,10,0.5,515318,1,12752,1,1
82,9,10,49,38256,3,0,0,1,4,5,5,56779,1571458,1571458,4,6,6,1075219,8533494,8533494,1131998,10104952,10104952,3.6,0.92,1.0,1.0,5,1571458,6,8533494,10104952,1.0,1.6660513162612915,1.4838408231735232,1.3905812501907349,10,19.1,515318,1,12752,1,1,10,1,515318,1,12752,1,1,10,0.5,515318,1,12752,1,1
83,10,10,49,38256,3,0,0,1,5,2,5,1571458,13363,1571458,3,2,3,8495238,551950,8495238,10066696,565313,10066696,3.6,0.75,0.75,0.75,3,44027,6,598157,642184,0.92,1.4514803171157835,1.9147034645080567,1.3859803915023805,10,19.1,515318,1,12752,1,1,10,1,515318,1,12752,1,1,10,0.5,515318,1,12752,1,1
84,11,10,49,38256,3,0,0,1,5,2,5,1571458,13363,1571458,6,2,6,8533494,551950,8533494,10104952,565313,10104952,3.6,1.0,0.75,1.0,5,1571458,6,8533494,10104952,1.0,1.5313316583633425,1.9509417057037357,1.449242925643921,10,19.1,515318,1,12752,1,1,10,1,515318,1,12752,1,1,10,0.5,515318,1,12752,1,1
85,12,10,49,38256,3,0,0,1,5,4,5,1571458,56779,1571458,3,4,3,8495238,1075219,8495238,10066696,1131998,10066696,3.6,0.75,0.92,0.75,1,611,4,74888,75499,0.75,1.4326721906661988,1.4882741451263428,1.3617476224899292,10,19.1,515318,1,12752,1,1,10,1,515318,1,12752,1,1,10,0.5,515318,1,12752,1,1
86,13,10,49,38256,3,0,0,1,5,4,5,1571458,56779,1571458,6,4,6,8533494,1075219,8533494,10104952,1131998,10104952,3.6,1.0,0.92,1.0,5,1571458,6,8533494,10104952,1.0,1.478086066246033,1.5345678567886352,1.4096229791641235,10,19.1,515318,1,12752,1,1,10,1,515318,1,12752,1,1,10,0.5,515318,1,12752,1,1
87,14,10,49,38256,3,0,0,1,6,6,6,1584210,1584210,1584210,4,4,4,9010556,9010556,9010556,10594766,10594766,10594766,3.6,1.0,1.0,1.0,1,611,4,74888,75499,0.75,1.4412397146224976,1.3786219358444214,1.2616477727890014,10,19.1,515318,1,12752,1,1,10,1,515318,1,12752,1,1,10,0.5,515318,1,12752,1,1
88,15,10,49,38256,3,0,0,1,6,6,6,1584210,1584210,1584210,4,4,4,9010556,9010556,9010556,10594766,10594766,10594766,3.6,1.0,1.0,1.0,3,44027,6,598157,642184,0.92,1.438552188873291,1.3538729906082154,1.2597418308258057,10,19.1,515318,1,12752,1,1,10,1,515318,1,12752,1,1,10,0.5,515318,1,12752,1,1
89,0,10,49,38256,3,0,0,1,2,6,2,13363,1602470,13015,2,4,5,551950,8532689,560706,565313,10135159,573721,3.6,0.75,0.83,0.88,2,13015,5,560706,573721,0.88,2.447528576850891,1.7045534372329711,1.6528690099716186,10,19.1,515318,1,12752,1,1,10,1,515318,1,12752,1,1,10,0.5,515318,1,12752,1,1
90,1,10,49,38256,3,0,0,1,2,3,3,13363,25767,25767,2,3,3,551950,1037768,1037768,565313,1063535,1063535,3.6,0.75,0.88,0.88,5,1589718,6,8055627,9645345,0.83,2.7596811056137085,2.1283179044723517,2.1092088222503658,10,19.1,515318,1,12752,1,1,10,1,515318,1,12752,1,1,10,0.5,515318,1,12752,1,1
91,2,10,49,38256,3,0,0,1,3,2,3,25767,13363,25767,3,2,3,1037768,551950,1037768,1063535,565313,1063535,3.6,0.88,0.75,0.88,5,1589718,6,8055627,9645345,0.83,2.3631958723068243,2.7888103246688845,2.3709282159805296,10,19.1,515318,1,12752,1,1,10,1,515318,1,12752,1,1,10,0.5,515318,1,12752,1,1
92,3,10,49,38256,3,0,0,1,3,6,3,25767,1602470,25767,3,4,3,1037768,8532689,1037768,1063535,10135159,1063535,3.6,0.88,0.83,0.88,1,611,4,74888,75499,0.75,1.844439792633057,1.773378324508667,1.721108627319336,10,19.1,515318,1,12752,1,1,10,1,515318,1,12752,1,1,10,0.5,515318,1,12752,1,1
93,4,10,49,38256,3,0,0,1,2,3,5,13363,56516,1558969,2,6,3,551950,1106343,7987052,565313,1162859,9546021,3.6,0.75,0.83,0.88,3,56516,6,1106343,1162859,0.83,2.4228585720062257,1.7089574813842774,1.5843859672546388,10,19.1,515318,1,12752,1,1,10,1,515318,1,12752,1,1,10,0.5,515318,1,12752,1,1
94,5,10,49,38256,3,0,0,1,3,2,5,56516,13363,1558969,6,2,3,1106343,551950,7987052,1162859,565313,9546021,3.6,0.83,0.75,0.88,3,56516,6,1106343,1162859,0.83,1.6172268390655518,1.986132264137268,1.4822485446929932,10,19.1,515318,1,12752,1,1,10,1,515318,1,12752,1,1,10,0.5,515318,1,12752,1,1
95,6,10,49,38256,3,0,0,1,4,4,5,69268,69268,1558969,4,4,3,1583405,1583405,7987052,1652673,1652673,9546021,3.6,0.83,0.83,0.88,1,611,4,74888,75499,0.75,1.6697830677032468,1.6964568376541138,1.579109263420105,10,19.1,515318,1,12752,1,1,10,1,515318,1,12752,1,1,10,0.5,515318,1,12752,1,1
96,7,10,49,38256,3,0,0,1,4,4,5,69268,69268,1558969,7,7,3,1621661,1621661,7987052,1690929,1690929,9546021,3.6,1.0,1.0,0.88,4,69268,7,1621661,1690929,1.0,1.7825724124908446,1.757480263710022,1.6282917261123655,10,19.1,515318,1,12752,1,1,10,1,515318,1,12752,1,1,10,0.5,515318,1,12752,1,1
97,0,10,49,38256,3,0,0,1,2,6,1,13363,1602470,12752,2,7,1,551950,8570945,515318,565313,10173415,528070,3.6,0.75,1.0,0.25,6,1602470,7,8570945,10173415,1.0,3.10630886554718,1.8436436176300048,1.7690575122833252,10,19.1,515318,1,12752,1,1,10,1,515318,1,12752,1,1,10,0.5,515318,1,12752,1,1
98,1,10,49,38256,3,0,0,1,2,6,1,13363,1602470,12752,2,4,4,551950,8532689,553574,565313,10135159,566326,3.6,0.75,0.83,0.5,1,12752,4,553574,566326,0.5,2.5238183736801147,1.7845779895782468,1.7192134618759156,10,19.1,515318,1,12752,1,1,10,1,515318,1,12752,1,1,10,0.5,515318,1,12752,1,1
99,2,10,49,38256,3,0,0,1,2,2,2,13363,25504,25504,2,2,2,551950,1030636,1030636,565313,1056140,1056140,3.6,0.75,0.5,0.5,5,1589718,6,8055627,9645345,0.83,11.491915631294253,11.065802836418152,11.046020364761352,10,19.1,515318,1,12752,1,1,10,1,515318,1,12752,1,1,10,0.5,515318,1,12752,1,1
100,3,10,49,38256,3,0,0,1,2,2,2,13363,25504,25504,2,5,5,551950,1068892,1068892,565313,1094396,1094396,3.6,0.75,0.75,0.75,2,25504,5,1068892,1094396,0.75,2.6129883527755737,1.979434895515442,1.949853229522705,10,19.1,515318,1,12752,1,1,10,1,515318,1,12752,1,1,10,0.5,515318,1,12752,1,1
101,4,10,49,38256,3,0,0,1,6,2,1,1602470,13363,12752,7,2,1,8570945,551950,515318,10173415,565313,528070,3.6,1.0,0.75,0.25,6,1602470,7,8570945,10173415,1.0,1.8422703981399533,2.1693578243255613,1.7404100179672242,10,19.1,515318,1,12752,1,1,10,1,515318,1,12752,1,1,10,0.5,515318,1,12752,1,1
102,5,10,49,38256,3,0,0,1,6,2,1,1602470,13363,12752,4,2,4,8532689,551950,553574,10135159,565313,566326,3.6,0.83,0.75,0.5,1,12752,4,553574,566326,0.5,1.73331778049469,2.0880406379699705,1.6706534624099731,10,19.1,515318,1,12752,1,1,10,1,515318,1,12752,1,1,10,0.5,515318,1,12752,1,1
103,6,10,49,38256,3,0,0,1,7,7,1,1615222,1615222,12752,5,5,1,9048007,9048007,515318,10663229,10663229,528070,3.6,1.0,1.0,0.25,1,611,4,74888,75499,0.75,1.6426257848739625,1.5417027950286866,1.5558793783187863,10,19.1,515318,1,12752,1,1,10,1,515318,1,12752,1,1,10,0.5,515318,1,12752,1,1
104,7,10,49,38256,3,0,0,1,7,7,1,1615222,1615222,12752,5,5,4,9048007,9048007,553574,10663229,10663229,566326,3.6,1.0,1.0,0.5,1,12752,4,553574,566326,0.5,1.6041907787322998,1.502784752845764,1.4927225112915041,10,19.1,515318,1,12752,1,1,10,1,515318,1,12752,1,1,10,0.5,515318,1,12752,1,1
105,8,10,49,38256,3,0,0,1,6,2,2,1602470,25504,25504,4,2,2,8532689,1030636,1030636,10135159,1056140,1056140,3.6,0.83,0.5,0.5,1,611,4,74888,75499,0.75,1.7817426681518556,1.7344834804534912,1.6903265237808227,10,19.1,515318,1,12752,1,1,10,1,515318,1,12752,1,1,10,0.5,515318,1,12752,1,1
106,9,10,49,38256,3,0,0,1,6,2,2,1602470,25504,25504,7,2,2,8570945,1030636,1030636,10173415,1056140,1056140,3.6,1.0,0.5,0.5,6,1602470,7,8570945,10173415,1.0,2.1316161870956423,2.081932663917541,2.0697753190994264,10,19.1,515318,1,12752,1,1,10,1,515318,1,12752,1,1,10,0.5,515318,1,12752,1,1
107,10,10,49,38256,3,0,0,1,6,2,2,1602470,25504,25504,4,5,5,8532689,1068892,1068892,10135159,1094396,1094396,3.6,0.83,0.75,0.75,2,25504,5,1068892,1094396,0.75,1.7104142904281616,1.7225679397583007,1.7022603750228882,10,19.1,515318,1,12752,1,1,10,1,515318,1,12752,1,1,10,0.5,515318,1,12752,1,1
108,11,10,49,38256,3,0,0,1,2,2,2,25504,13363,25504,2,2,2,1030636,551950,1030636,1056140,565313,1056140,3.6,0.5,0.75,0.5,5,1589718,6,8055627,9645345,0.83,1.725560450553894,2.1056448698043817,1.6819840908050536,10,19.1,515318,1,12752,1,1,10,1,515318,1,12752,1,1,10,0.5,515318,1,12752,1,1
109,12,10,49,38256,3,0,0,1,2,2,2,25504,13363,25504,5,2,5,1068892,551950,1068892,1094396,565313,1094396,3.6,0.75,0.75,0.75,2,25504,5,1068892,1094396,0.75,1.7199981451034545,2.1409427404403685,1.7421017885208132,10,19.1,515318,1,12752,1,1,10,1,515318,1,12752,1,1,10,0.5,515318,1,12752,1,1
110,13,10,49,38256,3,0,0,1,2,6,2,25504,1602470,25504,2,4,2,1030636,8532689,1030636,1056140,10135159,1056140,3.6,0.5,0.83,0.5,1,611,4,74888,75499,0.75,1.6765298843383791,1.5776514053344726,1.5798725843429566,10,19.1,515318,1,12752,1,1,10,1,515318,1,12752,1,1,10,0.5,515318,1,12752,1,1
111,14,10,49,38256,3,0,0,1,2,6,2,25504,1602470,25504,2,7,2,1030636,8570945,1030636,1056140,10173415,1056140,3.6,0.5,1.0,0.5,6,1602470,7,8570945,10173415,1.0,2.130473184585571,2.0786393165588377,2.0128549098968507,10,19.1,515318,1,12752,1,1,10,1,515318,1,12752,1,1,10,0.5,515318,1,12752,1,1
112,15,10,49,38256,3,0,0,1,2,6,2,25504,1602470,25504,5,4,5,1068892,8532689,1068892,1094396,10135159,1094396,3.6,0.75,0.83,0.75,2,25504,5,1068892,1094396,0.75,1.9116339683532717,1.8460394382476808,1.8385911464691165,10,19.1,515318,1,12752,1,1,10,1,515318,1,12752,1,1,10,0.5,515318,1,12752,1,1
113,16,10,49,38256,3,0,0,1,3,3,3,38256,38256,38256,3,3,3,1545954,1545954,1545954,1584210,1584210,1584210,3.6,0.75,0.75,0.75,1,611,4,74888,75499,0.75,1.8195679187774656,1.796418833732605,1.7576491355895996,10,19.1,515318,1,12752,1,1,10,1,515318,1,12752,1,1,10,0.5,515318,1,12752,1,1
114,17,10,49,38256,3,0,0,1,3,3,3,38256,38256,38256,3,3,3,1545954,1545954,1545954,1584210,1584210,1584210,3.6,0.75,0.75,0.75,5,1589718,6,8055627,9645345,0.83,1.8665928840637207,1.8420408010482787,1.812248969078064,10,19.1,515318,1,12752,1,1,10,1,515318,1,12752,1,1,10,0.5,515318,1,12752,1,1
115,18,10,49,38256,3,0,0,1,3,3,3,38256,38256,38256,6,6,6,1584210,1584210,1584210,1622466,1622466,1622466,3.6,1.0,1.0,1.0,3,38256,6,1584210,1622466,1.0,1.7304460287094117,1.739193654060364,1.7246945381164551,10,19.1,515318,1,12752,1,1,10,1,515318,1,12752,1,1,10,0.5,515318,1,12752,1,1
116,19,10,49,38256,3,0,0,1,2,3,4,13363,56516,1558706,2,6,2,551950,1106343,7979920,565313,1162859,9538626,3.6,0.75,0.83,0.5,3,56516,6,1106343,1162859,0.83,2.3084469079971317,1.6554282188415528,1.5565938234329224,10,19.1,515318,1,12752,1,1,10,1,515318,1,12752,1,1,10,0.5,515318,1,12752,1,1
117,20,10,49,38256,3,0,0,1,2,3,4,13363,56516,1558706,2,3,5,551950,1068087,8018176,565313,1124603,9576882,3.6,0.75,0.67,0.75,4,1558706,5,8018176,9576882,0.75,2.397079420089722,1.701285457611084,1.6072520732879638,10,19.1,515318,1,12752,1,1,10,1,515318,1,12752,1,1,10,0.5,515318,1,12752,1,1
118,21,10,49,38256,3,0,0,1,2,5,5,13363,1571458,1571458,2,3,3,551950,8495238,8495238,565313,10066696,10066696,3.6,0.75,0.75,0.75,2,43764,5,591025,634789,0.67,2.294148659706116,1.483995270729065,1.3895478248596191,10,19.1,515318,1,12752,1,1,10,1,515318,1,12752,1,1,10,0.5,515318,1,12752,1,1
119,22,10,49,38256,3,0,0,1,2,5,5,13363,1571458,1571458,2,6,6,551950,8533494,8533494,565313,10104952,10104952,3.6,0.75,1.0,1.0,5,1571458,6,8533494,10104952,1.0,2.2962319374084474,1.559516668319702,1.4646726608276368,10,19.1,515318,1,12752,1,1,10,1,515318,1,12752,1,1,10,0.5,515318,1,12752,1,1
120,23,10,49,38256,3,0,0,1,3,2,4,56516,13363,1558706,6,2,2,1106343,551950,7979920,1162859,565313,9538626,3.6,0.83,0.75,0.5,3,56516,6,1106343,1162859,0.83,1.6133681297302247,2.0151000738143923,1.5092828273773191,10,19.1,515318,1,12752,1,1,10,1,515318,1,12752,1,1,10,0.5,515318,1,12752,1,1
121,24,10,49,38256,3,0,0,1,3,2,4,56516,13363,1558706,3,2,5,1068087,551950,8018176,1124603,565313,9576882,3.6,0.67,0.75,0.75,4,1558706,5,8018176,9576882,0.75,1.6079908370971683,2.0237071752548217,1.5215234518051148,10,19.1,515318,1,12752,1,1,10,1,515318,1,12752,1,1,10,0.5,515318,1,12752,1,1
122,25,10,49,38256,3,0,0,1,4,4,4,69268,69268,1558706,4,4,2,1583405,1583405,7979920,1652673,1652673,9538626,3.6,0.83,0.83,0.5,1,611,4,74888,75499,0.75,1.6463510751724244,1.6185359716415406,1.5125204563140868,10,19.1,515318,1,12752,1,1,10,1,515318,1,12752,1,1,10,0.5,515318,1,12752,1,1
123,26,10,49,38256,3,0,0,1,4,4,4,69268,69268,1558706,7,7,2,1621661,1621661,7979920,1690929,1690929,9538626,3.6,1.0,1.0,0.5,4,69268,7,1621661,1690929,1.0,1.656932044029236,1.642710280418396,1.5254269123077393,10,19.1,515318,1,12752,1,1,10,1,515318,1,12752,1,1,10,0.5,515318,1,12752,1,1
124,27,10,49,38256,3,0,0,1,4,4,4,69268,69268,1558706,4,4,5,1583405,1583405,8018176,1652673,1652673,9576882,3.6,0.83,0.83,0.75,4,1558706,5,8018176,9576882,0.75,1.683948564529419,1.6734920263290405,1.5560848474502564,10,19.1,515318,1,12752,1,1,10,1,515318,1,12752,1,1,10,0.5,515318,1,12752,1,1
125,28,10,49,38256,3,0,0,1,3,5,5,56516,1571458,1571458,3,3,3,1068087,8495238,8495238,1124603,10066696,10066696,3.6,0.67,0.75,0.75,1,611,4,74888,75499,0.75,1.6289896965026855,1.5540233373641967,1.451819658279419,10,19.1,515318,1,12752,1,1,10,1,515318,1,12752,1,1,10,0.5,515318,1,12752,1,1
126,29,10,49,38256,3,0,0,1,3,5,5,56516,1571458,1571458,6,3,3,1106343,8495238,8495238,1162859,10066696,10066696,3.6,0.83,0.75,0.75,3,56516,6,1106343,1162859,0.83,1.586111044883728,1.4933580875396728,1.3965606927871703,10,19.1,515318,1,12752,1,1,10,1,515318,1,12752,1,1,10,0.5,515318,1,12752,1,1
127,30,10,49,38256,3,0,0,1,3,5,5,56516,1571458,1571458,3,6,6,1068087,8533494,8533494,1124603,10104952,10104952,3.6,0.67,1.0,1.0,5,1571458,6,8533494,10104952,1.0,1.6424691200256347,1.5496181488037108,1.46015944480896,10,19.1,515318,1,12752,1,1,10,1,515318,1,12752,1,1,10,0.5,515318,1,12752,1,1
128,31,10,49,38256,3,0,0,1,5,2,5,1571458,13363,1571458,3,2,3,8495238,551950,8495238,10066696,565313,10066696,3.6,0.75,0.75,0.75,2,43764,5,591025,634789,0.67,1.486076831817627,1.921764087677002,1.4006836414337158,10,19.1,515318,1,12752,1,1,10,1,515318,1,12752,1,1,10,0.5,515318,1,12752,1,1
129,32,10,49,38256,3,0,0,1,5,2,5,1571458,13363,1571458,6,2,6,8533494,551950,8533494,10104952,565313,10104952,3.6,1.0,0.75,1.0,5,1571458,6,8533494,10104952,1.0,1.4719343423843383,1.916678237915039,1.3897218465805057,10,19.1,515318,1,12752,1,1,10,1,515318,1,12752,1,1,10,0.5,515318,1,12752,1,1
130,33,10,49,38256,3,0,0,1,5,3,5,1571458,56516,1571458,3,3,3,8495238,1068087,8495238,10066696,1124603,10066696,3.6,0.75,0.67,0.75,1,611,4,74888,75499,0.75,1.47962749004364,1.549661540985107,1.4406914234161377,10,19.1,515318,1,12752,1,1,10,1,515318,1,12752,1,1,10,0.5,515318,1,12752,1,1
131,34,10,49,38256,3,0,0,1,5,3,5,1571458,56516,1571458,3,6,3,8495238,1106343,8495238,10066696,1162859,10066696,3.6,0.75,0.83,0.75,3,56516,6,1106343,1162859,0.83,1.4844566345214845,1.5049154281616208,1.4143990993499755,10,19.1,515318,1,12752,1,1,10,1,515318,1,12752,1,1,10,0.5,515318,1,12752,1,1
132,35,10,49,38256,3,0,0,1,5,3,5,1571458,56516,1571458,6,3,6,8533494,1068087,8533494,10104952,1124603,10104952,3.6,1.0,0.67,1.0,5,1571458,6,8533494,10104952,1.0,1.4871689796447751,1.4903066158294678,1.4002832889556884,10,19.1,515318,1,12752,1,1,10,1,515318,1,12752,1,1,10,0.5,515318,1,12752,1,1
133,36,10,49,38256,3,0,0,1,6,6,6,1584210,1584210,1584210,4,4,4,9010556,9010556,9010556,10594766,10594766,10594766,3.6,1.0,1.0,1.0,1,611,4,74888,75499,0.75,1.4706767320632934,1.3998613595962524,1.2903700828552247,10,19.1,515318,1,12752,1,1,10,1,515318,1,12752,1,1,10,0.5,515318,1,12752,1,1
134,37,10,49,38256,3,0,0,1,6,6,6,1584210,1584210,1584210,4,4,4,9010556,9010556,9010556,10594766,10594766,10594766,3.6,1.0,1.0,1.0,2,43764,5,591025,634789,0.67,1.4652963399887085,1.3830482959747314,1.2820491552352906,10,19.1,515318,1,12752,1,1,10,1,515318,1,12752,1,1,10,0.5,515318,1,12752,1,1
135,0,10,49,38256,3,0,0,1,6,6,2,1578590,1578590,49384,7,7,2,8771374,8771374,830207,10349964,10349964,879591,3.6,0.92,0.92,0.62,6,1578590,7,8771374,10349964,0.92,2.021104383468628,1.878744077682495,1.8561845541000368,10,19.1,515318,1,12752,1,1,10,1,515318,1,12752,1,1,10,0.5,515318,1,12752,1,1
136,1,10,49,38256,3,0,0,1,6,6,2,1578590,1578590,49384,4,4,5,8733118,8733118,868463,10311708,10311708,917847,3.6,0.75,0.75,0.88,2,49384,5,868463,917847,0.88,1.6514971256256104,1.5231441497802731,1.4953897953033448,10,19.1,515318,1,12752,1,1,10,1,515318,1,12752,1,1,10,0.5,515318,1,12752,1,1
137,2,10,49,38256,3,0,0,1,5,3,3,1565838,62136,62136,6,3,3,8256056,1345525,1345525,9821894,1407661,1407661,3.6,0.75,0.88,0.88,5,1565838,6,8256056,9821894,0.75,1.7075665473937989,1.6546080827713012,1.6628718137741092,10,19.1,515318,1,12752,1,1,10,1,515318,1,12752,1,1,10,0.5,515318,1,12752,1,1
138,3,10,49,38256,3,0,0,1,3,5,3,62136,1565838,62136,3,6,3,1345525,8256056,1345525,1407661,9821894,1407661,3.6,0.88,0.75,0.88,5,1565838,6,8256056,9821894,0.75,1.7206469058990481,1.667780375480652,1.629279613494873,10,19.1,515318,1,12752,1,1,10,1,515318,1,12752,1,1,10,0.5,515318,1,12752,1,1
139,4,10,49,38256,3,0,0,1,3,3,5,32636,32636,1595338,6,6,3,1306772,1306772,8294809,1339408,1339408,9890147,3.6,0.75,0.75,0.88,3,32636,6,1306772,1339408,0.75,19.527372717857357,19.53436577320099,19.40634431838989,10,19.1,515318,1,12752,1,1,10,1,515318,1,12752,1,1,10,0.5,515318,1,12752,1,1
140,0,10,49,38256,3,0,0,1,2,6,2,13363,1566101,49384,2,7,2,551950,8263188,830207,565313,9829289,879591,3.6,0.75,1.0,0.62,6,1566101,7,8263188,9829289,1.0,3.917749190330505,3.260203981399536,3.2014580965042114,10,19.1,515318,1,12752,1,1,10,1,515318,1,12752,1,1,10,0.5,515318,1,12752,1,1
141,1,10,49,38256,3,0,0,1,2,6,2,13363,1566101,49384,2,4,5,551950,8224932,868463,565313,9791033,917847,3.6,0.75,0.83,0.88,2,49384,5,868463,917847,0.88,2.5796904802322387,1.879435467720032,1.8288540601730348,10,19.1,515318,1,12752,1,1,10,1,515318,1,12752,1,1,10,0.5,515318,1,12752,1,1
142,2,10,49,38256,3,0,0,1,2,3,3,13363,62136,62136,2,3,3,551950,1345525,1345525,565313,1407661,1407661,3.6,0.75,0.88,0.88,5,1553349,6,7747870,9301219,0.83,13.178296732902528,12.737272596359253,12.759523701667785,10,19.1,515318,1,12752,1,1,10,1,515318,1,12752,1,1,10,0.5,515318,1,12752,1,1
143,3,10,49,38256,3,0,0,1,6,2,2,1566101,13363,49384,7,2,2,8263188,551950,830207,9829289,565313,879591,3.6,1.0,0.75,0.62,6,1566101,7,8263188,9829289,1.0,2.3531170129776,2.638357925415039,2.238834023475647,10,19.1,515318,1,12752,1,1,10,1,515318,1,12752,1,1,10,0.5,515318,1,12752,1,1
144,4,10,49,38256,3,0,0,1,6,2,2,1566101,13363,49384,4,2,5,8224932,551950,868463,9791033,565313,917847,3.6,0.83,0.75,0.88,2,49384,5,868463,917847,0.88,2.1010571479797364,2.424661064147949,2.0310706853866582,10,19.1,515318,1,12752,1,1,10,1,515318,1,12752,1,1,10,0.5,515318,1,12752,1,1
145,5,10,49,38256,3,0,0,1,7,7,2,1578853,1578853,49384,5,5,2,8740250,8740250,830207,10319103,10319103,879591,3.6,1.0,1.0,0.62,1,611,4,74888,75499,0.75,1.991025161743164,1.822238850593567,1.7620655059814454,10,19.1,515318,1,12752,1,1,10,1,515318,1,12752,1,1,10,0.5,515318,1,12752,1,1
146,0,10,49,38256,3,0,0,1,6,2,2,1595601,25504,25504,6,5,5,8302815,1068892,1068892,9898416,1094396,1094396,3.6,1.0,0.75,0.75,2,25504,5,1068892,1094396,0.75,2.245280885696411,2.148380446434021,2.1447099924087523,10,19.1,515318,1,12752,1,1,10,1,515318,1,12752,1,1,10,0.5,515318,1,12752,1,1
147,1,10,49,38256,3,0,0,1,2,6,2,25504,1595601,25504,5,6,5,1068892,8302815,1068892,1094396,9898416,1094396,3.6,0.75,1.0,0.75,2,25504,5,1068892,1094396,0.75,1.9800815105438232,1.9380944490432737,1.9114827632904048,10,19.1,515318,1,12752,1,1,10,1,515318,1,12752,1,1,10,0.5,515318,1,12752,1,1
148,2,10,49,38256,3,0,0,1,3,3,3,38256,38256,38256,3,3,3,1545954,1545954,1545954,1584210,1584210,1584210,3.6,0.75,0.75,0.75,5,1582849,8,7825753,9408602,1.0,2.840552258491516,2.850608491897583,2.870648002624512,10,19.1,515318,1,12752,1,1,10,1,515318,1,12752,1,1,10,0.5,515318,1,12752,1,1
149,3,10,49,38256,3,0,0,1,3,3,3,38256,38256,38256,6,6,6,1584210,1584210,1584210,1622466,1622466,1622466,3.6,1.0,1.0,1.0,3,38256,6,1584210,1622466,1.0,2.4813034772872924,2.4696106672286993,2.4764025211334233,10,19.1,515318,1,12752,1,1,10,1,515318,1,12752,1,1,10,0.5,515318,1,12752,1,1
150,4,10,49,38256,3,0,0,1,4,4,4,62399,62399,1558706,6,6,5,1353531,1353531,8018176,1415930,1415930,9576882,3.6,1.0,1.0,0.75,4,1558706,5,8018176,9576882,0.75,1.6940548896789551,1.6416918992996217,1.506804585456848,10,19.1,515318,1,12752,1,1,10,1,515318,1,12752,1,1,10,0.5,515318,1,12752,1,1
151,5,10,49,38256,3,0,0,1,3,5,5,49647,1571458,1571458,8,3,3,876469,8495238,8495238,926116,10066696,10066696,3.6,1.0,0.75,0.75,3,49647,8,876469,926116,1.0,1.7407230138778689,1.5718842506408692,1.4771307229995727,10,19.1,515318,1,12752,1,1,10,1,515318,1,12752,1,1,10,0.5,515318,1,12752,1,1
152,6,10,49,38256,3,0,0,1,3,5,5,49647,1571458,1571458,5,6,6,838213,8533494,8533494,887860,10104952,10104952,3.6,0.83,1.0,1.0,5,1571458,6,8533494,10104952,1.0,1.8425938844680787,1.642699408531189,1.5499443292617798,10,19.1,515318,1,12752,1,1,10,1,515318,1,12752,1,1,10,0.5,515318,1,12752,1,1
153,7,10,49,38256,3,0,0,1,5,3,5,1571458,49647,1571458,3,8,3,8495238,876469,8495238,10066696,926116,10066696,3.6,0.75,1.0,0.75,3,49647,8,876469,926116,1.0,1.5751692056655884,1.710513973236084,1.5797901630401612,10,19.1,515318,1,12752,1,1,10,1,515318,1,12752,1,1,10,0.5,515318,1,12752,1,1
154,8,10,49,38256,3,0,0,1,5,3,5,1571458,49647,1571458,6,5,6,8533494,838213,8533494,10104952,887860,10104952,3.6,1.0,0.83,1.0,5,1571458,6,8533494,10104952,1.0,1.4621972799301148,1.5030686140060423,1.3780116319656373,10,19.1,515318,1,12752,1,1,10,1,515318,1,12752,1,1,10,0.5,515318,1,12752,1,1
155,9,10,49,38256,3,0,0,1,6,6,6,1584210,1584210,1584210,4,4,4,9010556,9010556,9010556,10594766,10594766,10594766,3.6,1.0,1.0,1.0,2,36895,7,361151,398046,0.83,1.4336793422698977,1.3562546253204346,1.257164621353149,10,19.1,515318,1,12752,1,1,10,1,515318,1,12752,1,1,10,0.5,515318,1,12752,1,1
156,0,10,49,38256,3,0,0,1,7,7,1,1608353,1608353,12752,5,5,6,8817259,8817259,554448,10425612,10425612,567200,3.6,1.0,1.0,0.75,1,12752,6,554448,567200,0.75,1.7234989166259769,1.58732008934021,1.5676358938217163,10,19.1,515318,1,12752,1,1,10,1,515318,1,12752,1,1,10,0.5,515318,1,12752,1,1
157,1,10,49,38256,3,0,0,1,6,2,2,1595601,25504,25504,7,4,4,8340197,1031510,1031510,9935798,1057014,1057014,3.6,1.0,0.75,0.75,6,1595601,7,8340197,9935798,1.0,1.9617052316665649,1.8762080907821652,1.8804330587387088,10,19.1,515318,1,12752,1,1,10,1,515318,1,12752,1,1,10,0.5,515318,1,12752,1,1
158,2,10,49,38256,3,0,0,1,6,2,2,1595601,25504,25504,4,7,7,8301941,1069766,1069766,9897542,1095270,1095270,3.6,0.83,1.0,1.0,2,25504,7,1069766,1095270,1.0,1.8011126279830934,1.7399909257888797,1.7018602371215816,10,19.1,515318,1,12752,1,1,10,1,515318,1,12752,1,1,10,0.5,515318,1,12752,1,1
159,3,10,49,38256,3,0,0,1,2,6,2,25504,1595601,25504,4,7,4,1031510,8340197,1031510,1057014,9935798,1057014,3.6,0.75,1.0,0.75,6,1595601,7,8340197,9935798,1.0,1.9329588651657104,1.87640118598938,1.8382249116897584,10,19.1,515318,1,12752,1,1,10,1,515318,1,12752,1,1,10,0.5,515318,1,12752,1,1
160,4,10,49,38256,3,0,0,1,2,6,2,25504,1595601,25504,7,4,7,1069766,8301941,1069766,1095270,9897542,1095270,3.6,1.0,0.83,1.0,2,25504,7,1069766,1095270,1.0,1.7570717096328736,1.6991105794906616,1.6497591495513917,10,19.1,515318,1,12752,1,1,10,1,515318,1,12752,1,1,10,0.5,515318,1,12752,1,1
161,5,10,49,38256,3,0,0,1,3,3,3,38256,38256,38256,5,5,5,1546828,1546828,1546828,1585084,1585084,1585084,3.6,1.0,1.0,1.0,5,1582849,6,7824879,9407728,0.83,2.1079036712646486,2.072747540473938,2.0367890596389766,10,19.1,515318,1,12752,1,1,10,1,515318,1,12752,1,1,10,0.5,515318,1,12752,1,1
162,6,10,49,38256,3,0,0,1,4,4,4,62399,62399,1558706,7,7,4,1390913,1390913,7980794,1453312,1453312,9539500,3.6,1.0,1.0,0.75,4,62399,7,1390913,1453312,1.0,1.705795311927795,1.7419044971466064,1.598754358291626,10,19.1,515318,1,12752,1,1,10,1,515318,1,12752,1,1,10,0.5,515318,1,12752,1,1
163,7,10,49,38256,3,0,0,1,4,4,4,62399,62399,1558706,4,4,7,1352657,1352657,8019050,1415056,1415056,9577756,3.6,0.83,0.83,1.0,4,1558706,7,8019050,9577756,1.0,1.6889129400253295,1.6769971370697019,1.5369505405426025,10,19.1,515318,1,12752,1,1,10,1,515318,1,12752,1,1,10,0.5,515318,1,12752,1,1
164,8,10,49,38256,3,0,0,1,3,5,5,49647,1571458,1571458,6,5,5,875595,8496112,8496112,925242,10067570,10067570,3.6,0.83,1.0,1.0,3,49647,6,875595,925242,0.83,1.7343280076980592,1.5534259557724,1.452271819114685,10,19.1,515318,1,12752,1,1,10,1,515318,1,12752,1,1,10,0.5,515318,1,12752,1,1
165,9,10,49,38256,3,0,0,1,5,3,5,1571458,49647,1571458,5,6,5,8496112,875595,8496112,10067570,925242,10067570,3.6,1.0,0.83,1.0,3,49647,6,875595,925242,0.83,1.4827565193176269,1.540973949432373,1.4284883260726928,10,19.1,515318,1,12752,1,1,10,1,515318,1,12752,1,1,10,0.5,515318,1,12752,1,1
166,0,10,49,38256,3,0,0,1,6,6,2,1608090,1608090,13015,6,6,5,8811001,8811001,560706,10419091,10419091,573721,3.6,0.92,0.92,0.88,2,13015,5,560706,573721,0.88,1.7530502319335937,1.638463568687439,1.6030553817749025,10,19.1,515318,1,12752,1,1,10,1,515318,1,12752,1,1,10,0.5,515318,1,12752,1,1
167,1,10,49,38256,3,0,0,1,5,3,3,1595338,25767,25767,8,3,3,8333939,1037768,1037768,9929277,1063535,1063535,3.6,0.92,0.88,0.88,5,1595338,8,8333939,9929277,0.92,1.9956333875656127,1.962617039680481,1.9829660654067995,10,19.1,515318,1,12752,1,1,10,1,515318,1,12752,1,1,10,0.5,515318,1,12752,1,1
168,2,10,49,38256,3,0,0,1,3,5,3,25767,1595338,25767,3,8,3,1037768,8333939,1037768,1063535,9929277,1063535,3.6,0.88,0.92,0.88,5,1595338,8,8333939,9929277,0.92,2.041188883781433,1.9653707981109616,1.92387216091156,10,19.1,515318,1,12752,1,1,10,1,515318,1,12752,1,1,10,0.5,515318,1,12752,1,1
169,3,10,49,38256,3,0,0,1,3,3,5,62136,62136,1558969,8,8,3,1384655,1384655,7987052,1446791,1446791,9546021,3.6,0.92,0.92,0.88,3,62136,8,1384655,1446791,0.92,2.3563623905181883,2.3879173278808588,2.2657516956329347,10,19.1,515318,1,12752,1,1,10,1,515318,1,12752,1,1,10,0.5,515318,1,12752,1,1
170,0,10,49,38256,3,0,0,1,6,6,2,1608090,1608090,13015,7,7,4,8848383,8848383,523324,10456473,10456473,536339,3.6,0.92,0.92,0.88,6,1608090,7,8848383,10456473,0.92,1.7833470821380617,1.6277825593948363,1.5984240293502807,10,19.1,515318,1,12752,1,1,10,1,515318,1,12752,1,1,10,0.5,515318,1,12752,1,1
171,0,10,49,38256,3,0,0,1,6,6,2,1571721,1571721,49384,6,6,5,8503244,8503244,868463,10074965,10074965,917847,3.6,0.92,0.92,0.88,2,49384,5,868463,917847,0.88,1.6755374193191528,1.546180772781372,1.5191810369491576,10,19.1,515318,1,12752,1,1,10,1,515318,1,12752,1,1,10,0.5,515318,1,12752,1,1
172,1,10,49,38256,3,0,0,1,5,3,3,1558969,62136,62136,8,3,3,8026182,1345525,1345525,9585151,1407661,1407661,3.6,0.92,0.88,0.88,5,1558969,8,8026182,9585151,0.92,2.269707036018372,2.195763921737671,2.204500150680542,10,19.1,515318,1,12752,1,1,10,1,515318,1,12752,1,1,10,0.5,515318,1,12752,1,1
173,2,10,49,38256,3,0,0,1,3,5,3,62136,1558969,62136,3,8,3,1345525,8026182,1345525,1407661,9585151,1407661,3.6,0.88,0.92,0.88,5,1558969,8,8026182,9585151,0.92,2.3880592346191407,2.179831123352051,2.1490160703659056,10,19.1,515318,1,12752,1,1,10,1,515318,1,12752,1,1,10,0.5,515318,1,12752,1,1
174,3,10,49,38256,3,0,0,1,3,3,5,25767,25767,1595338,8,8,3,1076898,1076898,8294809,1102665,1102665,9890147,3.6,0.92,0.92,0.88,3,25767,8,1076898,1102665,0.92,1.6439947843551637,1.6260817766189577,1.5048172950744632,10,19.1,515318,1,12752,1,1,10,1,515318,1,12752,1,1,10,0.5,515318,1,12752,1,1
175,0,10,49,38256,3,0,0,1,6,6,2,1571721,1571721,49384,7,7,4,8540626,8540626,831081,10112347,10112347,880465,3.6,0.92,0.92,0.88,6,1571721,7,8540626,10112347,0.92,2.0610408782958984,1.9133548498153687,1.873959732055664,10,19.1,515318,1,12752,1,1,10,1,515318,1,12752,1,1,10,0.5,515318,1,12752,1,1
176,0,10,49,38256,3,0,0,1,5,5,3,1571458,1571458,49647,8,8,3,8534368,8534368,837339,10105826,10105826,886986,3.6,0.83,0.83,1.0,5,1571458,8,8534368,10105826,0.83,1.686759090423584,1.5722850799560546,1.543316650390625,10,19.1,515318,1,12752,1,1,10,1,515318,1,12752,1,1,10,0.5,515318,1,12752,1,1
177,0,10,49,38256,3,0,0,1,6,2,2,1566101,25504,25504,6,5,5,8225806,1068892,1068892,9791907,1094396,1094396,3.6,1.0,0.75,0.75,2,25504,5,1068892,1094396,0.75,2.616707754135132,2.485115766525269,2.514920377731323,10,19.1,515318,1,12752,1,1,10,1,515318,1,12752,1,1,10,0.5,515318,1,12752,1,1
178,1,10,49,38256,3,0,0,1,2,6,2,25504,1566101,25504,5,6,5,1068892,8225806,1068892,1094396,9791907,1094396,3.6,0.75,1.0,0.75,2,25504,5,1068892,1094396,0.75,2.227281904220581,2.1882129192352293,2.130755424499512,10,19.1,515318,1,12752,1,1,10,1,515318,1,12752,1,1,10,0.5,515318,1,12752,1,1
179,2,10,49,38256,3,0,0,1,3,3,3,38256,38256,38256,3,3,3,1545954,1545954,1545954,1584210,1584210,1584210,3.6,0.75,0.75,0.75,5,1553349,8,7748744,9302093,1.0,2.956087613105774,2.9730359315872192,2.9935719251632684,10,19.1,515318,1,12752,1,1,10,1,515318,1,12752,1,1,10,0.5,515318,1,12752,1,1
180,3,10,49,38256,3,0,0,1,3,3,3,38256,38256,38256,6,6,6,1584210,1584210,1584210,1622466,1622466,1622466,3.6,1.0,1.0,1.0,3,38256,6,1584210,1622466,1.0,2.9962247848510737,3.004083371162414,3.0074811458587645,10,19.1,515318,1,12752,1,1,10,1,515318,1,12752,1,1,10,0.5,515318,1,12752,1,1
181,4,10,49,38256,3,0,0,1,4,4,4,32899,32899,1558706,6,6,5,1276522,1276522,8018176,1309421,1309421,9576882,3.6,1.0,1.0,0.75,4,1558706,5,8018176,9576882,0.75,1.6965412378311158,1.6941955089569092,1.551059937477112,10,19.1,515318,1,12752,1,1,10,1,515318,1,12752,1,1,10,0.5,515318,1,12752,1,1
182,5,10,49,38256,3,0,0,1,3,5,5,20147,1571458,1571458,8,3,3,799460,8495238,8495238,819607,10066696,10066696,3.6,1.0,0.75,0.75,3,20147,8,799460,819607,1.0,1.6998993158340454,1.445207905769348,1.3533592700958252,10,19.1,515318,1,12752,1,1,10,1,515318,1,12752,1,1,10,0.5,515318,1,12752,1,1
183,6,10,49,38256,3,0,0,1,3,5,5,20147,1571458,1571458,5,6,6,761204,8533494,8533494,781351,10104952,10104952,3.6,0.83,1.0,1.0,5,1571458,6,8533494,10104952,1.0,1.7192581653594972,1.52664635181427,1.43349392414093,10,19.1,515318,1,12752,1,1,10,1,515318,1,12752,1,1,10,0.5,515318,1,12752,1,1
184,7,10,49,38256,3,0,0,1,5,3,5,1571458,20147,1571458,3,8,3,8495238,799460,8495238,10066696,819607,10066696,3.6,0.75,1.0,0.75,3,20147,8,799460,819607,1.0,1.4448186159133911,1.4989264249801637,1.357596015930176,10,19.1,515318,1,12752,1,1,10,1,515318,1,12752,1,1,10,0.5,515318,1,12752,1,1
185,8,10,49,38256,3,0,0,1,5,3,5,1571458,20147,1571458,6,5,6,8533494,761204,8533494,10104952,781351,10104952,3.6,1.0,0.83,1.0,5,1571458,6,8533494,10104952,1.0,1.4886887550354004,1.6099078416824342,1.4561924695968629,10,19.1,515318,1,12752,1,1,10,1,515318,1,12752,1,1,10,0.5,515318,1,12752,1,1
186,9,10,49,38256,3,0,0,1,6,6,6,1584210,1584210,1584210,4,4,4,9010556,9010556,9010556,10594766,10594766,10594766,3.6,1.0,1.0,1.0,2,7395,7,284142,291537,0.83,1.439997935295105,1.3522981643676757,1.2600727081298828,10,19.1,515318,1,12752,1,1,10,1,515318,1,12752,1,1,10,0.5,515318,1,12752,1,1
187,0,10,49,38256,3,0,0,1,7,7,1,1578853,1578853,12752,5,5,6,8740250,8740250,554448,10319103,10319103,567200,3.6,1.0,1.0,0.75,1,12752,6,554448,567200,0.75,1.9825195074081419,1.8509022951126102,1.7898743867874145,10,19.1,515318,1,12752,1,1,10,1,515318,1,12752,1,1,10,0.5,515318,1,12752,1,1
188,1,10,49,38256,3,0,0,1,6,2,2,1566101,25504,25504,7,4,4,8263188,1031510,1031510,9829289,1057014,1057014,3.6,1.0,0.75,0.75,6,1566101,7,8263188,9829289,1.0,2.2506609439849847,2.198837733268738,2.19520103931427,10,19.1,515318,1,12752,1,1,10,1,515318,1,12752,1,1,10,0.5,515318,1,12752,1,1
189,2,10,49,38256,3,0,0,1,6,2,2,1566101,25504,25504,4,7,7,8224932,1069766,1069766,9791033,1095270,1095270,3.6,0.83,1.0,1.0,2,25504,7,1069766,1095270,1.0,2.244566893577576,2.1205570697784424,2.138209652900696,10,19.1,515318,1,12752,1,1,10,1,515318,1,12752,1,1,10,0.5,515318,1,12752,1,1
190,3,10,49,38256,3,0,0,1,2,6,2,25504,1566101,25504,4,7,4,1031510,8263188,1031510,1057014,9829289,1057014,3.6,0.75,1.0,0.75,6,1566101,7,8263188,9829289,1.0,2.363682675361633,2.3273312330245965,2.2830812454223635,10,19.1,515318,1,12752,1,1,10,1,515318,1,12752,1,1,10,0.5,515318,1,12752,1,1
191,4,10,49,38256,3,0,0,1,2,6,2,25504,1566101,25504,7,4,7,1069766,8224932,1069766,1095270,9791033,1095270,3.6,1.0,0.83,1.0,2,25504,7,1069766,1095270,1.0,2.0227124691009517,1.99569833278656,1.9463423728942868,10,19.1,515318,1,12752,1,1,10,1,515318,1,12752,1,1,10,0.5,515318,1,12752,1,1
192,5,10,49,38256,3,0,0,1,3,3,3,38256,38256,38256,5,5,5,1546828,1546828,1546828,1585084,1585084,1585084,3.6,1.0,1.0,1.0,5,1553349,6,7747870,9301219,0.83,2.6527408838272093,2.640050530433655,2.6386158227920533,10,19.1,515318,1,12752,1,1,10,1,515318,1,12752,1,1,10,0.5,515318,1,12752,1,1
193,6,10,49,38256,3,0,0,1,4,4,4,32899,32899,1558706,7,7,4,1313904,1313904,7980794,1346803,1346803,9539500,3.6,1.0,1.0,0.75,4,32899,7,1313904,1346803,1.0,1.6647116899490355,1.6029053449630737,1.4492663145065308,10,19.1,515318,1,12752,1,1,10,1,515318,1,12752,1,1,10,0.5,515318,1,12752,1,1
194,7,10,49,38256,3,0,0,1,4,4,4,32899,32899,1558706,4,4,7,1275648,1275648,8019050,1308547,1308547,9577756,3.6,0.83,0.83,1.0,4,1558706,7,8019050,9577756,1.0,1.7419855117797851,1.7211949110031128,1.5822915315628052,10,19.1,515318,1,12752,1,1,10,1,515318,1,12752,1,1,10,0.5,515318,1,12752,1,1
195,8,10,49,38256,3,0,0,1,3,5,5,20147,1571458,1571458,6,5,5,798586,8496112,8496112,818733,10067570,10067570,3.6,0.83,1.0,1.0,3,20147,6,798586,818733,0.83,1.6977908849716186,1.4959242343902588,1.39710214138031,10,19.1,515318,1,12752,1,1,10,1,515318,1,12752,1,1,10,0.5,515318,1,12752,1,1
196,9,10,49,38256,3,0,0,1,5,3,5,1571458,20147,1571458,5,6,5,8496112,798586,8496112,10067570,818733,10067570,3.6,1.0,0.83,1.0,3,20147,6,798586,818733,0.83,1.4406693935394288,1.4976700782775878,1.344052791595459,10,19.1,515318,1,12752,1,1,10,1,515318,1,12752,1,1,10,0.5,515318,1,12752,1,1
197,0,10,49,38256,3,0,0,1,6,6,2,1578590,1578590,13015,6,6,5,8733992,8733992,560706,10312582,10312582,573721,3.6,0.92,0.92,0.88,2,13015,5,560706,573721,0.88,1.7519246816635132,1.588649582862854,1.5468014955520633,10,19.1,515318,1,12752,1,1,10,1,515318,1,12752,1,1,10,0.5,515318,1,12752,1,1
198,1,10,49,38256,3,0,0,1,5,3,3,1565838,25767,25767,8,3,3,8256930,1037768,1037768,9822768,1063535,1063535,3.6,0.92,0.88,0.88,5,1565838,8,8256930,9822768,0.92,2.0663668632507326,1.992268109321594,1.944826865196228,10,19.1,515318,1,12752,1,1,10,1,515318,1,12752,1,1,10,0.5,515318,1,12752,1,1
199,2,10,49,38256,3,0,0,1,3,5,3,25767,1565838,25767,3,8,3,1037768,8256930,1037768,1063535,9822768,1063535,3.6,0.88,0.92,0.88,5,1565838,8,8256930,9822768,0.92,1.912667179107666,1.863541865348816,1.820329427719116,10,19.1,515318,1,12752,1,1,10,1,515318,1,12752,1,1,10,0.5,515318,1,12752,1,1
200,3,10,49,38256,3,0,0,1,3,3,5,32636,32636,1558969,8,8,3,1307646,1307646,7987052,1340282,1340282,9546021,3.6,0.92,0.92,0.88,3,32636,8,1307646,1340282,0.92,1.736307954788208,1.6983438968658446,1.5730311632156373,10,19.1,515318,1,12752,1,1,10,1,515318,1,12752,1,1,10,0.5,515318,1,12752,1,1
201,0,10,49,38256,3,0,0,1,6,6,2,1578590,1578590,13015,7,7,4,8771374,8771374,523324,10349964,10349964,536339,3.6,0.92,0.92,0.88,6,1578590,7,8771374,10349964,0.92,1.7386626243591308,1.6005812644958497,1.5935189723968506,10,19.1,515318,1,12752,1,1,10,1,515318,1,12752,1,1,10,0.5,515318,1,12752,1,1
202,0,10,49,38256,3,0,0,1,7,7,1,1615222,1615222,12752,5,5,6,9048007,9048007,554448,10663229,10663229,567200,3.6,1.0,1.0,0.75,1,12752,6,554448,567200,0.75,1.8042233228683469,1.6592339515686034,1.6181906461715698,10,19.1,515318,1,12752,1,1,10,1,515318,1,12752,1,1,10,0.5,515318,1,12752,1,1
203,1,10,49,38256,3,0,0,1,6,2,2,1602470,25504,25504,7,4,4,8570945,1031510,1031510,10173415,1057014,1057014,3.6,1.0,0.75,0.75,6,1602470,7,8570945,10173415,1.0,1.989187240600586,1.9339180946350096,1.9341141700744628,10,19.1,515318,1,12752,1,1,10,1,515318,1,12752,1,1,10,0.5,515318,1,12752,1,1
204,2,10,49,38256,3,0,0,1,6,2,2,1602470,25504,25504,4,7,7,8532689,1069766,1069766,10135159,1095270,1095270,3.6,0.83,1.0,1.0,2,25504,7,1069766,1095270,1.0,1.771376442909241,1.722069549560547,1.691573476791382,10,19.1,515318,1,12752,1,1,10,1,515318,1,12752,1,1,10,0.5,515318,1,12752,1,1
205,3,10,49,38256,3,0,0,1,2,6,2,25504,1602470,25504,4,7,4,1031510,8570945,1031510,1057014,10173415,1057014,3.6,0.75,1.0,0.75,6,1602470,7,8570945,10173415,1.0,2.020582580566406,1.7919904470443726,1.7581071376800537,10,19.1,515318,1,12752,1,1,10,1,515318,1,12752,1,1,10,0.5,515318,1,12752,1,1
206,4,10,49,38256,3,0,0,1,2,6,2,25504,1602470,25504,7,4,7,1069766,8532689,1069766,1095270,10135159,1095270,3.6,1.0,0.83,1.0,2,25504,7,1069766,1095270,1.0,1.7997923135757443,1.7351500988006592,1.6811213970184329,10,19.1,515318,1,12752,1,1,10,1,515318,1,12752,1,1,10,0.5,515318,1,12752,1,1
207,5,10,49,38256,3,0,0,1,3,3,3,38256,38256,38256,5,5,5,1546828,1546828,1546828,1585084,1585084,1585084,3.6,1.0,1.0,1.0,5,1589718,6,8055627,9645345,0.83,2.1224526166915894,2.0929974794387816,2.059519481658936,10,19.1,515318,1,12752,1,1,10,1,515318,1,12752,1,1,10,0.5,515318,1,12752,1,1
208,6,10,49,38256,3,0,0,1,4,4,4,69268,69268,1558706,7,7,4,1621661,1621661,7980794,1690929,1690929,9539500,3.6,1.0,1.0,0.75,4,69268,7,1621661,1690929,1.0,1.6507822751998902,1.6189215898513794,1.506578755378723,10,19.1,515318,1,12752,1,1,10,1,515318,1,12752,1,1,10,0.5,515318,1,12752,1,1
209,7,10,49,38256,3,0,0,1,4,4,4,69268,69268,1558706,4,4,7,1583405,1583405,8019050,1652673,1652673,9577756,3.6,0.83,0.83,1.0,4,1558706,7,8019050,9577756,1.0,1.659956192970276,1.6399795770645142,1.5389440536499024,10,19.1,515318,1,12752,1,1,10,1,515318,1,12752,1,1,10,0.5,515318,1,12752,1,1
210,8,10,49,38256,3,0,0,1,3,5,5,56516,1571458,1571458,6,5,5,1106343,8496112,8496112,1162859,10067570,10067570,3.6,0.83,1.0,1.0,3,56516,6,1106343,1162859,0.83,1.7196152687072754,1.572605586051941,1.4707199096679688,10,19.1,515318,1,12752,1,1,10,1,515318,1,12752,1,1,10,0.5,515318,1,12752,1,1
211,9,10,49,38256,3,0,0,1,5,3,5,1571458,56516,1571458,5,6,5,8496112,1106343,8496112,10067570,1162859,10067570,3.6,1.0,0.83,1.0,3,56516,6,1106343,1162859,0.83,1.4617321014404296,1.4955618381500244,1.3883416414260863,10,19.1,515318,1,12752,1,1,10,1,515318,1,12752,1,1,10,0.5,515318,1,12752,1,1
212,0,10,49,38256,3,0,0,1,2,5,5,13363,1571458,1571458,2,6,6,551950,8533494,8533494,565313,10104952,10104952,3.6,0.75,1.0,1.0,5,1571458,6,8533494,10104952,1.0,2.353750729560852,1.6073431968688965,1.5148810386657714,10,19.1,515318,1,12752,1,1,10,1,515318,1,12752,1,1,10,0.5,515318,1,12752,1,1
213,1,10,49,38256,3,0,0,1,5,2,5,1571458,13363,1571458,6,2,6,8533494,551950,8533494,10104952,565313,10104952,3.6,1.0,0.75,1.0,5,1571458,6,8533494,10104952,1.0,1.477995491027832,1.9245718240737917,1.4021587371826172,10,19.1,515318,1,12752,1,1,10,1,515318,1,12752,1,1,10,0.5,515318,1,12752,1,1
214,2,10,49,38256,3,0,0,1,6,6,6,1584210,1584210,1584210,4,4,4,9010556,9010556,9010556,10594766,10594766,10594766,3.6,1.0,1.0,1.0,1,611,4,74888,75499,0.75,1.4284872055053708,1.340464973449707,1.2513554096221924,10,19.1,515318,1,12752,1,1,10,1,515318,1,12752,1,1,10,0.5,515318,1,12752,1,1
215,0,10,49,38256,3,0,0,1,2,2,2,13363,25504,25504,2,7,7,551950,1069766,1069766,565313,1095270,1095270,3.6,0.75,1.0,1.0,2,25504,7,1069766,1095270,1.0,3.020046925544739,2.372253179550171,2.3667484760284423,10,19.1,515318,1,12752,1,1,10,1,515318,1,12752,1,1,10,0.5,515318,1,12752,1,1
216,1,10,49,38256,3,0,0,1,2,2,2,25504,13363,25504,7,2,7,1069766,551950,1069766,1095270,565313,1095270,3.6,1.0,0.75,1.0,2,25504,7,1069766,1095270,1.0,2.713039803504944,3.1070877313613887,2.738579273223877,10,19.1,515318,1,12752,1,1,10,1,515318,1,12752,1,1,10,0.5,515318,1,12752,1,1
217,2,10,49,38256,3,0,0,1,3,3,3,38256,38256,38256,5,5,5,1546828,1546828,1546828,1585084,1585084,1585084,3.6,1.0,1.0,1.0,1,611,4,74888,75499,0.75,2.157197022438049,2.1508629083633424,2.131754469871521,10,19.1,515318,1,12752,1,1,10,1,515318,1,12752,1,1,10,0.5,515318,1,12752,1,1
218,3,10,49,38256,3,0,0,1,2,4,4,13363,56779,1558706,2,4,7,551950,1075219,8019050,565313,1131998,9577756,3.6,0.75,0.92,1.0,4,1558706,7,8019050,9577756,1.0,2.4039707899093634,1.8119346380233765,1.683606505393982,10,19.1,515318,1,12752,1,1,10,1,515318,1,12752,1,1,10,0.5,515318,1,12752,1,1
219,4,10,49,38256,3,0,0,1,2,5,5,13363,1571458,1571458,2,5,5,551950,8496112,8496112,565313,10067570,10067570,3.6,0.75,1.0,1.0,3,44027,6,598157,642184,0.92,2.230974531173706,1.4696725368499757,1.3733706951141358,10,19.1,515318,1,12752,1,1,10,1,515318,1,12752,1,1,10,0.5,515318,1,12752,1,1
220,5,10,49,38256,3,0,0,1,4,2,4,56779,13363,1558706,4,2,7,1075219,551950,8019050,1131998,565313,9577756,3.6,0.92,0.75,1.0,4,1558706,7,8019050,9577756,1.0,1.6646559238433838,2.022119331359863,1.5065883159637452,10,19.1,515318,1,12752,1,1,10,1,515318,1,12752,1,1,10,0.5,515318,1,12752,1,1
221,6,10,49,38256,3,0,0,1,4,5,5,56779,1571458,1571458,4,5,5,1075219,8496112,8496112,1131998,10067570,10067570,3.6,0.92,1.0,1.0,1,611,4,74888,75499,0.75,1.6661516427993774,1.5022568225860595,1.401937580108643,10,19.1,515318,1,12752,1,1,10,1,515318,1,12752,1,1,10,0.5,515318,1,12752,1,1
222,7,10,49,38256,3,0,0,1,5,2,5,1571458,13363,1571458,5,2,5,8496112,551950,8496112,10067570,565313,10067570,3.6,1.0,0.75,1.0,3,44027,6,598157,642184,0.92,1.467697763442993,1.8874094724655148,1.4089286088943482,10,19.1,515318,1,12752,1,1,10,1,515318,1,12752,1,1,10,0.5,515318,1,12752,1,1
223,8,10,49,38256,3,0,0,1,5,4,5,1571458,56779,1571458,5,4,5,8496112,1075219,8496112,10067570,1131998,10067570,3.6,1.0,0.92,1.0,1,611,4,74888,75499,0.75,1.4622332811355592,1.5906516551971437,1.4564024686813355,10,19.1,515318,1,12752,1,1,10,1,515318,1,12752,1,1,10,0.5,515318,1,12752,1,1
224,0,10,49,38256,3,0,0,1,2,6,2,13363,1602470,13015,2,6,5,551950,8533563,560706,565313,10136033,573721,3.6,0.75,1.0,0.88,2,13015,5,560706,573721,0.88,3.2135041475296022,2.3111432552337647,2.301598072052002,10,19.1,515318,1,12752,1,1,10,1,515318,1,12752,1,1,10,0.5,515318,1,12752,1,1
225,1,10,49,38256,3,0,0,1,2,3,3,13363,25767,25767,2,3,3,551950,1037768,1037768,565313,1063535,1063535,3.6,0.75,0.88,0.88,5,1589718,8,8056501,9646219,1.0,3.169845986366272,2.5367143869400026,2.531324553489685,10,19.1,515318,1,12752,1,1,10,1,515318,1,12752,1,1,10,0.5,515318,1,12752,1,1
226,2,10,49,38256,3,0,0,1,6,2,2,1602470,13363,13015,6,2,5,8533563,551950,560706,10136033,565313,573721,3.6,1.0,0.75,0.88,2,13015,5,560706,573721,0.88,1.9536370515823365,2.290712332725525,1.8922247648239137,10,19.1,515318,1,12752,1,1,10,1,515318,1,12752,1,1,10,0.5,515318,1,12752,1,1
227,3,10,49,38256,3,0,0,1,6,3,3,1602470,25767,25767,6,3,3,8533563,1037768,1037768,10136033,1063535,1063535,3.6,1.0,0.88,0.88,1,611,4,74888,75499,0.75,2.10895791053772,2.044718623161316,2.0474455118179318,10,19.1,515318,1,12752,1,1,10,1,515318,1,12752,1,1,10,0.5,515318,1,12752,1,1
228,4,10,49,38256,3,0,0,1,3,2,3,25767,13363,25767,3,2,3,1037768,551950,1037768,1063535,565313,1063535,3.6,0.88,0.75,0.88,5,1589718,8,8056501,9646219,1.0,2.066494536399841,2.4662652015686035,2.0527359008789063,10,19.1,515318,1,12752,1,1,10,1,515318,1,12752,1,1,10,0.5,515318,1,12752,1,1
229,5,10,49,38256,3,0,0,1,3,6,3,25767,1602470,25767,3,6,3,1037768,8533563,1037768,1063535,10136033,1063535,3.6,0.88,1.0,0.88,1,611,4,74888,75499,0.75,1.8220598936080927,1.7575131654739382,1.7241235494613647,10,19.1,515318,1,12752,1,1,10,1,515318,1,12752,1,1,10,0.5,515318,1,12752,1,1
230,6,10,49,38256,3,0,0,1,2,3,5,13363,56516,1558969,2,8,3,551950,1107217,7987052,565313,1163733,9546021,3.6,0.75,1.0,0.88,3,56516,8,1107217,1163733,1.0,2.4697163820266725,1.7801442623138428,1.6490755319595336,10,19.1,515318,1,12752,1,1,10,1,515318,1,12752,1,1,10,0.5,515318,1,12752,1,1
231,7,10,49,38256,3,0,0,1,3,2,5,56516,13363,1558969,8,2,3,1107217,551950,7987052,1163733,565313,9546021,3.6,1.0,0.75,0.88,3,56516,8,1107217,1163733,1.0,1.9841445207595825,2.3521872520446783,1.8116127490997316,10,19.1,515318,1,12752,1,1,10,1,515318,1,12752,1,1,10,0.5,515318,1,12752,1,1
232,8,10,49,38256,3,0,0,1,4,4,5,69268,69268,1558969,6,6,3,1584279,1584279,7987052,1653547,1653547,9546021,3.6,1.0,1.0,0.88,1,611,4,74888,75499,0.75,1.8109609842300416,1.7438875675201415,1.6198261737823487,10,19.1,515318,1,12752,1,1,10,1,515318,1,12752,1,1,10,0.5,515318,1,12752,1,1
233,0,10,49,38256,3,0,0,1,2,6,2,13363,1602470,13015,2,7,4,551950,8570945,523324,565313,10173415,536339,3.6,0.75,1.0,0.88,6,1602470,7,8570945,10173415,1.0,2.677245140075684,1.96378493309021,1.9237468957901,10,19.1,515318,1,12752,1,1,10,1,515318,1,12752,1,1,10,0.5,515318,1,12752,1,1
234,1,10,49,38256,3,0,0,1,6,2,2,1602470,13363,13015,7,2,4,8570945,551950,523324,10173415,565313,536339,3.6,1.0,0.75,0.88,6,1602470,7,8570945,10173415,1.0,2.0850866317749017,2.4392076253890997,2.021206736564636,10,19.1,515318,1,12752,1,1,10,1,515318,1,12752,1,1,10,0.5,515318,1,12752,1,1
235,2,10,49,38256,3,0,0,1,7,7,2,1615222,1615222,13015,5,5,4,9048007,9048007,523324,10663229,10663229,536339,3.6,1.0,1.0,0.88,1,611,4,74888,75499,0.75,1.7375241279602052,1.6125071287155148,1.5789535045623782,10,19.1,515318,1,12752,1,1,10,1,515318,1,12752,1,1,10,0.5,515318,1,12752,1,1
236,0,10,49,38256,3,0,0,1,6,6,2,1578590,1578590,49384,6,6,5,8733992,8733992,868463,10312582,10312582,917847,3.6,0.92,0.92,0.88,2,49384,5,868463,917847,0.88,1.7130011558532714,1.5607420921325683,1.5435873746871949,10,19.1,515318,1,12752,1,1,10,1,515318,1,12752,1,1,10,0.5,515318,1,12752,1,1
237,1,10,49,38256,3,0,0,1,5,3,3,1565838,62136,62136,8,3,3,8256930,1345525,1345525,9822768,1407661,1407661,3.6,0.92,0.88,0.88,5,1565838,8,8256930,9822768,0.92,1.948872208595276,1.8865718126297,1.901886510848999,10,19.1,515318,1,12752,1,1,10,1,515318,1,12752,1,1,10,0.5,515318,1,12752,1,1
238,2,10,49,38256,3,0,0,1,3,5,3,62136,1565838,62136,3,8,3,1345525,8256930,1345525,1407661,9822768,1407661,3.6,0.88,0.92,0.88,5,1565838,8,8256930,9822768,0.92,1.8747126340866092,1.81867835521698,1.7712947845458984,10,19.1,515318,1,12752,1,1,10,1,515318,1,12752,1,1,10,0.5,515318,1,12752,1,1
239,3,10,49,38256,3,0,0,1,3,3,5,32636,32636,1595338,8,8,3,1307646,1307646,8294809,1340282,1340282,9890147,3.6,0.92,0.92,0.88,3,32636,8,1307646,1340282,0.92,1.66057288646698,1.6488135814666751,1.541369104385376,10,19.1,515318,1,12752,1,1,10,1,515318,1,12752,1,1,10,0.5,515318,1,12752,1,1
240,0,10,49,38256,3,0,0,1,6,6,2,1578590,1578590,49384,7,7,4,8771374,8771374,831081,10349964,10349964,880465,3.6,0.92,0.92,0.88,6,1578590,7,8771374,10349964,0.92,1.907300329208374,1.7789490461349486,1.7309588670730591,10,19.1,515318,1,12752,1,1,10,1,515318,1,12752,1,1,10,0.5,515318,1,12752,1,1
241,0,10,49,38256,3,0,0,1,2,6,2,13363,1566101,49384,2,6,5,551950,8225806,868463,565313,9791907,917847,3.6,0.75,1.0,0.88,2,49384,5,868463,917847,0.88,2.718921661376953,2.028551173210144,1.9880911588668824,10,19.1,515318,1,12752,1,1,10,1,515318,1,12752,1,1,10,0.5,515318,1,12752,1,1
242,1,10,49,38256,3,0,0,1,2,3,3,13363,62136,62136,2,3,3,551950,1345525,1345525,565313,1407661,1407661,3.6,0.75,0.88,0.88,5,1553349,8,7748744,9302093,1.0,3.437677764892578,2.7530516862869256,2.749279499053955,10,19.1,515318,1,12752,1,1,10,1,515318,1,12752,1,1,10,0.5,515318,1,12752,1,1
243,2,10,49,38256,3,0,0,1,6,2,2,1566101,13363,49384,6,2,5,8225806,551950,868463,9791907,565313,917847,3.6,1.0,0.75,0.88,2,49384,5,868463,917847,0.88,2.2518434524536133,2.506889200210572,2.1295304536819457,10,19.1,515318,1,12752,1,1,10,1,515318,1,12752,1,1,10,0.5,515318,1,12752,1,1
244,3,10,49,38256,3,0,0,1,6,3,3,1566101,62136,62136,6,3,3,8225806,1345525,1345525,9791907,1407661,1407661,3.6,1.0,0.88,0.88,1,611,4,74888,75499,0.75,2.713923072814941,2.5803950309753416,2.588487339019776,10,19.1,515318,1,12752,1,1,10,1,515318,1,12752,1,1,10,0.5,515318,1,12752,1,1
245,4,10,49,38256,3,0,0,1,3,2,3,62136,13363,62136,3,2,3,1345525,551950,1345525,1407661,565313,1407661,3.6,0.88,0.75,0.88,5,1553349,8,7748744,9302093,1.0,2.71612765789032,3.1452156782150267,2.7422582387924197,10,19.1,515318,1,12752,1,1,10,1,515318,1,12752,1,1,10,0.5,515318,1,12752,1,1
246,5,10,49,38256,3,0,0,1,3,6,3,62136,1566101,62136,3,6,3,1345525,8225806,1345525,1407661,9791907,1407661,3.6,0.88,1.0,0.88,1,611,4,74888,75499,0.75,2.4859365224838257,2.4559319257736205,2.4038631677627564,10,19.1,515318,1,12752,1,1,10,1,515318,1,12752,1,1,10,0.5,515318,1,12752,1,1
247,6,10,49,38256,3,0,0,1,2,3,5,13363,20147,1595338,2,8,3,551950,799460,8294809,565313,819607,9890147,3.6,0.75,1.0,0.88,3,20147,8,799460,819607,1.0,2.2955151557922364,1.6835859298706055,1.5296399593353271,10,19.1,515318,1,12752,1,1,10,1,515318,1,12752,1,1,10,0.5,515318,1,12752,1,1
248,7,10,49,38256,3,0,0,1,3,2,5,20147,13363,1595338,8,2,3,799460,551950,8294809,819607,565313,9890147,3.6,1.0,0.75,0.88,3,20147,8,799460,819607,1.0,1.778955578804016,2.0923424959182744,1.5848680973052978,10,19.1,515318,1,12752,1,1,10,1,515318,1,12752,1,1,10,0.5,515318,1,12752,1,1
249,8,10,49,38256,3,0,0,1,4,4,5,32899,32899,1595338,6,6,3,1276522,1276522,8294809,1309421,1309421,9890147,3.6,1.0,1.0,0.88,1,611,4,74888,75499,0.75,1.7577167272567749,1.7622504472732543,1.6115677356719968,10,19.1,515318,1,12752,1,1,10,1,515318,1,12752,1,1,10,0.5,515318,1,12752,1,1
250,0,10,49,38256,3,0,0,1,2,6,2,13363,1566101,49384,2,7,4,551950,8263188,831081,565313,9829289,880465,3.6,0.75,1.0,0.88,6,1566101,7,8263188,9829289,1.0,3.0403557777404786,2.3554478883743286,2.3150150060653685,10,19.1,515318,1,12752,1,1,10,1,515318,1,12752,1,1,10,0.5,515318,1,12752,1,1
251,1,10,49,38256,3,0,0,1,6,2,2,1566101,13363,49384,7,2,4,8263188,551950,831081,9829289,565313,880465,3.6,1.0,0.75,0.88,6,1566101,7,8263188,9829289,1.0,2.4201560497283934,2.7474092721939085,2.346727466583252,10,19.1,515318,1,12752,1,1,10,1,515318,1,12752,1,1,10,0.5,515318,1,12752,1,1
252,2,10,49,38256,3,0,0,1,7,7,2,1578853,1578853,49384,5,5,4,8740250,8740250,831081,10319103,10319103,880465,3.6,1.0,1.0,0.88,1,611,4,74888,75499,0.75,1.8568941831588743,1.710949993133545,1.6447622537612916,10,19.1,515318,1,12752,1,1,10,1,515318,1,12752,1,1,10,0.5,515318,1,12752,1,1
