,totalCount,fault-db_name,wafer-decision,fault-decision,wafer-decision,autoDevice,staticDevice,cnnDevice,ensembleDevice,wafer-ensemble-latency
0,181,wafer0fault0,0,0,0,0,1,1,1,97.74953878123458
1,181,wafer0fault1,0,1,0,0,1,1,1,99.423708718126
2,188,wafer0fault2,0,2,0,0,1,1,1,89.44693377423793
3,178,wafer0fault3,0,3,0,0,1,1,1,98.09622729762216
4,179,wafer0fault4,0,4,0,0,1,1,1,98.14374000533333
5,178,wafer0fault5,0,5,0,0,1,1,1,100.83628375074836
6,179,wafer0fault6,0,6,0,0,1,1,1,95.35747574960719
7,184,wafer0fault7,0,7,0,0,1,1,1,97.42404302565947
8,189,wafer0fault8,0,8,0,0,1,1,1,88.93235107704446
9,184,wafer0fault9,0,9,0,0,1,1,1,92.25833325282387
10,187,wafer0fault10,0,10,0,0,1,1,1,88.6302108152665
11,184,wafer0fault11,0,11,0,0,1,1,1,90.48589015654896
12,194,wafer0fault12,0,12,0,0,1,1,1,90.23506452250726
13,196,wafer0fault13,0,13,0,0,1,1,1,88.2163714742174
14,184,wafer0fault14,0,14,0,0,1,1,1,92.73793291397716
15,193,wafer0fault15,0,15,0,0,1,1,1,89.73429943984037
16,192,wafer0fault16,0,16,0,0,1,1,1,90.00914451231559
17,195,wafer0fault17,0,17,0,0,1,1,1,86.25635848778944
18,191,wafer0fault18,0,18,0,0,1,1,1,90.23466363627249
19,192,wafer0fault19,0,19,0,0,1,1,1,89.28344519684713
20,196,wafer0fault20,0,20,0,0,1,1,1,89.28927713146015
21,188,wafer0fault21,0,21,0,0,1,1,1,91.74187252369333
22,196,wafer0fault22,0,22,0,0,1,1,1,88.76788297721318
23,193,wafer0fault23,0,23,0,0,1,1,1,87.04195545868552
24,191,wafer0fault24,0,24,0,0,1,1,1,86.37390171919817
25,192,wafer0fault25,0,25,0,0,1,1,1,86.79779664054513
26,192,wafer0fault26,0,26,0,0,1,1,1,85.13936287909746
27,171,wafer1fault0,1,0,1,0,1,1,2,119.77670365049129
28,175,wafer1fault1,1,1,1,0,1,1,2,124.90574922016688
29,172,wafer1fault2,1,2,1,0,1,1,2,108.04453691355017
30,176,wafer1fault3,1,3,1,0,1,1,2,114.23280494186011
31,177,wafer1fault4,1,4,1,0,1,1,2,107.4064197109244
32,182,wafer1fault5,1,5,1,0,1,1,2,100.33848540730528
33,176,wafer1fault6,1,6,1,0,1,1,2,105.64730475978418
34,181,wafer1fault7,1,7,1,0,1,1,2,117.00120347376028
35,177,wafer1fault8,1,8,1,0,1,1,2,103.91395751635234
36,176,wafer1fault9,1,9,1,0,1,1,2,106.01038320768963
37,182,wafer1fault10,1,10,1,0,1,1,2,126.76940348122146
38,185,wafer1fault11,1,11,1,0,1,1,2,97.12449683240942
39,196,wafer1fault12,1,12,1,0,1,1,2,89.09901967218944
40,188,wafer1fault13,1,13,1,0,1,1,2,91.95741473994356
41,194,wafer1fault14,1,14,1,0,1,1,2,86.49096061273949
42,194,wafer1fault15,1,15,1,0,1,1,2,93.64382518935449
43,182,wafer1fault16,1,16,1,0,1,1,2,117.56646195610801
44,194,wafer1fault17,1,17,1,0,1,1,2,92.81397180827622
45,187,wafer1fault18,1,18,1,0,1,1,2,96.47105950467727
46,202,wafer1fault19,1,19,1,0,1,1,2,99.47222903577408
47,201,wafer1fault20,1,20,1,0,1,1,2,87.35709680490825
48,202,wafer1fault21,1,21,1,0,1,1,2,105.43658283677432
49,207,wafer1fault22,1,22,1,0,1,1,2,103.42393772268065
50,199,wafer1fault23,1,23,1,0,1,1,2,118.62714560666875
51,205,wafer1fault24,1,24,1,0,1,1,2,110.02439873276687
52,204,wafer1fault25,1,25,1,0,1,1,2,94.64071136946772
53,202,wafer1fault26,1,26,1,0,1,1,2,115.69266629691171
54,186,wafer3fault0,3,0,3,0,1,2,1,90.5729268955928
55,190,wafer3fault1,3,1,3,0,1,2,1,89.9621412176835
56,183,wafer3fault2,3,2,3,0,1,2,1,94.06199265308068
57,192,wafer3fault3,3,3,3,0,1,2,1,89.12525273238619
58,212,wafer3fault4,3,4,3,0,1,2,1,81.14791599197208
59,188,wafer3fault5,3,5,3,0,1,2,1,95.04013497905528
60,188,wafer3fault6,3,6,3,0,1,2,1,88.72498744472544
61,211,wafer3fault7,3,7,3,0,1,2,1,77.86873372245174
62,215,wafer3fault8,3,8,3,0,1,2,1,80.67625607113506
63,216,wafer3fault9,3,9,3,0,1,2,1,80.22088513109419
64,213,wafer3fault10,3,10,3,0,1,2,1,79.13826729098396
65,210,wafer3fault11,3,11,3,0,1,2,1,82.96552565665472
66,209,wafer3fault12,3,12,3,0,1,2,1,80.86048532102667
67,217,wafer3fault13,3,13,3,0,1,2,1,80.6979409285954
68,214,wafer3fault14,3,14,3,0,1,2,1,79.45536326693598
69,217,wafer3fault15,3,15,3,0,1,2,1,78.86440524417684
70,139,wafer4fault0,4,0,4,0,1,2,2,124.99537643768805
71,145,wafer4fault1,4,1,4,0,1,2,2,128.66347823800712
72,144,wafer4fault2,4,2,4,0,1,2,2,117.64425021409988
73,124,wafer4fault3,4,3,4,0,1,2,2,114.98376056455797
74,139,wafer4fault4,4,4,4,0,1,2,2,118.60614665463675
75,245,wafer7fault0,7,0,7,0,2,1,1,69.17735412656045
76,247,wafer7fault1,7,1,7,0,2,1,1,68.38951435842012
77,257,wafer7fault2,7,2,7,0,2,1,1,70.59545209713947
78,250,wafer7fault3,7,3,7,0,2,1,1,69.47648362064362
79,252,wafer7fault4,7,4,7,0,2,1,1,68.7188888911217
80,248,wafer7fault5,7,5,7,0,2,1,1,68.40090889123178
81,247,wafer7fault6,7,6,7,0,2,1,1,69.58602196581451
82,250,wafer7fault7,7,7,7,0,2,1,1,67.6628785238266
83,247,wafer7fault8,7,8,7,0,2,1,1,67.49224798399428
84,249,wafer7fault9,7,9,7,0,2,1,1,67.88873212787522
85,253,wafer7fault10,7,10,7,0,2,1,1,67.9511329383247
86,242,wafer7fault11,7,11,7,0,2,1,1,72.25323642482442
87,238,wafer7fault12,7,12,7,0,2,1,1,70.3429299663095
88,237,wafer7fault13,7,13,7,0,2,1,1,71.61319121932179
89,241,wafer7fault14,7,14,7,0,2,1,1,69.6449801526129
90,237,wafer7fault15,7,15,7,0,2,1,1,69.08764889270445
91,133,wafer8fault0,8,0,8,0,2,1,2,104.5495577324602
92,184,wafer8fault1,8,1,8,0,2,1,2,108.28564916097599
93,181,wafer8fault2,8,2,8,0,2,1,2,110.627681211872
94,164,wafer8fault3,8,3,8,0,2,1,2,105.91525565851026
95,173,wafer8fault4,8,4,8,0,2,1,2,105.14738860295687
96,238,wafer10fault0,10,0,10,0,2,2,1,70.80261598314557
97,237,wafer10fault1,10,1,10,0,2,2,1,69.78020619440683
98,232,wafer10fault2,10,2,10,0,2,2,1,69.10578777152917
99,236,wafer10fault3,10,3,10,0,2,2,1,71.06648334709264
100,239,wafer10fault4,10,4,10,0,2,2,1,71.60000662125304
101,54,wafer13fault0,13,0,13,1,0,1,1,126.77741929778347
102,55,wafer13fault1,13,1,13,1,0,1,1,128.19127213738182
103,55,wafer13fault2,13,2,13,1,0,1,1,128.98475663878702
104,55,wafer13fault3,13,3,13,1,0,1,1,128.66318256638266
105,55,wafer13fault4,13,4,13,1,0,1,1,128.76091517535124
106,55,wafer13fault5,13,5,13,1,0,1,1,128.30395162322304
107,54,wafer13fault6,13,6,13,1,0,1,1,127.16135032088668
108,54,wafer13fault7,13,7,13,1,0,1,1,126.45203464561038
109,54,wafer13fault8,13,8,13,1,0,1,1,127.45643656342118
110,54,wafer13fault9,13,9,13,1,0,1,1,126.9440574866754
111,54,wafer13fault10,13,10,13,1,0,1,1,127.67435311829603
112,54,wafer13fault11,13,11,13,1,0,1,1,126.69025988048978
113,54,wafer13fault12,13,12,13,1,0,1,1,126.36186155566463
114,54,wafer13fault13,13,13,13,1,0,1,1,127.1132584368741
115,54,wafer13fault14,13,14,13,1,0,1,1,127.20546338293288
116,54,wafer13fault15,13,15,13,1,0,1,1,127.62676643442225
117,54,wafer13fault16,13,16,13,1,0,1,1,127.90268075466156
118,54,wafer13fault17,13,17,13,1,0,1,1,126.02926411452117
119,55,wafer13fault18,13,18,13,1,0,1,1,128.20824762691151
120,55,wafer13fault19,13,19,13,1,0,1,1,128.2174546545202
121,54,wafer13fault20,13,20,13,1,0,1,1,126.42247470661447
122,55,wafer13fault21,13,21,13,1,0,1,1,128.44615068002182
123,54,wafer13fault22,13,22,13,1,0,1,1,126.92419029606714
124,54,wafer13fault23,13,23,13,1,0,1,1,127.03120760122935
125,55,wafer13fault24,13,24,13,1,0,1,1,127.96911807927218
126,54,wafer13fault25,13,25,13,1,0,1,1,127.5410676797231
127,55,wafer13fault26,13,26,13,1,0,1,1,128.7901655890725
128,55,wafer14fault0,14,0,14,1,0,1,2,128.2473498691212
129,55,wafer14fault1,14,1,14,1,0,1,2,128.29969151236793
130,54,wafer14fault2,14,2,14,1,0,1,2,127.03963805128026
131,54,wafer14fault3,14,3,14,1,0,1,2,126.83297351554587
132,54,wafer14fault4,14,4,14,1,0,1,2,131.0692104542697
133,54,wafer14fault5,14,5,14,1,0,1,2,126.68915517683382
134,54,wafer14fault6,14,6,14,1,0,1,2,127.38286508454217
135,54,wafer14fault7,14,7,14,1,0,1,2,126.93821475682435
136,55,wafer14fault8,14,8,14,1,0,1,2,129.00610462969
137,54,wafer14fault9,14,9,14,1,0,1,2,126.66689277136767
138,54,wafer14fault10,14,10,14,1,0,1,2,127.78749239003217
139,54,wafer14fault11,14,11,14,1,0,1,2,127.02840902187206
140,55,wafer14fault12,14,12,14,1,0,1,2,128.69879805391486
141,54,wafer14fault13,14,13,14,1,0,1,2,128.9322969339512
142,54,wafer14fault14,14,14,14,1,0,1,2,128.84427968219475
143,54,wafer14fault15,14,15,14,1,0,1,2,126.76684753100078
144,54,wafer14fault16,14,16,14,1,0,1,2,126.12017918957605
145,54,wafer14fault17,14,17,14,1,0,1,2,127.08799372337482
146,54,wafer14fault18,14,18,14,1,0,1,2,126.39007411621235
147,49,wafer14fault19,14,19,14,1,0,1,2,114.6448175566537
148,53,wafer14fault20,14,20,14,1,0,1,2,125.73097430535083
149,53,wafer14fault21,14,21,14,1,0,1,2,124.46756241456518
150,53,wafer14fault22,14,22,14,1,0,1,2,124.89218270103886
151,53,wafer14fault23,14,23,14,1,0,1,2,124.26084595356348
152,53,wafer14fault24,14,24,14,1,0,1,2,124.64615357147073
153,56,wafer14fault25,14,25,14,1,0,1,2,134.22589756761278
154,53,wafer14fault26,14,26,14,1,0,1,2,124.1020887752749
155,53,wafer16fault0,16,0,16,1,0,2,1,124.00551750524988
156,54,wafer16fault1,16,1,16,1,0,2,1,125.58775756094191
157,55,wafer16fault2,16,2,16,1,0,2,1,127.13394117355347
158,54,wafer16fault3,16,3,16,1,0,2,1,126.21950599882338
159,54,wafer16fault4,16,4,16,1,0,2,1,125.3288459027255
160,53,wafer16fault5,16,5,16,1,0,2,1,123.44887198592131
161,54,wafer16fault6,16,6,16,1,0,2,1,127.08640250011727
162,54,wafer16fault7,16,7,16,1,0,2,1,124.95270476076338
163,53,wafer16fault8,16,8,16,1,0,2,1,125.04456449904532
164,54,wafer16fault9,16,9,16,1,0,2,1,126.00383507763898
165,53,wafer16fault10,16,10,16,1,0,2,1,124.51146720940213
166,53,wafer16fault11,16,11,16,1,0,2,1,124.50192257593262
167,54,wafer16fault12,16,12,16,1,0,2,1,126.47068032070443
168,54,wafer16fault13,16,13,16,1,0,2,1,125.61518837787487
169,53,wafer16fault14,16,14,16,1,0,2,1,123.4913702056093
170,54,wafer16fault15,16,15,16,1,0,2,1,126.0621644390954
171,54,wafer17fault0,17,0,17,1,0,2,2,127.84311871616929
172,54,wafer17fault1,17,1,17,1,0,2,2,126.25775517799237
173,54,wafer17fault2,17,2,17,1,0,2,2,125.61168192051075
174,53,wafer17fault3,17,3,17,1,0,2,2,124.62881531805363
175,54,wafer17fault4,17,4,17,1,0,2,2,126.56875846562562
176,187,wafer21fault0,21,0,21,1,1,0,2,89.40069986409682
177,197,wafer21fault1,21,1,21,1,1,0,2,87.00830517202465
178,185,wafer21fault2,21,2,21,1,1,0,2,90.44032660561639
179,194,wafer21fault3,21,3,21,1,1,0,2,87.70604256133443
180,200,wafer21fault4,21,4,21,1,1,0,2,85.45259551167489
181,204,wafer21fault5,21,5,21,1,1,0,2,81.66433839120117
182,192,wafer21fault6,21,6,21,1,1,0,2,92.69769952322046
183,192,wafer21fault7,21,7,21,1,1,0,2,84.16218829279144
184,195,wafer21fault8,21,8,21,1,1,0,2,86.0772189947275
185,191,wafer21fault9,21,9,21,1,1,0,2,87.84703088680487
186,201,wafer21fault10,21,10,21,1,1,0,2,85.6911043670047
187,209,wafer21fault11,21,11,21,1,1,0,2,83.15787378110383
188,205,wafer21fault12,21,12,21,1,1,0,2,83.08267405091263
189,210,wafer21fault13,21,13,21,1,1,0,2,82.69853628362928
190,210,wafer21fault14,21,14,21,1,1,0,2,82.50215722719828
191,199,wafer21fault15,21,15,21,1,1,0,2,82.23478926845532
192,208,wafer21fault16,21,16,21,1,1,0,2,78.04831739572379
193,214,wafer21fault17,21,17,21,1,1,0,2,78.4953535015338
194,200,wafer21fault18,21,18,21,1,1,0,2,82.57649666547775
195,217,wafer21fault19,21,19,21,1,1,0,2,78.3351396360705
196,213,wafer21fault20,21,20,21,1,1,0,2,77.21545080847584
197,206,wafer21fault21,21,21,21,1,1,0,2,82.4105595246102
198,222,wafer21fault22,21,22,21,1,1,0,2,79.1637792694676
199,219,wafer21fault23,21,23,21,1,1,0,2,79.05541161097348
200,214,wafer21fault24,21,24,21,1,1,0,2,76.55440707630086
201,217,wafer21fault25,21,25,21,1,1,0,2,76.34138441964778
202,212,wafer21fault26,21,26,21,1,1,0,2,76.11661755476358
203,179,wafer24fault0,24,0,24,1,1,1,1,86.73031906708658
204,177,wafer24fault1,24,1,24,1,1,1,1,88.45985356293156
205,179,wafer24fault2,24,2,24,1,1,1,1,87.35518598822908
206,178,wafer24fault3,24,3,24,1,1,1,1,87.2603486642409
207,185,wafer24fault4,24,4,24,1,1,1,1,91.5602218924342
208,186,wafer24fault5,24,5,24,1,1,1,1,89.84882413059152
209,155,wafer24fault6,24,6,24,1,1,1,1,76.43757909497907
210,150,wafer24fault7,24,7,24,1,1,1,1,72.77059319972992
211,188,wafer24fault8,24,8,24,1,1,1,1,90.9003063909551
212,187,wafer24fault9,24,9,24,1,1,1,1,89.39334700961801
213,187,wafer24fault10,24,10,24,1,1,1,1,89.87058790099812
214,183,wafer24fault11,24,11,24,1,1,1,1,91.02637087451956
215,185,wafer24fault12,24,12,24,1,1,1,1,91.27685835941418
216,186,wafer24fault13,24,13,24,1,1,1,1,92.54646310755001
217,182,wafer24fault14,24,14,24,1,1,1,1,89.45849852247552
218,182,wafer24fault15,24,15,24,1,1,1,1,89.38657357142522
219,192,wafer25fault0,25,0,25,1,1,1,2,84.76819465185206
220,191,wafer25fault1,25,1,25,1,1,1,2,85.40892219293804
221,189,wafer25fault2,25,2,25,1,1,1,2,85.85448339628795
222,190,wafer25fault3,25,3,25,1,1,1,2,86.00461549507945
223,190,wafer25fault4,25,4,25,1,1,1,2,84.83552857574664
224,193,wafer25fault5,25,5,25,1,1,1,2,84.42610147332898
225,192,wafer25fault6,25,6,25,1,1,1,2,84.54347525785367
226,192,wafer25fault7,25,7,25,1,1,1,2,83.7691831253469
227,190,wafer25fault8,25,8,25,1,1,1,2,85.21906345643495
228,190,wafer25fault9,25,9,25,1,1,1,2,85.69256149342185
229,192,wafer25fault10,25,10,25,1,1,1,2,84.7022960173587
230,172,wafer25fault11,25,11,25,1,1,1,2,101.682533397231
231,171,wafer25fault12,25,12,25,1,1,1,2,103.01656349221169
232,178,wafer25fault13,25,13,25,1,1,1,2,98.36913881944807
233,172,wafer25fault14,25,14,25,1,1,1,2,102.94767888340839
234,167,wafer25fault15,25,15,25,1,1,1,2,98.15155318825545
235,171,wafer25fault16,25,16,25,1,1,1,2,102.04458708791007
236,168,wafer25fault17,25,17,25,1,1,1,2,102.5972958391621
237,168,wafer25fault18,25,18,25,1,1,1,2,100.68235590912047
238,177,wafer25fault19,25,19,25,1,1,1,2,97.7946250007651
239,174,wafer25fault20,25,20,25,1,1,1,2,98.65286541670218
240,185,wafer25fault21,25,21,25,1,1,1,2,90.31720154994242
241,196,wafer25fault22,25,22,25,1,1,1,2,87.65327387075035
242,190,wafer25fault23,25,23,25,1,1,1,2,85.28714324047691
243,185,wafer25fault24,25,24,25,1,1,1,2,92.11070423383971
244,193,wafer25fault25,25,25,25,1,1,1,2,83.01347328714756
245,196,wafer25fault26,25,26,25,1,1,1,2,85.5010714883707
246,189,wafer25fault27,25,27,25,1,1,1,2,87.94268864550918
247,195,wafer25fault28,25,28,25,1,1,1,2,90.05532290140788
248,194,wafer25fault29,25,29,25,1,1,1,2,90.50688259134587
249,191,wafer25fault30,25,30,25,1,1,1,2,87.01364513217467
250,191,wafer25fault31,25,31,25,1,1,1,2,87.63597934907644
251,187,wafer25fault32,25,32,25,1,1,1,2,92.90209326642082
252,198,wafer25fault33,25,33,25,1,1,1,2,85.7995777057879
253,194,wafer25fault34,25,34,25,1,1,1,2,87.15888225786465
254,195,wafer25fault35,25,35,25,1,1,1,2,89.32701590244586
255,196,wafer25fault36,25,36,25,1,1,1,2,85.26296182676238
256,199,wafer25fault37,25,37,25,1,1,1,2,84.61231210483379
257,195,wafer25fault38,25,38,25,1,1,1,2,86.27658438193492
258,196,wafer25fault39,25,39,25,1,1,1,2,86.8760937841571
259,195,wafer25fault40,25,40,25,1,1,1,2,85.11230431947952
260,184,wafer28fault0,28,0,28,1,1,2,1,85.06518003733262
261,204,wafer28fault1,28,1,28,1,1,2,1,79.11617133897893
262,204,wafer28fault2,28,2,28,1,1,2,1,77.45702770293927
263,203,wafer28fault3,28,3,28,1,1,2,1,76.06554844696534
264,202,wafer28fault4,28,4,28,1,1,2,1,77.5970313277575
265,203,wafer28fault5,28,5,28,1,1,2,1,77.5482113878128
266,205,wafer28fault6,28,6,28,1,1,2,1,77.74962007243458
267,204,wafer28fault7,28,7,28,1,1,2,1,77.6306783416692
268,204,wafer28fault8,28,8,28,1,1,2,1,77.25655964425965
269,204,wafer28fault9,28,9,28,1,1,2,1,77.90849582587971
270,207,wafer28fault10,28,10,28,1,1,2,1,76.47955176565382
271,176,wafer28fault11,28,11,28,1,1,2,1,102.38387723808938
272,185,wafer28fault12,28,12,28,1,1,2,1,92.0896803301734
273,185,wafer28fault13,28,13,28,1,1,2,1,94.69658994932432
274,187,wafer28fault14,28,14,28,1,1,2,1,88.13857010724072
275,197,wafer28fault15,28,15,28,1,1,2,1,83.20586854552255
276,186,wafer28fault16,28,16,28,1,1,2,1,94.84186064684263
277,186,wafer28fault17,28,17,28,1,1,2,1,94.99228356217826
278,187,wafer28fault18,28,18,28,1,1,2,1,91.62564394945767
279,180,wafer28fault19,28,19,28,1,1,2,1,95.32369918690787
280,195,wafer28fault20,28,20,28,1,1,2,1,83.87721230189005
281,181,wafer28fault21,28,21,28,1,1,2,1,94.22851890753645
282,188,wafer28fault22,28,22,28,1,1,2,1,86.2308827651308
283,187,wafer28fault23,28,23,28,1,1,2,1,93.22508834772569
284,185,wafer28fault24,28,24,28,1,1,2,1,93.42806895359142
285,196,wafer28fault25,28,25,28,1,1,2,1,85.2277586606084
286,199,wafer28fault26,28,26,28,1,1,2,1,88.47780834250713
287,187,wafer28fault27,28,27,28,1,1,2,1,84.89373890601378
288,195,wafer28fault28,28,28,28,1,1,2,1,83.57130142114102
289,200,wafer28fault29,28,29,28,1,1,2,1,85.32774916291237
290,205,wafer28fault30,28,30,28,1,1,2,1,84.72568994033628
291,204,wafer28fault31,28,31,28,1,1,2,1,76.85623847503288
292,210,wafer28fault32,28,32,28,1,1,2,1,77.66338390963418
293,200,wafer28fault33,28,33,28,1,1,2,1,85.02209523200989
294,212,wafer28fault34,28,34,28,1,1,2,1,80.84372802950301
295,210,wafer28fault35,28,35,28,1,1,2,1,83.32859188602085
296,203,wafer28fault36,28,36,28,1,1,2,1,79.05747158539118
297,205,wafer28fault37,28,37,28,1,1,2,1,78.01508489469202
298,212,wafer28fault38,28,38,28,1,1,2,1,79.34620798083971
299,208,wafer28fault39,28,39,28,1,1,2,1,79.64418513729022
300,206,wafer28fault40,28,40,28,1,1,2,1,78.9452411862253
301,210,wafer29fault0,29,0,29,1,1,2,2,78.29572260152726
302,208,wafer29fault1,29,1,29,1,1,2,2,77.25612433483967
303,209,wafer29fault2,29,2,29,1,1,2,2,76.77602656264054
304,210,wafer29fault3,29,3,29,1,1,2,2,76.7165830078579
305,207,wafer29fault4,29,4,29,1,1,2,2,75.35921070425982
306,191,wafer29fault5,29,5,29,1,1,2,2,90.70798730975046
307,196,wafer29fault6,29,6,29,1,1,2,2,85.2323681274239
308,204,wafer29fault7,29,7,29,1,1,2,2,83.26781634606567
309,188,wafer29fault8,29,8,29,1,1,2,2,99.03632380987736
310,199,wafer29fault9,29,9,29,1,1,2,2,85.3428735098048
311,186,wafer29fault10,29,10,29,1,1,2,2,90.51813257125116
312,184,wafer29fault11,29,11,29,1,1,2,2,94.74326858701913
313,192,wafer29fault12,29,12,29,1,1,2,2,86.6012839327256
314,205,wafer29fault13,29,13,29,1,1,2,2,85.49646082389646
315,202,wafer29fault14,29,14,29,1,1,2,2,82.76751753009192
316,200,wafer29fault15,29,15,29,1,1,2,2,83.85843683600426
317,240,wafer32fault0,32,0,32,1,2,0,1,67.85514631271363
318,245,wafer32fault1,32,1,32,1,2,0,1,66.86017271937156
319,242,wafer32fault2,32,2,32,1,2,0,1,66.78355486629422
320,235,wafer32fault3,32,3,32,1,2,0,1,66.4720407293198
321,241,wafer32fault4,32,4,32,1,2,0,1,65.8744026783591
322,236,wafer32fault5,32,5,32,1,2,0,1,64.97578089419058
323,243,wafer32fault6,32,6,32,1,2,0,1,67.03954917315103
324,246,wafer32fault7,32,7,32,1,2,0,1,67.69050763196093
325,238,wafer32fault8,32,8,32,1,2,0,1,64.84715662984287
326,243,wafer32fault9,32,9,32,1,2,0,1,67.11059929313974
327,246,wafer32fault10,32,10,32,1,2,0,1,65.53850822332429
328,237,wafer32fault11,32,11,32,1,2,0,1,69.30719558599127
329,260,wafer32fault12,32,12,32,1,2,0,1,22.974690466660718
330,251,wafer32fault13,32,13,32,1,2,0,1,68.7293477723323
331,243,wafer32fault14,32,14,32,1,2,0,1,67.75759938322467
332,230,wafer32fault15,32,15,32,1,2,0,1,14.967807410074316
333,253,wafer33fault0,33,0,33,1,2,0,2,67.15428131748094
334,252,wafer33fault1,33,1,33,1,2,0,2,33.75345347608839
335,247,wafer33fault2,33,2,33,1,2,0,2,68.36026851464862
336,252,wafer33fault3,33,3,33,1,2,0,2,68.12275736388706
337,233,wafer33fault4,33,4,33,1,2,0,2,66.90964011061345
338,244,wafer36fault0,36,0,36,1,2,1,1,63.06060287893796
339,250,wafer36fault1,36,1,36,1,2,1,1,65.08473176288605
340,245,wafer36fault2,36,2,36,1,2,1,1,63.91684786640868
341,256,wafer36fault3,36,3,36,1,2,1,1,66.49037622939795
342,241,wafer36fault4,36,4,36,1,2,1,1,63.4284747003025
343,239,wafer36fault5,36,5,36,1,2,1,1,64.49764237144502
344,245,wafer36fault6,36,6,36,1,2,1,1,64.7014674906828
345,242,wafer36fault7,36,7,36,1,2,1,1,63.537692525170065
346,247,wafer36fault8,36,8,36,1,2,1,1,64.99839442751185
347,248,wafer36fault9,36,9,36,1,2,1,1,65.17631866085914
348,246,wafer36fault10,36,10,36,1,2,1,1,64.77865913728388
349,257,wafer36fault11,36,11,36,1,2,1,1,68.48273313741275
350,253,wafer36fault12,36,12,36,1,2,1,1,67.45370111540844
351,256,wafer36fault13,36,13,36,1,2,1,1,67.94653109461069
352,252,wafer36fault14,36,14,36,1,2,1,1,65.2767841219902
353,254,wafer36fault15,36,15,36,1,2,1,1,66.95279094834966
354,257,wafer36fault16,36,16,36,1,2,1,1,67.37261622054103
355,250,wafer36fault17,36,17,36,1,2,1,1,64.8440800151825
356,247,wafer36fault18,36,18,36,1,2,1,1,65.95039117094959
357,247,wafer36fault19,36,19,36,1,2,1,1,67.23496533501968
358,248,wafer36fault20,36,20,36,1,2,1,1,67.05253508494746
359,252,wafer36fault21,36,21,36,1,2,1,1,67.6059462418632
360,256,wafer36fault22,36,22,36,1,2,1,1,67.71184303052723
361,252,wafer36fault23,36,23,36,1,2,1,1,66.32734652549502
362,248,wafer36fault24,36,24,36,1,2,1,1,68.64393394320241
363,246,wafer36fault25,36,25,36,1,2,1,1,65.79492326092914
364,251,wafer36fault26,36,26,36,1,2,1,1,65.50119169109846
365,251,wafer36fault27,36,27,36,1,2,1,1,66.32791945943795
366,250,wafer36fault28,36,28,36,1,2,1,1,66.5141527557373
367,248,wafer36fault29,36,29,36,1,2,1,1,65.77355041811543
368,247,wafer36fault30,36,30,36,1,2,1,1,71.32002647009938
369,229,wafer36fault31,36,31,36,1,2,1,1,69.46157049820413
370,239,wafer36fault32,36,32,36,1,2,1,1,70.3441700775753
371,243,wafer36fault33,36,33,36,1,2,1,1,71.81467268005811
372,236,wafer36fault34,36,34,36,1,2,1,1,69.65677636962826
373,237,wafer36fault35,36,35,36,1,2,1,1,70.09996543252518
374,237,wafer36fault36,36,36,36,1,2,1,1,71.21526354576464
375,239,wafer36fault37,36,37,36,1,2,1,1,69.00838509364108
376,242,wafer36fault38,36,38,36,1,2,1,1,68.98429055942977
377,242,wafer36fault39,36,39,36,1,2,1,1,31.59735709379527
378,241,wafer36fault40,36,40,36,1,2,1,1,70.026277178056
379,238,wafer37fault0,37,0,37,1,2,1,2,65.40913202582287
380,237,wafer37fault1,37,1,37,1,2,1,2,64.52019957449869
381,238,wafer37fault2,37,2,37,1,2,1,2,65.54976554177388
382,238,wafer37fault3,37,3,37,1,2,1,2,64.5967831351176
383,249,wafer37fault4,37,4,37,1,2,1,2,68.04935503676235
384,248,wafer37fault5,37,5,37,1,2,1,2,66.65224378339705
385,247,wafer37fault6,37,6,37,1,2,1,2,67.57047779936539
386,250,wafer37fault7,37,7,37,1,2,1,2,69.45278525447846
387,248,wafer37fault8,37,8,37,1,2,1,2,67.74864167071158
388,251,wafer37fault9,37,9,37,1,2,1,2,68.85479048713745
389,249,wafer37fault10,37,10,37,1,2,1,2,68.21953845407111
390,241,wafer37fault11,37,11,37,1,2,1,2,67.41448142023997
391,245,wafer37fault12,37,12,37,1,2,1,2,67.77104327727338
392,249,wafer37fault13,37,13,37,1,2,1,2,67.33563751867976
393,249,wafer37fault14,37,14,37,1,2,1,2,68.623614914446
394,242,wafer37fault15,37,15,37,1,2,1,2,68.7565360226907
395,177,wafer39fault0,39,0,39,1,2,2,0,-52269456.9821961
396,178,wafer39fault1,39,1,39,1,2,2,0,-52269456.19527903
397,178,wafer39fault2,39,2,39,1,2,2,0,-52269457.02407653
398,175,wafer39fault3,39,3,39,1,2,2,0,-52269456.20391481
399,175,wafer39fault4,39,4,39,1,2,2,0,-52269457.43924463
400,238,wafer40fault0,40,0,40,1,2,2,1,7296.728860664768
401,237,wafer40fault1,40,1,40,1,2,2,1,7296.731270619082
402,231,wafer40fault2,40,2,40,1,2,2,1,7295.468633079941
403,230,wafer40fault3,40,3,40,1,2,2,1,7295.478285862052
404,231,wafer40fault4,40,4,40,1,2,2,1,7295.099940017189
405,237,wafer40fault5,40,5,40,1,2,2,1,7297.651530980058
406,231,wafer40fault6,40,6,40,1,2,2,1,7296.141920428256
407,236,wafer40fault7,40,7,40,1,2,2,1,7299.434646236695
408,232,wafer40fault8,40,8,40,1,2,2,1,7298.464903907529
409,235,wafer40fault9,40,9,40,1,2,2,1,7297.640452417414
410,234,wafer40fault10,40,10,40,1,2,2,1,7297.6565152060275
411,229,wafer40fault11,40,11,40,1,2,2,1,7297.195891413626
412,228,wafer40fault12,40,12,40,1,2,2,1,7296.442954518293
413,238,wafer40fault13,40,13,40,1,2,2,1,7298.824176951617
414,227,wafer40fault14,40,14,40,1,2,2,1,7296.629039103765
415,230,wafer40fault15,40,15,40,1,2,2,1,7295.916533009902
416,54,wafer43fault0,43,0,43,2,0,1,1,7353.975128341604
417,53,wafer43fault1,43,1,43,2,0,1,1,7353.04039030255
418,54,wafer43fault2,43,2,43,2,0,1,1,7353.484415142624
419,53,wafer43fault3,43,3,43,2,0,1,1,7353.872008251694
420,53,wafer43fault4,43,4,43,2,0,1,1,7352.1862602593765
421,54,wafer43fault5,43,5,43,2,0,1,1,7353.568621679588
422,53,wafer43fault6,43,6,43,2,0,1,1,7353.486281372466
423,53,wafer43fault7,43,7,43,2,0,1,1,7353.019974240717
424,53,wafer43fault8,43,8,43,2,0,1,1,7352.560800178996
425,53,wafer43fault9,43,9,43,2,0,1,1,7354.451626462756
426,54,wafer43fault10,43,10,43,2,0,1,1,7354.404761327638
427,53,wafer43fault11,43,11,43,2,0,1,1,7352.1070321281
428,54,wafer43fault12,43,12,43,2,0,1,1,7353.639106556221
429,53,wafer43fault13,43,13,43,2,0,1,1,7351.6817754889435
430,53,wafer43fault14,43,14,43,2,0,1,1,7352.030898939888
431,53,wafer43fault15,43,15,43,2,0,1,1,7351.408862455836
432,54,wafer44fault0,44,0,44,2,0,1,2,7353.372814046012
433,53,wafer44fault1,44,1,44,2,0,1,2,7352.391735369304
434,53,wafer44fault2,44,2,44,2,0,1,2,7351.788336115063
435,53,wafer44fault3,44,3,44,2,0,1,2,7353.591072329935
436,53,wafer44fault4,44,4,44,2,0,1,2,7352.324776267105
437,54,wafer46fault0,46,0,46,2,0,2,1,7353.303943219008
438,54,wafer46fault1,46,1,46,2,0,2,1,7353.5433346165555
439,53,wafer46fault2,46,2,46,2,0,2,1,7352.11343132325
440,54,wafer46fault3,46,3,46,2,0,2,1,7353.642807329143
441,53,wafer46fault4,46,4,46,2,0,2,1,7351.2488667964935
442,185,wafer49fault2,49,2,49,2,1,0,1,7320.560901725615
443,187,wafer49fault3,49,3,49,2,1,0,1,7319.917041481497
444,214,wafer49fault4,49,4,49,2,1,0,1,7301.779057070474
445,188,wafer49fault5,49,5,49,2,1,0,1,7317.5712725685
446,199,wafer49fault6,49,6,49,2,1,0,1,7310.5037100039535
447,197,wafer49fault7,49,7,49,2,1,0,1,7310.096251994825
448,205,wafer49fault8,49,8,49,2,1,0,1,7310.530073137981
449,203,wafer49fault9,49,9,49,2,1,0,1,7306.281145549173
450,205,wafer49fault10,49,10,49,2,1,0,1,7306.7672051429745
451,194,wafer49fault11,49,11,49,2,1,0,1,7310.586701776563
452,206,wafer49fault12,49,12,49,2,1,0,1,7309.033827721494
453,218,wafer49fault13,49,13,49,2,1,0,1,7300.801018574916
454,215,wafer49fault14,49,14,49,2,1,0,1,7306.944071081073
455,220,wafer49fault15,49,15,49,2,1,0,1,7301.974165055968
456,193,wafer50fault0,50,0,50,2,1,0,2,7316.494493477085
457,198,wafer50fault1,50,1,50,2,1,0,2,7311.366407070497
458,210,wafer50fault2,50,2,50,2,1,0,2,7307.053685213271
459,210,wafer50fault3,50,3,50,2,1,0,2,7309.424991272745
460,228,wafer50fault4,50,4,50,2,1,0,2,7300.783908080636
461,161,wafer52fault0,52,0,52,2,1,1,0,-52269448.989482656
462,161,wafer52fault1,52,1,52,2,1,1,0,-52269448.11009256
463,158,wafer52fault2,52,2,52,2,1,1,0,-52269447.05924824
464,724,wafer52fault3,52,3,52,2,1,1,0,-52269451.330819786
465,160,wafer52fault5,52,5,52,2,1,1,0,-52269449.32035738
466,166,wafer52fault6,52,6,52,2,1,1,0,-52269452.43247708
467,174,wafer52fault7,52,7,52,2,1,1,0,-52269455.58144141
468,172,wafer52fault8,52,8,52,2,1,1,0,-52269454.668999314
469,172,wafer52fault9,52,9,52,2,1,1,0,-52269455.51744919
470,177,wafer52fault10,52,10,52,2,1,1,0,-52269454.033804126
471,179,wafer52fault11,52,11,52,2,1,1,0,-52269456.936604865
472,172,wafer52fault12,52,12,52,2,1,1,0,-52269455.52286137
473,174,wafer52fault13,52,13,52,2,1,1,0,-52269455.75754602
474,172,wafer52fault14,52,14,52,2,1,1,0,-52269455.670457914
475,174,wafer52fault15,52,15,52,2,1,1,0,-52269455.74043607
476,197,wafer53fault0,53,0,53,2,1,1,1,7310.0464100426225
477,197,wafer53fault1,53,1,53,2,1,1,1,7307.85134807819
478,195,wafer53fault2,53,2,53,2,1,1,1,7310.989277928915
479,200,wafer53fault3,53,3,53,2,1,1,1,7307.138568706512
480,197,wafer53fault4,53,4,53,2,1,1,1,7309.727173252154
481,194,wafer53fault5,53,5,53,2,1,1,1,7310.803475373799
482,197,wafer53fault6,53,6,53,2,1,1,1,7308.379450893644
483,196,wafer53fault7,53,7,53,2,1,1,1,7309.1279724945825
484,202,wafer53fault8,53,8,53,2,1,1,1,7307.092834544654
485,198,wafer53fault9,53,9,53,2,1,1,1,7309.255973246362
486,196,wafer53fault10,53,10,53,2,1,1,1,7310.388858375501
487,179,wafer53fault11,53,11,53,2,1,1,1,7326.797186900783
488,180,wafer53fault12,53,12,53,2,1,1,1,7322.385330955188
489,177,wafer53fault13,53,13,53,2,1,1,1,7326.209436263068
490,177,wafer53fault14,53,14,53,2,1,1,1,7320.0720468496875
491,196,wafer53fault15,53,15,53,2,1,1,1,7316.051780262772
492,176,wafer53fault16,53,16,53,2,1,1,1,7325.239384244789
493,176,wafer53fault17,53,17,53,2,1,1,1,7326.390150603923
494,181,wafer53fault18,53,18,53,2,1,1,1,7326.1468505688135
495,178,wafer53fault19,53,19,53,2,1,1,1,7323.349577795254
496,182,wafer53fault20,53,20,53,2,1,1,1,7317.980235657849
497,184,wafer53fault21,53,21,53,2,1,1,1,7324.752374693104
498,173,wafer53fault22,53,22,53,2,1,1,1,7320.046809951694
499,181,wafer53fault23,53,23,53,2,1,1,1,7325.63229835231
500,175,wafer53fault24,53,24,53,2,1,1,1,7324.681200404849
501,185,wafer53fault25,53,25,53,2,1,1,1,7318.604396222089
502,182,wafer53fault26,53,26,53,2,1,1,1,7321.689301089926
503,185,wafer53fault27,53,27,53,2,1,1,1,7321.274712798402
504,185,wafer53fault28,53,28,53,2,1,1,1,7317.153402755067
505,194,wafer53fault29,53,29,53,2,1,1,1,7314.168475289935
506,197,wafer53fault30,53,30,53,2,1,1,1,7317.045484269331
507,198,wafer53fault31,53,31,53,2,1,1,1,7311.5900328038915
508,204,wafer53fault32,53,32,53,2,1,1,1,7309.552040391109
509,190,wafer53fault33,53,33,53,2,1,1,1,7316.675829325224
510,195,wafer53fault34,53,34,53,2,1,1,1,7317.015703312556
511,194,wafer53fault35,53,35,53,2,1,1,1,7317.412814136633
512,185,wafer53fault36,53,36,53,2,1,1,1,7317.141997828355
513,196,wafer53fault37,53,37,53,2,1,1,1,7313.084135231923
514,199,wafer53fault38,53,38,53,2,1,1,1,7314.033981784504
515,200,wafer53fault39,53,39,53,2,1,1,1,7310.169633134604
516,194,wafer53fault40,53,40,53,2,1,1,1,7313.763951689926
517,201,wafer54fault0,54,0,54,2,1,1,2,7306.9098334122655
518,202,wafer54fault1,54,1,54,2,1,1,2,7308.5044533451
519,201,wafer54fault2,54,2,54,2,1,1,2,7306.842237096521
520,205,wafer54fault3,54,3,54,2,1,1,2,7305.334564326449
521,199,wafer54fault4,54,4,54,2,1,1,2,7313.405900462788
522,177,wafer54fault5,54,5,54,2,1,1,2,7327.42362226066
523,186,wafer54fault6,54,6,54,2,1,1,2,7324.46286652806
524,197,wafer54fault7,54,7,54,2,1,1,2,7312.5399770010545
525,171,wafer54fault8,54,8,54,2,1,1,2,7329.150996337858
526,183,wafer54fault9,54,9,54,2,1,1,2,7324.158031223902
527,174,wafer54fault10,54,10,54,2,1,1,2,7325.454027111503
528,171,wafer54fault11,54,11,54,2,1,1,2,7327.342225300638
529,181,wafer54fault12,54,12,54,2,1,1,2,7321.981705324426
530,205,wafer54fault13,54,13,54,2,1,1,2,7310.138515510792
531,196,wafer54fault14,54,14,54,2,1,1,2,7313.254941987748
532,188,wafer54fault15,54,15,54,2,1,1,2,7317.906173971105
533,175,wafer56fault0,56,0,56,2,1,2,0,-52269455.81775533
534,175,wafer56fault1,56,1,56,2,1,2,0,-52269455.50107845
535,178,wafer56fault2,56,2,56,2,1,2,0,-52269454.98557457
536,175,wafer56fault3,56,3,56,2,1,2,0,-52269456.01608801
537,177,wafer56fault4,56,4,56,2,1,2,0,-52269456.35477947
538,214,wafer57fault0,57,0,57,2,1,2,1,7301.282013507647
539,214,wafer57fault1,57,1,57,2,1,2,1,7299.599811701017
540,219,wafer57fault2,57,2,57,2,1,2,1,7299.085261227334
541,225,wafer57fault3,57,3,57,2,1,2,1,7299.0991152901115
542,221,wafer57fault4,57,4,57,2,1,2,1,7298.218906051972
543,188,wafer57fault5,57,5,57,2,1,2,1,7322.29414456195
544,192,wafer57fault6,57,6,57,2,1,2,1,7316.1695793357985
545,214,wafer57fault7,57,7,57,2,1,2,1,7308.422963475513
546,190,wafer57fault8,57,8,57,2,1,2,1,7320.203102417996
547,190,wafer57fault9,57,9,57,2,1,2,1,7319.848294559278
548,193,wafer57fault10,57,10,57,2,1,2,1,7319.4929935845685
549,192,wafer57fault11,57,11,57,2,1,2,1,7312.88715585197
550,199,wafer57fault12,57,12,57,2,1,2,1,7311.049544726185
551,207,wafer57fault13,57,13,57,2,1,2,1,7306.365893048364
552,198,wafer57fault14,57,14,57,2,1,2,1,7312.813644155108
553,210,wafer57fault15,57,15,57,2,1,2,1,7306.527252999941
554,237,wafer60fault0,60,0,60,2,2,0,1,7297.551231662936
555,235,wafer60fault1,60,1,60,2,2,0,1,7297.080681894181
556,235,wafer60fault2,60,2,60,2,2,0,1,7296.906393212461
557,237,wafer60fault3,60,3,60,2,2,0,1,7296.675721419008
558,237,wafer60fault4,60,4,60,2,2,0,1,7298.197371443615
559,177,wafer62fault0,62,0,62,2,2,1,0,-52269456.317617
560,175,wafer62fault1,62,1,62,2,2,1,0,-52269456.358914316
561,176,wafer62fault2,62,2,62,2,2,1,0,-52269456.80408892
562,178,wafer62fault3,62,3,62,2,2,1,0,-52269457.042893246
563,174,wafer62fault4,62,4,62,2,2,1,0,-52269456.81470006
564,232,wafer63fault0,63,0,63,2,2,1,1,7294.035324671145
565,235,wafer63fault1,63,1,63,2,2,1,1,7295.229156141078
566,230,wafer63fault2,63,2,63,2,2,1,1,7294.463018930476
567,235,wafer63fault3,63,3,63,2,2,1,1,7296.5865919062435
568,237,wafer63fault4,63,4,63,2,2,1,1,7295.456812812306
569,240,wafer63fault5,63,5,63,2,2,1,1,7294.578901738922
570,246,wafer63fault6,63,6,63,2,2,1,1,7296.184967478116
571,241,wafer63fault7,63,7,63,2,2,1,1,7295.752292151273
572,241,wafer63fault8,63,8,63,2,2,1,1,7297.077394714
573,241,wafer63fault9,63,9,63,2,2,1,1,7296.446324297996
574,242,wafer63fault10,63,10,63,2,2,1,1,7294.185743786086
575,234,wafer63fault11,63,11,63,2,2,1,1,7295.820767524915
576,240,wafer63fault12,63,12,63,2,2,1,1,7295.8459847152235
577,235,wafer63fault13,63,13,63,2,2,1,1,7294.801078235342
578,238,wafer63fault14,63,14,63,2,2,1,1,7297.370419955053
579,241,wafer63fault15,63,15,63,2,2,1,1,7297.360277478626
0,59,wafer2fault0,2,0,2,0,1,1,3,168.2391844038236
1,187,wafer2fault1,2,1,2,0,1,1,3,107.27706777093245
2,184,wafer2fault2,2,2,2,0,1,1,3,107.60612057991649
3,54,wafer2fault3,2,3,2,0,1,1,3,175.12574647532568
4,42,wafer2fault4,2,4,2,0,1,1,3,102.89212390354702
5,213,wafer2fault5,2,5,2,0,1,1,3,130.83021601936628
6,187,wafer2fault6,2,6,2,0,1,1,3,107.19821644466829
7,16,wafer2fault7,2,7,2,0,1,1,3,263.8933861255646
8,28,wafer2fault8,2,8,2,0,1,1,3,84.09955367871693
9,196,wafer2fault10,2,10,2,0,1,1,3,104.06883676076421
10,116,wafer2fault11,2,11,2,0,1,1,3,61.076719594412836
11,39,wafer2fault13,2,13,2,0,1,1,3,107.76313300621815
12,38,wafer2fault14,2,14,2,0,1,1,3,134.85624590045526
13,25,wafer2fault15,2,15,2,0,1,1,3,137.85043512344362
14,207,wafer2fault16,2,16,2,0,1,1,3,104.11687784839944
15,212,wafer2fault17,2,17,2,0,1,1,3,96.88080899220593
16,175,wafer2fault18,2,18,2,0,1,1,3,84.69222228595189
17,199,wafer2fault19,2,19,2,0,1,1,3,72.55369288118641
18,17,wafer2fault20,2,20,2,0,1,1,3,13.827970266342163
19,3,wafer2fault21,2,21,2,0,1,1,3,209.16744589805603
20,1,wafer2fault22,2,22,2,0,1,1,3,104.07465672492981
21,2,wafer2fault23,2,23,2,0,1,1,3,180.26535630226135
22,5,wafer2fault24,2,24,2,0,1,1,3,162.0268048286438
23,219,wafer2fault26,2,26,2,0,1,1,3,153.38929597210122
24,106,wafer2fault27,2,27,2,0,1,1,3,81.35198980457378
25,212,wafer2fault28,2,28,2,0,1,1,3,88.62308142207704
26,22,wafer2fault29,2,29,2,0,1,1,3,77.62643700296229
27,51,wafer2fault30,2,30,2,0,1,1,3,113.95584774484821
28,60,wafer2fault31,2,31,2,0,1,1,3,187.2988991379738
29,6,wafer5fault0,5,0,5,0,1,2,3,155.46303145090738
30,1,wafer5fault1,5,1,5,0,1,2,3,93.04512119293213
31,79,wafer5fault2,5,2,5,0,1,2,3,135.36425527138047
32,2,wafer5fault3,5,3,5,0,1,2,3,202.70275831222534
33,57,wafer5fault4,5,4,5,0,1,2,3,132.45924183778595
34,66,wafer5fault5,5,5,5,0,1,2,3,123.68534123536313
35,216,wafer5fault6,5,6,5,0,1,2,3,95.81425138093807
36,58,wafer5fault7,5,7,5,0,1,2,3,105.81311985130968
37,55,wafer5fault8,5,8,5,0,1,2,3,117.65289522084323
38,9,wafer5fault9,5,9,5,0,1,2,3,27.58851522869534
39,1,wafer5fault10,5,10,5,0,1,2,3,202.53171062469482
40,22,wafer5fault11,5,11,5,0,1,2,3,154.75226577845487
41,231,wafer5fault12,5,12,5,0,1,2,3,89.41581262035287
42,2,wafer5fault13,5,13,5,0,1,2,3,169.70843744277954
43,46,wafer5fault14,5,14,5,0,1,2,3,19.747372979703158
44,7,wafer5fault15,5,15,5,0,1,2,3,190.49338926587785
45,145,wafer5fault16,5,16,5,0,1,2,3,65.80739715181548
46,19,wafer6fault1,6,1,6,0,1,3,3,136.8031796656157
47,8,wafer6fault2,6,2,6,0,1,3,3,166.36391842365265
48,217,wafer6fault3,6,3,6,0,1,3,3,109.91999725482431
49,230,wafer6fault4,6,4,6,0,1,3,3,93.14824636293494
50,228,wafer6fault5,6,5,6,0,1,3,3,91.90407784989006
51,7,wafer6fault7,6,7,6,0,1,3,3,27.585866144725255
52,28,wafer6fault8,6,8,6,0,1,3,3,103.51456321137292
53,1,wafer6fault9,6,9,6,0,1,3,3,259.2963435649872
54,91,wafer6fault10,6,10,6,0,1,3,3,52.881121470378
55,28,wafer6fault11,6,11,6,0,1,3,3,188.49501982757025
56,35,wafer6fault12,6,12,6,0,1,3,3,17.033478219168526
57,193,wafer6fault13,6,13,6,0,1,3,3,77.05258397611311
58,80,wafer6fault14,6,14,6,0,1,3,3,26.316528967022897
59,18,wafer6fault15,6,15,6,0,1,3,3,184.9292956855562
60,3,wafer6fault16,6,16,6,0,1,3,3,141.37857921918234
61,6,wafer6fault17,6,17,6,0,1,3,3,110.56174953778584
62,249,wafer6fault18,6,18,6,0,1,3,3,83.9983991896771
63,217,wafer6fault20,6,20,6,0,1,3,3,81.37291454170156
64,2,wafer6fault23,6,23,6,0,1,3,3,217.99086105823517
65,7,wafer6fault24,6,24,6,0,1,3,3,43.004203523908345
66,21,wafer6fault25,6,25,6,0,1,3,3,164.81807925587609
67,19,wafer6fault26,6,26,6,0,1,3,3,211.6728358017771
68,26,wafer6fault27,6,27,6,0,1,3,3,114.44341594439287
69,32,wafer6fault28,6,28,6,0,1,3,3,137.50444784015417
70,13,wafer6fault29,6,29,6,0,1,3,3,153.1376418517186
71,26,wafer6fault30,6,30,6,0,1,3,3,175.4550808943235
72,248,wafer6fault31,6,31,6,0,1,3,3,83.63346431428387
73,246,wafer6fault32,6,32,6,0,1,3,3,83.51323677466168
74,67,wafer9fault0,9,0,9,0,2,1,3,174.64808443055225
75,55,wafer9fault1,9,1,9,0,2,1,3,120.81776204109192
76,17,wafer9fault2,9,2,9,0,2,1,3,212.06572110512678
77,94,wafer9fault3,9,3,9,0,2,1,3,144.62319597538482
78,54,wafer9fault4,9,4,9,0,2,1,3,141.78839906939754
79,50,wafer9fault5,9,5,9,0,2,1,3,174.38232422828673
80,64,wafer9fault6,9,6,9,0,2,1,3,161.2606773711741
81,49,wafer9fault7,9,7,9,0,2,1,3,143.38690987411812
82,52,wafer9fault8,9,8,9,0,2,1,3,164.50340324181778
83,33,wafer9fault9,9,9,9,0,2,1,3,149.69066363392454
84,55,wafer9fault10,9,10,9,0,2,1,3,103.04366152069785
85,67,wafer9fault11,9,11,9,0,2,1,3,112.48473982668635
86,42,wafer9fault12,9,12,9,0,2,1,3,185.18910854771025
87,71,wafer9fault13,9,13,9,0,2,1,3,147.89308154750879
88,62,wafer9fault14,9,14,9,0,2,1,3,128.99901160501665
89,43,wafer9fault15,9,15,9,0,2,1,3,152.5459866024727
90,33,wafer9fault16,9,16,9,0,2,1,3,216.32938615481058
91,36,wafer11fault0,11,0,11,0,2,2,3,129.2216292421023
92,36,wafer11fault1,11,1,11,0,2,2,3,85.69515005747478
93,32,wafer11fault2,11,2,11,0,2,2,3,227.5182185098529
94,75,wafer11fault3,11,3,11,0,2,2,3,126.36688870112101
95,43,wafer11fault4,11,4,11,0,2,2,3,133.56474525429482
96,32,wafer12fault0,12,0,12,0,2,3,3,173.33315438777208
97,37,wafer12fault1,12,1,12,0,2,3,3,139.84561701078673
98,7,wafer12fault2,12,2,12,0,2,3,3,24.481485060283116
99,26,wafer12fault3,12,3,12,0,2,3,3,162.63538525654718
100,23,wafer12fault4,12,4,12,0,2,3,3,171.01382649463156
101,21,wafer12fault5,12,5,12,0,2,3,3,120.94196878160749
102,2,wafer12fault6,12,6,12,0,2,3,3,196.86887776851654
103,23,wafer12fault7,12,7,12,0,2,3,3,185.09730923694113
104,29,wafer12fault8,12,8,12,0,2,3,3,109.47926893727532
105,26,wafer12fault9,12,9,12,0,2,3,3,134.9155163031358
106,12,wafer12fault10,12,10,12,0,2,3,3,95.55970567464828
107,19,wafer12fault11,12,11,12,0,2,3,3,123.65055003919099
108,18,wafer12fault12,12,12,12,0,2,3,3,156.25326209598117
109,11,wafer12fault13,12,13,12,0,2,3,3,76.55865359306335
110,1,wafer12fault14,12,14,12,0,2,3,3,93.72949862480164
111,9,wafer12fault15,12,15,12,0,2,3,3,26.222943358951145
112,7,wafer12fault16,12,16,12,0,2,3,3,102.93750647136143
113,37,wafer15fault0,15,0,15,1,0,1,3,198.6441323241672
114,52,wafer15fault1,15,1,15,1,0,1,3,226.20925500301215
115,53,wafer15fault2,15,2,15,1,0,1,3,123.66141224807163
116,52,wafer15fault3,15,3,15,1,0,1,3,147.70397645235062
117,1,wafer15fault4,15,4,15,1,0,1,3,101.40910530090332
118,52,wafer15fault5,15,5,15,1,0,1,3,122.82009396186241
119,10,wafer15fault6,15,6,15,1,0,1,3,175.0277286052704
120,2,wafer15fault7,15,7,15,1,0,1,3,101.79479658603668
121,9,wafer15fault8,15,8,15,1,0,1,3,67.54269700580173
122,53,wafer15fault9,15,9,15,1,0,1,3,123.71756358416576
123,43,wafer15fault10,15,10,15,1,0,1,3,115.41961785249931
124,53,wafer15fault11,15,11,15,1,0,1,3,123.175508872518
125,53,wafer15fault12,15,12,15,1,0,1,3,124.59499650631311
126,52,wafer15fault14,15,14,15,1,0,1,3,137.13250166636246
127,3,wafer15fault15,15,15,15,1,0,1,3,197.5339629650116
128,9,wafer15fault16,15,16,15,1,0,1,3,183.58709324730768
129,28,wafer15fault17,15,17,15,1,0,1,3,74.63723646742957
130,53,wafer15fault18,15,18,15,1,0,1,3,161.30167509024997
131,31,wafer15fault19,15,19,15,1,0,1,3,79.52014287825554
132,3,wafer15fault20,15,20,15,1,0,1,3,180.10780143737793
133,40,wafer15fault21,15,21,15,1,0,1,3,122.64861710071564
134,1,wafer15fault22,15,22,15,1,0,1,3,196.2911834716797
135,4,wafer15fault23,15,23,15,1,0,1,3,229.39718437194824
136,2,wafer15fault25,15,25,15,1,0,1,3,174.1639587879181
137,53,wafer15fault26,15,26,15,1,0,1,3,124.91850443156261
138,52,wafer15fault27,15,27,15,1,0,1,3,123.57676199307808
139,13,wafer15fault28,15,28,15,1,0,1,3,68.86000277445866
140,50,wafer15fault29,15,29,15,1,0,1,3,119.62400497436523
141,2,wafer15fault31,15,31,15,1,0,1,3,137.98656296730042
142,55,wafer18fault0,18,0,18,1,0,2,3,126.21843848228454
143,54,wafer18fault1,18,1,18,1,0,2,3,126.45569806187241
144,54,wafer18fault2,18,2,18,1,0,2,3,126.11669714362533
145,54,wafer18fault3,18,3,18,1,0,2,3,125.81613471772935
146,54,wafer18fault4,18,4,18,1,0,2,3,125.08937564161089
147,53,wafer18fault5,18,5,18,1,0,2,3,124.06162342485392
148,54,wafer18fault6,18,6,18,1,0,2,3,125.20164853996701
149,54,wafer18fault7,18,7,18,1,0,2,3,125.84313851815683
150,54,wafer18fault8,18,8,18,1,0,2,3,125.9889726418036
151,54,wafer18fault9,18,9,18,1,0,2,3,125.3117329676946
152,54,wafer18fault10,18,10,18,1,0,2,3,125.92696961650142
153,53,wafer18fault11,18,11,18,1,0,2,3,124.0443460536453
154,54,wafer18fault12,18,12,18,1,0,2,3,126.07352321677737
155,55,wafer18fault13,18,13,18,1,0,2,3,127.69514859806408
156,44,wafer18fault14,18,14,18,1,0,2,3,102.93562013452703
157,54,wafer18fault15,18,15,18,1,0,2,3,124.68787444962396
158,53,wafer18fault16,18,16,18,1,0,2,3,125.86054971982848
159,54,wafer19fault0,19,0,19,1,0,3,3,125.35416104616942
160,53,wafer19fault1,19,1,19,1,0,3,3,123.3928970480865
161,54,wafer19fault2,19,2,19,1,0,3,3,126.0267909500334
162,53,wafer19fault3,19,3,19,1,0,3,3,125.20788494146095
163,54,wafer19fault4,19,4,19,1,0,3,3,126.59912966798854
164,53,wafer19fault5,19,5,19,1,0,3,3,123.36315471721146
165,53,wafer19fault6,19,6,19,1,0,3,3,131.58932104650535
166,50,wafer19fault7,19,7,19,1,0,3,3,155.97427479743956
167,15,wafer19fault8,19,8,19,1,0,3,3,92.20015964508056
168,13,wafer19fault9,19,9,19,1,0,3,3,128.71184827731207
169,49,wafer19fault10,19,10,19,1,0,3,3,133.27699061802454
170,34,wafer19fault11,19,11,19,1,0,3,3,122.8645121350008
171,8,wafer19fault12,19,12,19,1,0,3,3,79.57772812247276
172,30,wafer19fault13,19,13,19,1,0,3,3,139.9600609779358
173,46,wafer19fault14,19,14,19,1,0,3,3,176.2058398619942
174,44,wafer19fault15,19,15,19,1,0,3,3,135.9110488295555
175,49,wafer19fault16,19,16,19,1,0,3,3,198.42391813044645
176,19,wafer19fault17,19,17,19,1,0,3,3,247.5506924829985
177,49,wafer19fault18,19,18,19,1,0,3,3,137.72189110639144
178,6,wafer19fault19,19,19,19,1,0,3,3,199.1703710158666
179,43,wafer19fault20,19,20,19,1,0,3,3,204.95453841187233
180,39,wafer19fault21,19,21,19,1,0,3,3,144.4689582494589
181,19,wafer19fault22,19,22,19,1,0,3,3,80.59803802088688
182,47,wafer19fault23,19,23,19,1,0,3,3,155.68400943532905
183,12,wafer19fault24,19,24,19,1,0,3,3,140.1937413016955
184,6,wafer19fault25,19,25,19,1,0,3,3,71.75494841734569
185,41,wafer19fault26,19,26,19,1,0,3,3,179.9348486516534
186,28,wafer19fault27,19,27,19,1,0,3,3,113.54450748647962
187,1,wafer19fault28,19,28,19,1,0,3,3,34.41383218765259
188,34,wafer19fault30,19,30,19,1,0,3,3,140.64405135547415
189,10,wafer19fault31,19,31,19,1,0,3,3,58.884083080291745
190,17,wafer19fault32,19,32,19,1,0,3,3,163.71227735631606
191,18,wafer22fault0,22,0,22,1,1,0,3,195.1235216723548
192,23,wafer22fault1,22,1,22,1,1,0,3,165.0301935258119
193,28,wafer22fault2,22,2,22,1,1,0,3,106.86047771998814
194,25,wafer22fault3,22,3,22,1,1,0,3,118.50700324058533
195,28,wafer22fault4,22,4,22,1,1,0,3,141.7684502516474
196,16,wafer22fault5,22,5,22,1,1,0,3,131.60468044877052
197,5,wafer22fault6,22,6,22,1,1,0,3,99.31618132591248
198,30,wafer22fault7,22,7,22,1,1,0,3,122.32910936673483
199,30,wafer22fault8,22,8,22,1,1,0,3,169.55250158309937
200,171,wafer22fault9,22,9,22,1,1,0,3,133.189188650477
201,214,wafer22fault10,22,10,22,1,1,0,3,90.6613184948948
202,19,wafer22fault11,22,11,22,1,1,0,3,89.2517555261913
203,14,wafer22fault12,22,12,22,1,1,0,3,134.99939772060938
204,95,wafer22fault13,22,13,22,1,1,0,3,145.0224802569339
205,148,wafer22fault16,22,16,22,1,1,0,3,150.3462181204074
206,226,wafer22fault17,22,17,22,1,1,0,3,85.22470370752622
207,1,wafer22fault18,22,18,22,1,1,0,3,155.2316997051239
208,17,wafer22fault19,22,19,22,1,1,0,3,187.35822049309226
209,208,wafer22fault20,22,20,22,1,1,0,3,105.65481083668195
210,78,wafer22fault21,22,21,22,1,1,0,3,26.846101724184475
211,232,wafer22fault22,22,22,22,1,1,0,3,84.83153904409244
212,116,wafer22fault23,22,23,22,1,1,0,3,46.66036042468301
213,1,wafer22fault24,22,24,22,1,1,0,3,144.75743293762207
214,12,wafer22fault25,22,25,22,1,1,0,3,133.06762649615607
215,12,wafer22fault26,22,26,22,1,1,0,3,132.11653073628744
216,231,wafer22fault28,22,28,22,1,1,0,3,83.44984649889398
217,13,wafer22fault29,22,29,22,1,1,0,3,145.5418602503263
218,25,wafer22fault30,22,30,22,1,1,0,3,137.13284554481507
219,26,wafer22fault31,22,31,22,1,1,0,3,112.47396534222823
220,12,wafer26fault0,26,0,26,1,1,1,3,124.90363854169846
221,49,wafer26fault1,26,1,26,1,1,1,3,150.8522761354641
222,39,wafer26fault2,26,2,26,1,1,1,3,198.0140828719506
223,39,wafer26fault3,26,3,26,1,1,1,3,172.94293094292667
224,65,wafer26fault4,26,4,26,1,1,1,3,136.7102862101335
225,52,wafer26fault5,26,5,26,1,1,1,3,150.46079530165747
226,50,wafer26fault6,26,6,26,1,1,1,3,106.20558229446411
227,27,wafer26fault7,26,7,26,1,1,1,3,125.48869910063567
228,58,wafer26fault8,26,8,26,1,1,1,3,111.58726794144204
229,192,wafer26fault9,26,9,26,1,1,1,3,84.19715980812907
230,193,wafer26fault10,26,10,26,1,1,1,3,83.99816291319891
231,192,wafer26fault11,26,11,26,1,1,1,3,83.69089506193995
232,170,wafer26fault12,26,12,26,1,1,1,3,101.138255499391
233,171,wafer26fault13,26,13,26,1,1,1,3,105.31978344917297
234,161,wafer26fault14,26,14,26,1,1,1,3,90.64415406884613
235,148,wafer26fault15,26,15,26,1,1,1,3,102.99518559913378
236,121,wafer26fault16,26,16,26,1,1,1,3,85.24233843275339
237,143,wafer26fault17,26,17,26,1,1,1,3,98.77375097374816
238,175,wafer26fault18,26,18,26,1,1,1,3,119.72889241491045
239,174,wafer26fault19,26,19,26,1,1,1,3,108.57029288801654
240,181,wafer26fault20,26,20,26,1,1,1,3,121.73202320752223
241,189,wafer26fault21,26,21,26,1,1,1,3,115.78456381136778
242,186,wafer26fault22,26,22,26,1,1,1,3,113.177236327561
243,175,wafer26fault23,26,23,26,1,1,1,3,98.20681339400156
244,172,wafer26fault24,26,24,26,1,1,1,3,86.90139393057935
245,167,wafer26fault25,26,25,26,1,1,1,3,99.46441832987848
246,178,wafer26fault26,26,26,26,1,1,1,3,105.11118989312247
247,145,wafer26fault27,26,27,26,1,1,1,3,77.91671995623358
248,198,wafer26fault28,26,28,26,1,1,1,3,109.92025683985815
249,205,wafer26fault29,26,29,26,1,1,1,3,105.91724329227354
250,195,wafer26fault30,26,30,26,1,1,1,3,110.77289329920059
251,64,wafer26fault31,26,31,26,1,1,1,3,28.388876259326935
252,196,wafer26fault32,26,32,26,1,1,1,3,110.0478305001648
253,181,wafer26fault33,26,33,26,1,1,1,3,98.83433025844847
254,194,wafer26fault34,26,34,26,1,1,1,3,112.45949036313087
255,163,wafer26fault35,26,35,26,1,1,1,3,84.46235028805177
256,153,wafer26fault36,26,36,26,1,1,1,3,98.6098168737748
257,157,wafer26fault37,26,37,26,1,1,1,3,85.26153863159715
258,170,wafer26fault38,26,38,26,1,1,1,3,92.23528009582968
259,202,wafer26fault39,26,39,26,1,1,1,3,106.92628699364049
260,196,wafer26fault40,26,40,26,1,1,1,3,111.0520645538155
261,198,wafer26fault41,26,41,26,1,1,1,3,96.93988072270095
262,202,wafer26fault42,26,42,26,1,1,1,3,104.00127948274707
263,52,wafer26fault43,26,43,26,1,1,1,3,31.993810144754555
264,190,wafer26fault44,26,44,26,1,1,1,3,92.65176277537095
265,184,wafer26fault45,26,45,26,1,1,1,3,91.77575022111769
266,182,wafer26fault46,26,46,26,1,1,1,3,104.87653854915074
267,170,wafer26fault47,26,47,26,1,1,1,3,108.39307376496932
268,149,wafer26fault48,26,48,26,1,1,1,3,93.37719624474545
269,148,wafer26fault49,26,49,26,1,1,1,3,76.91796253984039
270,211,wafer30fault0,30,0,30,1,1,2,3,157.36272454939748
271,168,wafer30fault1,30,1,30,1,1,2,3,60.11406344743002
272,35,wafer30fault2,30,2,30,1,1,2,3,110.33677024841309
273,211,wafer30fault3,30,3,30,1,1,2,3,78.72320509521882
274,30,wafer30fault4,30,4,30,1,1,2,3,18.42006120681763
275,90,wafer30fault5,30,5,30,1,1,2,3,181.05362700356378
276,214,wafer30fault6,30,6,30,1,1,2,3,87.13415054851603
277,213,wafer30fault7,30,7,30,1,1,2,3,78.23739305012663
278,52,wafer30fault8,30,8,30,1,1,2,3,15.925354682482206
279,197,wafer30fault10,30,10,30,1,1,2,3,99.37541833262758
280,159,wafer30fault11,30,11,30,1,1,2,3,57.55775483149402
281,2,wafer30fault12,30,12,30,1,1,2,3,225.98653078079224
282,18,wafer30fault13,30,13,30,1,1,2,3,236.17741584777832
283,203,wafer30fault14,30,14,30,1,1,2,3,91.09987263609035
284,197,wafer30fault15,30,15,30,1,1,2,3,91.81550710092341
285,1,wafer30fault19,30,19,30,1,1,2,3,147.47084665298462
286,1,wafer30fault20,30,20,30,1,1,2,3,141.12631225585938
287,53,wafer30fault23,30,23,30,1,1,2,3,180.10611637133474
288,1,wafer30fault24,30,24,30,1,1,2,3,141.37503051757812
289,166,wafer30fault26,30,26,30,1,1,2,3,211.43865718899002
290,197,wafer30fault28,30,28,30,1,1,2,3,91.58566972325902
291,206,wafer30fault29,30,29,30,1,1,2,3,87.48912891600897
292,203,wafer30fault30,30,30,30,1,1,2,3,89.8174287720854
293,193,wafer30fault32,30,32,30,1,1,2,3,120.77371279439778
294,204,wafer30fault33,30,33,30,1,1,2,3,85.63636283547271
295,206,wafer30fault34,30,34,30,1,1,2,3,87.5286935810904
296,200,wafer30fault35,30,35,30,1,1,2,3,86.8470354628563
297,203,wafer30fault36,30,36,30,1,1,2,3,85.88175980915577
298,197,wafer30fault37,30,37,30,1,1,2,3,85.5800221535155
299,214,wafer30fault38,30,38,30,1,1,2,3,83.38655857839316
300,53,wafer30fault39,30,39,30,1,1,2,3,127.30873396711529
301,42,wafer30fault40,30,40,30,1,1,2,3,124.12681344577244
302,24,wafer30fault41,30,41,30,1,1,2,3,216.0333659251531
303,19,wafer30fault42,30,42,30,1,1,2,3,200.62187650329187
304,47,wafer30fault43,30,43,30,1,1,2,3,211.28427947328447
305,42,wafer30fault44,30,44,30,1,1,2,3,129.96518164589293
306,40,wafer30fault45,30,45,30,1,1,2,3,148.4141675055027
307,7,wafer30fault46,30,46,30,1,1,2,3,111.80646433149066
308,38,wafer30fault47,30,47,30,1,1,2,3,11.95523166029077
309,34,wafer30fault48,30,48,30,1,1,2,3,9.756904987727895
310,58,wafer30fault49,30,49,30,1,1,2,3,17.912497487561456
311,214,wafer31fault0,31,0,31,1,1,3,3,79.61975407600403
312,203,wafer31fault1,31,1,31,1,1,3,3,72.34914393025666
313,219,wafer31fault2,31,2,31,1,1,3,3,89.79907970014773
314,31,wafer31fault4,31,4,31,1,1,3,3,7.854727075945947
315,220,wafer31fault6,31,6,31,1,1,3,3,76.88453209833665
316,198,wafer31fault7,31,7,31,1,1,3,3,72.34743195591551
317,1,wafer31fault9,31,9,31,1,1,3,3,265.34902143478394
318,57,wafer31fault10,31,10,31,1,1,3,3,128.60787034871285
319,217,wafer31fault11,31,11,31,1,1,3,3,75.35655373362353
320,89,wafer31fault13,31,13,31,1,1,3,3,121.66887721318876
321,118,wafer31fault14,31,14,31,1,1,3,3,88.19397509502153
322,225,wafer31fault15,31,15,31,1,1,3,3,136.4784576204088
323,222,wafer31fault16,31,16,31,1,1,3,3,127.55081738222826
324,204,wafer31fault17,31,17,31,1,1,3,3,91.70797734634549
325,209,wafer31fault18,31,18,31,1,1,3,3,88.55779612463627
326,207,wafer31fault19,31,19,31,1,1,3,3,88.6304409791882
327,205,wafer31fault20,31,20,31,1,1,3,3,88.47661201314229
328,209,wafer31fault21,31,21,31,1,1,3,3,86.26182179131577
329,212,wafer31fault22,31,22,31,1,1,3,3,88.42714590059137
330,212,wafer31fault23,31,23,31,1,1,3,3,86.0532998386419
331,198,wafer31fault24,31,24,31,1,1,3,3,94.29954107602437
332,207,wafer31fault25,31,25,31,1,1,3,3,89.73224197378481
333,113,wafer31fault26,31,26,31,1,1,3,3,51.04702355798367
334,206,wafer31fault27,31,27,31,1,1,3,3,115.89237546920776
335,95,wafer31fault28,31,28,31,1,1,3,3,72.79584335025989
336,198,wafer31fault29,31,29,31,1,1,3,3,149.66135033453352
337,203,wafer31fault30,31,30,31,1,1,3,3,118.02523504454514
338,173,wafer31fault31,31,31,31,1,1,3,3,113.02010159547618
339,179,wafer31fault32,31,32,31,1,1,3,3,115.87453586029606
340,155,wafer31fault33,31,33,31,1,1,3,3,127.66175686620898
341,185,wafer31fault34,31,34,31,1,1,3,3,107.78038145529257
342,169,wafer31fault35,31,35,31,1,1,3,3,110.01526143000676
343,101,wafer31fault36,31,36,31,1,1,3,3,63.571873315490116
344,207,wafer31fault37,31,37,31,1,1,3,3,110.71475768434829
345,213,wafer31fault38,31,38,31,1,1,3,3,113.67266095188302
346,192,wafer31fault39,31,39,31,1,1,3,3,103.53855385134618
347,183,wafer31fault40,31,40,31,1,1,3,3,107.17370907726183
348,173,wafer31fault41,31,41,31,1,1,3,3,114.27886684230297
349,156,wafer31fault42,31,42,31,1,1,3,3,129.1690498009706
350,159,wafer31fault43,31,43,31,1,1,3,3,113.6140771826858
351,125,wafer31fault44,31,44,31,1,1,3,3,90.27425558280945
352,125,wafer31fault45,31,45,31,1,1,3,3,97.1316490058899
353,217,wafer31fault46,31,46,31,1,1,3,3,114.39008586307824
354,222,wafer31fault47,31,47,31,1,1,3,3,108.67510230906375
355,27,wafer31fault48,31,48,31,1,1,3,3,101.18162484522219
356,169,wafer31fault49,31,49,31,1,1,3,3,125.00444663205796
357,154,wafer31fault50,31,50,31,1,1,3,3,103.47138660759121
358,167,wafer31fault51,31,51,31,1,1,3,3,100.23874844476849
359,235,wafer31fault52,31,52,31,1,1,3,3,113.8179280757904
360,234,wafer31fault53,31,53,31,1,1,3,3,105.40401748816173
361,220,wafer31fault54,31,54,31,1,1,3,3,106.72358459125866
362,198,wafer31fault55,31,55,31,1,1,3,3,101.48902341934165
363,189,wafer31fault56,31,56,31,1,1,3,3,138.50917240677688
364,206,wafer31fault57,31,57,31,1,1,3,3,119.7938855573969
365,156,wafer31fault58,31,58,31,1,1,3,3,97.52340613725858
366,187,wafer31fault59,31,59,31,1,1,3,3,106.66295977327276
367,214,wafer31fault60,31,60,31,1,1,3,3,121.81846517825795
368,230,wafer31fault61,31,61,31,1,1,3,3,114.49959424682285
369,211,wafer31fault62,31,62,31,1,1,3,3,104.9205085304676
370,204,wafer31fault63,31,63,31,1,1,3,3,97.46765228930641
371,199,wafer31fault64,31,64,31,1,1,3,3,121.63192399302919
372,177,wafer31fault65,31,65,31,1,1,3,3,115.8723825425078
373,170,wafer31fault66,31,66,31,1,1,3,3,97.68547334110036
374,155,wafer31fault67,31,67,31,1,1,3,3,86.95617919737293
375,185,wafer31fault68,31,68,31,1,1,3,3,102.3490052390743
376,231,wafer31fault69,31,69,31,1,1,3,3,110.715909412929
377,231,wafer31fault70,31,70,31,1,1,3,3,107.09379299068864
378,228,wafer31fault71,31,71,31,1,1,3,3,95.34635892980977
379,206,wafer31fault72,31,72,31,1,1,3,3,109.28644672528054
380,214,wafer31fault73,31,73,31,1,1,3,3,108.56235796157445
381,207,wafer31fault74,31,74,31,1,1,3,3,127.95530651041851
382,156,wafer31fault75,31,75,31,1,1,3,3,93.50924462385667
383,129,wafer31fault76,31,76,31,1,1,3,3,64.50118749455888
384,232,wafer31fault77,31,77,31,1,1,3,3,117.60820807259658
385,225,wafer31fault78,31,78,31,1,1,3,3,99.32949213239881
386,230,wafer31fault79,31,79,31,1,1,3,3,113.45944759949394
387,226,wafer31fault80,31,80,31,1,1,3,3,97.70440390046718
388,211,wafer31fault81,31,81,31,1,1,3,3,104.8584996365823
389,192,wafer31fault82,31,82,31,1,1,3,3,108.76537880549829
390,197,wafer31fault83,31,83,31,1,1,3,3,114.5962594923029
391,154,wafer31fault84,31,84,31,1,1,3,3,80.17832383397338
392,69,wafer34fault0,34,0,34,1,2,0,3,114.26507637120676
393,80,wafer34fault1,34,1,34,1,2,0,3,80.0510916531086
394,89,wafer34fault2,34,2,34,1,2,0,3,84.45671894844997
395,87,wafer34fault3,34,3,34,1,2,0,3,105.66998829238716
396,105,wafer34fault4,34,4,34,1,2,0,3,106.57394134203592
397,261,wafer34fault5,34,5,34,1,2,0,3,70.68242768674975
398,57,wafer34fault6,34,6,34,1,2,0,3,80.97155819441143
399,151,wafer34fault7,34,7,34,1,2,0,3,41.72022112000067
400,268,wafer34fault8,34,8,34,1,2,0,3,75.59736306987591
401,252,wafer34fault9,34,9,34,1,2,0,3,73.04155853343389
402,258,wafer34fault10,34,10,34,1,2,0,3,70.79971634509951
403,265,wafer34fault11,34,11,34,1,2,0,3,72.48971328375474
404,247,wafer34fault12,34,12,34,1,2,0,3,89.1499275591692
405,24,wafer34fault13,34,13,34,1,2,0,3,21.1686276892821
406,239,wafer34fault16,34,16,34,1,2,0,3,77.25849687205199
407,56,wafer38fault0,38,0,38,1,2,1,3,22.590260561023438
408,59,wafer38fault1,38,1,38,1,2,1,3,76.94304047600697
409,262,wafer38fault4,38,4,38,1,2,1,3,67.99092279044726
410,212,wafer38fault5,38,5,38,1,2,1,3,53.96089654935981
411,263,wafer38fault6,38,6,38,1,2,1,3,67.93896446209897
412,261,wafer38fault7,38,7,38,1,2,1,3,67.79181698912404
413,261,wafer38fault8,38,8,38,1,2,1,3,67.84228974649275
414,262,wafer38fault9,38,9,38,1,2,1,3,67.79193292046321
415,261,wafer38fault10,38,10,38,1,2,1,3,68.00705045667188
416,261,wafer38fault11,38,11,38,1,2,1,3,67.6592185689115
417,270,wafer38fault12,38,12,38,1,2,1,3,70.56682628790537
418,267,wafer38fault13,38,13,38,1,2,1,3,71.17972356281923
419,266,wafer38fault14,38,14,38,1,2,1,3,71.00788888985053
420,253,wafer38fault15,38,15,38,1,2,1,3,81.99157418281193
421,272,wafer38fault16,38,16,38,1,2,1,3,70.00046923581291
422,269,wafer38fault17,38,17,38,1,2,1,3,70.30137978344602
423,268,wafer38fault18,38,18,38,1,2,1,3,71.49656378066362
424,264,wafer38fault19,38,19,38,1,2,1,3,71.80245275479375
425,270,wafer38fault20,38,20,38,1,2,1,3,70.65638851236415
426,139,wafer38fault21,38,21,38,1,2,1,3,32.23305904093406
427,9,wafer41fault0,41,0,41,1,2,2,3,7418.514668623607
428,6,wafer41fault3,41,3,41,1,2,2,3,7450.843900322914
429,7,wafer41fault4,41,4,41,1,2,2,3,7414.312514781952
430,3,wafer41fault5,41,5,41,1,2,2,3,7444.472218195598
431,5,wafer41fault6,41,6,41,1,2,2,3,7408.845822286606
432,197,wafer41fault8,41,8,41,1,2,2,3,7403.497428357904
433,252,wafer41fault9,41,9,41,1,2,2,3,7301.150069458144
434,108,wafer41fault10,41,10,41,1,2,2,3,7302.053370963644
435,32,wafer41fault11,41,11,41,1,2,2,3,7447.139280818403
436,47,wafer41fault12,41,12,41,1,2,2,3,7386.144100310955
437,81,wafer41fault13,41,13,41,1,2,2,3,7333.846506298324
438,45,wafer41fault14,41,14,41,1,2,2,3,7361.4815949969825
439,34,wafer41fault15,41,15,41,1,2,2,3,7448.224423948456
440,66,wafer41fault16,41,16,41,1,2,2,3,7369.404752684362
441,33,wafer42fault0,42,0,42,1,2,3,3,7362.203703901984
442,82,wafer42fault1,42,1,42,1,2,3,3,7363.20320311116
443,46,wafer42fault2,42,2,42,1,2,3,3,7333.3631716189175
444,65,wafer42fault3,42,3,42,1,2,3,3,7326.086225560995
445,75,wafer42fault4,42,4,42,1,2,3,3,7358.878445380528
446,15,wafer42fault5,42,5,42,1,2,3,3,7264.292878484726
447,70,wafer42fault6,42,6,42,1,2,3,3,7346.823156707627
448,55,wafer42fault7,42,7,42,1,2,3,3,7322.101675441048
449,96,wafer42fault8,42,8,42,1,2,3,3,7377.609821245074
450,104,wafer42fault9,42,9,42,1,2,3,3,7337.434219360352
451,45,wafer42fault10,42,10,42,1,2,3,3,7318.97588230239
452,51,wafer42fault11,42,11,42,1,2,3,3,7376.627124122545
453,6,wafer42fault12,42,12,42,1,2,3,3,7230.313386559486
454,32,wafer42fault13,42,13,42,1,2,3,3,7358.459423452616
455,60,wafer42fault14,42,14,42,1,2,3,3,7316.521095216274
456,47,wafer42fault15,42,15,42,1,2,3,3,7375.618173563734
457,2,wafer42fault16,42,16,42,1,2,3,3,7310.946886539459
458,51,wafer42fault17,42,17,42,1,2,3,3,7316.3876638879965
459,92,wafer42fault18,42,18,42,1,2,3,3,7397.0244017010145
460,39,wafer42fault19,42,19,42,1,2,3,3,7385.746341833701
461,87,wafer42fault20,42,20,42,1,2,3,3,7346.306413436758
462,63,wafer42fault21,42,21,42,1,2,3,3,7375.725486399636
463,1,wafer42fault22,42,22,42,1,2,3,3,7354.097277164459
464,36,wafer42fault23,42,23,42,1,2,3,3,7435.567455748717
465,20,wafer42fault24,42,24,42,1,2,3,3,7400.766116023064
466,62,wafer42fault25,42,25,42,1,2,3,3,7412.633545348721
467,39,wafer42fault26,42,26,42,1,2,3,3,7356.866919609217
468,84,wafer42fault27,42,27,42,1,2,3,3,7332.1771383455825
469,32,wafer42fault28,42,28,42,1,2,3,3,7321.377520814538
470,58,wafer42fault29,42,29,42,1,2,3,3,7382.142738761573
471,65,wafer42fault30,42,30,42,1,2,3,3,7394.283324322334
472,4,wafer42fault31,42,31,42,1,2,3,3,7255.019098579884
473,23,wafer42fault32,42,32,42,1,2,3,3,7269.146054941675
474,19,wafer42fault35,42,35,42,1,2,3,3,7316.355624926718
475,41,wafer42fault36,42,36,42,1,2,3,3,7422.495100027178
476,48,wafer42fault37,42,37,42,1,2,3,3,7374.074896340569
477,35,wafer42fault38,42,38,42,1,2,3,3,7368.84455276898
478,50,wafer42fault39,42,39,42,1,2,3,3,7395.169627790451
479,48,wafer42fault40,42,40,42,1,2,3,3,7355.057197312514
480,45,wafer42fault41,42,41,42,1,2,3,3,7403.823673211204
481,21,wafer42fault42,42,42,42,1,2,3,3,7340.772546552476
482,32,wafer42fault43,42,43,42,1,2,3,3,7338.319287642837
483,4,wafer42fault44,42,44,42,1,2,3,3,7338.442451059818
484,56,wafer42fault45,42,45,42,1,2,3,3,7397.18097401091
485,47,wafer42fault46,42,46,42,1,2,3,3,7325.856765001378
486,2,wafer42fault47,42,47,42,1,2,3,3,7374.10085940361
487,29,wafer42fault48,42,48,42,1,2,3,3,7346.923809166612
488,53,wafer42fault49,42,49,42,1,2,3,3,7314.884862580389
489,57,wafer42fault50,42,50,42,1,2,3,3,7396.169803556643
490,12,wafer45fault0,45,0,45,2,0,1,3,7271.859747409821
491,53,wafer45fault1,45,1,45,2,0,1,3,7357.0516147613525
492,54,wafer45fault2,45,2,45,2,0,1,3,7353.553892188602
493,53,wafer45fault3,45,3,45,2,0,1,3,7350.805988262285
494,50,wafer45fault4,45,4,45,2,0,1,3,7345.8977433013915
495,53,wafer45fault7,45,7,45,2,0,1,3,7351.351986507199
496,54,wafer45fault8,45,8,45,2,0,1,3,7354.045619686444
497,6,wafer45fault9,45,9,45,2,0,1,3,7360.320043047269
498,3,wafer45fault10,45,10,45,2,0,1,3,7397.6259553432465
499,2,wafer45fault11,45,11,45,2,0,1,3,7419.668521642685
500,1,wafer45fault12,45,12,45,2,0,1,3,7431.701142549515
501,53,wafer45fault13,45,13,45,2,0,1,3,7352.1179844388425
502,4,wafer45fault14,45,14,45,2,0,1,3,7450.554714143276
503,1,wafer45fault16,45,16,45,2,0,1,3,7400.719444990158
504,2,wafer47fault0,47,0,47,2,0,2,3,7325.193020582199
505,1,wafer47fault1,47,1,47,2,0,2,3,7465.496610879898
506,54,wafer47fault3,47,3,47,2,0,2,3,7374.62964159471
507,53,wafer47fault4,47,4,47,2,0,2,3,7353.095402209264
508,53,wafer48fault0,48,0,48,2,0,3,3,7353.191291368233
509,55,wafer48fault1,48,1,48,2,0,3,3,7355.0037097150625
510,53,wafer48fault2,48,2,48,2,0,3,3,7351.399356612619
511,54,wafer48fault3,48,3,48,2,0,3,3,7352.992927829425
512,2,wafer48fault4,48,4,48,2,0,3,3,7477.071339726448
513,54,wafer48fault6,48,6,48,2,0,3,3,7353.796688861317
514,53,wafer48fault7,48,7,48,2,0,3,3,7353.231717977884
515,9,wafer48fault8,48,8,48,2,0,3,3,7308.621635701921
516,53,wafer48fault11,48,11,48,2,0,3,3,7350.746269954825
517,2,wafer48fault12,48,12,48,2,0,3,3,7485.263725399971
518,1,wafer48fault13,48,13,48,2,0,3,3,7454.051543474197
519,53,wafer48fault14,48,14,48,2,0,3,3,7352.205514278052
520,53,wafer48fault15,48,15,48,2,0,3,3,7351.159940679118
521,53,wafer48fault16,48,16,48,2,0,3,3,7352.654530381256
522,157,wafer51fault0,51,0,51,2,1,0,3,7339.479331186622
523,206,wafer51fault1,51,1,51,2,1,0,3,7321.004675686938
524,133,wafer51fault2,51,2,51,2,1,0,3,7286.91785672195
525,220,wafer51fault3,51,3,51,2,1,0,3,7323.448769057881
526,127,wafer51fault4,51,4,51,2,1,0,3,7280.272275027328
527,2,wafer51fault5,51,5,51,2,1,0,3,7264.0580760240555
528,11,wafer51fault7,51,7,51,2,1,0,3,7480.248532251878
529,238,wafer51fault8,51,8,51,2,1,0,3,7310.483591578588
530,226,wafer51fault9,51,9,51,2,1,0,3,7312.503808840186
531,126,wafer51fault10,51,10,51,2,1,0,3,7299.7225699859955
532,89,wafer51fault11,51,11,51,2,1,0,3,7257.300450863463
533,96,wafer51fault12,51,12,51,2,1,0,3,7265.248884871602
534,121,wafer51fault13,51,13,51,2,1,0,3,7271.925239842785
535,1,wafer51fault15,51,15,51,2,1,0,3,7450.206660985947
536,2,wafer51fault16,51,16,51,2,1,0,3,7400.03429710865
537,17,wafer55fault0,55,0,55,2,1,1,3,7442.742462691139
538,201,wafer55fault1,55,1,55,2,1,1,3,7306.830012110336
539,2,wafer55fault2,55,2,55,2,1,1,3,7422.037914514542
540,208,wafer55fault4,55,4,55,2,1,1,3,7309.42051118383
541,201,wafer55fault5,55,5,55,2,1,1,3,7310.957817330289
542,2,wafer55fault6,55,6,55,2,1,1,3,7351.890666484833
543,199,wafer55fault7,55,7,55,2,1,1,3,7323.882591185258
544,203,wafer55fault8,55,8,55,2,1,1,3,7309.539677322792
545,207,wafer55fault9,55,9,55,2,1,1,3,7307.698212538365
546,201,wafer55fault10,55,10,55,2,1,1,3,7306.48630163207
547,4,wafer55fault11,55,11,55,2,1,1,3,7255.079049885273
548,193,wafer55fault12,55,12,55,2,1,1,3,7345.869745880828
549,181,wafer55fault13,55,13,55,2,1,1,3,7325.039637656501
550,172,wafer55fault14,55,14,55,2,1,1,3,7440.135774473812
551,1,wafer55fault16,55,16,55,2,1,1,3,7517.175985336304
552,198,wafer55fault17,55,17,55,2,1,1,3,7320.2143607813905
553,158,wafer55fault18,55,18,55,2,1,1,3,7311.877150190027
554,1,wafer55fault21,55,21,55,2,1,1,3,7351.504427909851
555,181,wafer55fault22,55,22,55,2,1,1,3,7322.591689884333
556,3,wafer55fault23,55,23,55,2,1,1,3,7303.754783153534
557,1,wafer55fault24,55,24,55,2,1,1,3,7477.538246393204
558,138,wafer55fault28,55,28,55,2,1,1,3,7301.083274775657
559,201,wafer55fault29,55,29,55,2,1,1,3,7316.9776770368735
560,195,wafer55fault30,55,30,55,2,1,1,3,7322.854560657648
561,177,wafer55fault31,55,31,55,2,1,1,3,7323.919872601827
562,186,wafer55fault32,55,32,55,2,1,1,3,7318.366972181105
563,195,wafer55fault33,55,33,55,2,1,1,3,7312.827319305371
564,143,wafer55fault34,55,34,55,2,1,1,3,7290.521411670671
565,186,wafer55fault35,55,35,55,2,1,1,3,7319.007759062193
566,197,wafer55fault37,55,37,55,2,1,1,3,7317.3362937300335
567,105,wafer55fault38,55,38,55,2,1,1,3,7275.474043900626
568,3,wafer55fault39,55,39,55,2,1,1,3,7405.9421703020735
569,11,wafer55fault40,55,40,55,2,1,1,3,7232.532441030849
570,191,wafer55fault41,55,41,55,2,1,1,3,7319.968218553753
571,205,wafer55fault42,55,42,55,2,1,1,3,7316.533852599307
572,207,wafer55fault43,55,43,55,2,1,1,3,7312.643476825981
573,197,wafer55fault44,55,44,55,2,1,1,3,7317.332731830287
574,191,wafer55fault45,55,45,55,2,1,1,3,7315.672918166166
575,209,wafer55fault46,55,46,55,2,1,1,3,7312.148019893318
576,219,wafer55fault47,55,47,55,2,1,1,3,7308.358723496737
577,207,wafer55fault48,55,48,55,2,1,1,3,7313.6474136442375
578,200,wafer55fault49,55,49,55,2,1,1,3,7311.97753854394
579,232,wafer58fault0,58,0,58,2,1,2,3,7299.613946995859
580,229,wafer58fault1,58,1,58,2,1,2,3,7302.239332703003
581,220,wafer58fault2,58,2,58,2,1,2,3,7305.385766739195
582,237,wafer58fault3,58,3,58,2,1,2,3,7300.024555545316
583,227,wafer58fault4,58,4,58,2,1,2,3,7298.051077245091
584,211,wafer58fault5,58,5,58,2,1,2,3,7315.131221653726
585,221,wafer58fault6,58,6,58,2,1,2,3,7307.455851721008
586,223,wafer58fault7,58,7,58,2,1,2,3,7307.117845915893
587,214,wafer58fault8,58,8,58,2,1,2,3,7317.146592126828
588,216,wafer58fault9,58,9,58,2,1,2,3,7312.913740408641
589,217,wafer58fault10,58,10,58,2,1,2,3,7316.880390903368
590,197,wafer58fault11,58,11,58,2,1,2,3,7319.507589553214
591,210,wafer58fault12,58,12,58,2,1,2,3,7314.006422048524
592,219,wafer58fault13,58,13,58,2,1,2,3,7307.799758039108
593,228,wafer58fault14,58,14,58,2,1,2,3,7309.191929729362
594,230,wafer58fault15,58,15,58,2,1,2,3,7307.946651121844
595,217,wafer58fault16,58,16,58,2,1,2,3,7306.547679027654
596,240,wafer59fault0,59,0,59,2,1,3,3,7296.812676092983
597,238,wafer59fault1,59,1,59,2,1,3,3,7297.144076714996
598,235,wafer59fault2,59,2,59,2,1,3,3,7297.842839498723
599,240,wafer59fault3,59,3,59,2,1,3,3,7297.848987411459
600,223,wafer59fault4,59,4,59,2,1,3,3,7299.703500704915
601,231,wafer59fault5,59,5,59,2,1,3,3,7302.624520685766
602,227,wafer59fault6,59,6,59,2,1,3,3,7303.80772423009
603,221,wafer59fault7,59,7,59,2,1,3,3,7305.342707701938
604,223,wafer59fault8,59,8,59,2,1,3,3,7304.70582075397
605,229,wafer59fault9,59,9,59,2,1,3,3,7305.138183900883
606,229,wafer59fault10,59,10,59,2,1,3,3,7301.916554257339
607,240,wafer59fault11,59,11,59,2,1,3,3,7295.847759033243
608,215,wafer59fault12,59,12,59,2,1,3,3,7317.145688824321
609,221,wafer59fault13,59,13,59,2,1,3,3,7311.667473116611
610,230,wafer59fault14,59,14,59,2,1,3,3,7310.414901795594
611,204,wafer59fault15,59,15,59,2,1,3,3,7316.718210918062
612,228,wafer59fault16,59,16,59,2,1,3,3,7311.972439858997
613,232,wafer59fault17,59,17,59,2,1,3,3,7306.166106865324
614,213,wafer59fault18,59,18,59,2,1,3,3,7317.686232867934
615,219,wafer59fault19,59,19,59,2,1,3,3,7314.167316315925
616,229,wafer59fault20,59,20,59,2,1,3,3,7310.579190988207
617,218,wafer59fault21,59,21,59,2,1,3,3,7315.742637726145
618,203,wafer59fault22,59,22,59,2,1,3,3,7320.123962961394
619,213,wafer59fault23,59,23,59,2,1,3,3,7315.966763559081
620,209,wafer59fault24,59,24,59,2,1,3,3,7314.247473067644
621,211,wafer59fault25,59,25,59,2,1,3,3,7313.962265623689
622,208,wafer59fault26,59,26,59,2,1,3,3,7315.016606362967
623,217,wafer59fault27,59,27,59,2,1,3,3,7312.0694635650525
624,215,wafer59fault28,59,28,59,2,1,3,3,7308.018657038932
625,223,wafer59fault29,59,29,59,2,1,3,3,7312.331114585089
626,217,wafer59fault30,59,30,59,2,1,3,3,7311.598529671744
627,221,wafer59fault31,59,31,59,2,1,3,3,7313.250235044039
628,210,wafer59fault32,59,32,59,2,1,3,3,7312.357264815058
629,219,wafer59fault33,59,33,59,2,1,3,3,7309.934259706436
630,230,wafer59fault34,59,34,59,2,1,3,3,7304.778001060693
631,232,wafer59fault35,59,35,59,2,1,3,3,7309.214851859315
632,231,wafer59fault36,59,36,59,2,1,3,3,7305.43114507766
633,239,wafer59fault37,59,37,59,2,1,3,3,7302.793653519084
634,230,wafer59fault38,59,38,59,2,1,3,3,7302.7471520102545
635,211,wafer59fault39,59,39,59,2,1,3,3,7314.837079697875
636,240,wafer59fault40,59,40,59,2,1,3,3,7301.123871227105
637,233,wafer59fault41,59,41,59,2,1,3,3,7304.416198510468
638,242,wafer59fault42,59,42,59,2,1,3,3,7305.263690018457
639,219,wafer59fault43,59,43,59,2,1,3,3,7308.54772368196
640,236,wafer59fault44,59,44,59,2,1,3,3,7301.725480206942
641,222,wafer59fault45,59,45,59,2,1,3,3,7309.212135421263
642,235,wafer59fault46,59,46,59,2,1,3,3,7303.214285196142
643,239,wafer59fault47,59,47,59,2,1,3,3,7300.701956849717
644,238,wafer59fault48,59,48,59,2,1,3,3,7301.882576248225
645,237,wafer59fault49,59,49,59,2,1,3,3,7304.894445804604
646,231,wafer59fault50,59,50,59,2,1,3,3,7298.746127734453
647,235,wafer61fault0,61,0,61,2,2,0,3,7299.70432689545
648,256,wafer61fault1,61,1,61,2,2,0,3,7302.484779291786
649,252,wafer61fault2,61,2,61,2,2,0,3,7300.39163844926
650,249,wafer61fault3,61,3,61,2,2,0,3,7300.550377785441
651,238,wafer61fault4,61,4,61,2,2,0,3,7299.466799104915
652,243,wafer64fault0,64,0,64,2,2,1,3,7295.982257748828
653,246,wafer64fault1,64,1,64,2,2,1,3,7295.658824522321
654,242,wafer64fault2,64,2,64,2,2,1,3,7296.361290539592
655,244,wafer64fault3,64,3,64,2,2,1,3,7296.217941644739
656,249,wafer64fault4,64,4,64,2,2,1,3,7295.142221088869
657,255,wafer64fault5,64,5,64,2,2,1,3,7298.365300811506
658,252,wafer64fault6,64,6,64,2,2,1,3,7298.530238726782
659,252,wafer64fault7,64,7,64,2,2,1,3,7298.885564622425
660,255,wafer64fault8,64,8,64,2,2,1,3,7298.322292178284
661,255,wafer64fault9,64,9,64,2,2,1,3,7298.448864229053
662,254,wafer64fault10,64,10,64,2,2,1,3,7297.487887089646
663,247,wafer64fault11,64,11,64,2,2,1,3,7298.614403221772
664,248,wafer64fault12,64,12,64,2,2,1,3,7298.306368097182
665,245,wafer64fault13,64,13,64,2,2,1,3,7298.888998523051
666,253,wafer64fault14,64,14,64,2,2,1,3,7298.707650396664
667,247,wafer64fault15,64,15,64,2,2,1,3,7299.6391337854175
668,250,wafer64fault16,64,16,64,2,2,1,3,7298.079187865257
669,242,wafer65fault0,65,0,65,2,2,3,3,7296.791193612351
670,244,wafer65fault1,65,1,65,2,2,3,3,7296.79642765053
671,245,wafer65fault2,65,2,65,2,2,3,3,7296.205713721684
672,245,wafer65fault3,65,3,65,2,2,3,3,7297.084414758488
673,244,wafer65fault4,65,4,65,2,2,3,3,7295.725079978099
674,254,wafer65fault5,65,5,65,2,2,3,3,7298.031695578042
675,255,wafer65fault6,65,6,65,2,2,3,3,7298.647003911523
676,256,wafer65fault7,65,7,65,2,2,3,3,7299.133061754517
677,255,wafer65fault8,65,8,65,2,2,3,3,7299.154837639192
678,256,wafer65fault9,65,9,65,2,2,3,3,7299.494347248226
679,256,wafer65fault10,65,10,65,2,2,3,3,7298.158353220671
680,248,wafer65fault11,65,11,65,2,2,3,3,7298.142625240549
681,246,wafer65fault12,65,12,65,2,2,3,3,7299.276405641703
682,249,wafer65fault13,65,13,65,2,2,3,3,7299.186064603338
683,255,wafer65fault14,65,14,65,2,2,3,3,7299.108743728376
684,244,wafer65fault15,65,15,65,2,2,3,3,7299.973883480322
685,245,wafer65fault16,65,16,65,2,2,3,3,7299.285798496129
686,54,wafer66fault0,66,0,66,3,0,3,3,7352.514489178305
687,53,wafer66fault1,66,1,66,3,0,3,3,7350.141096839365
688,54,wafer66fault2,66,2,66,3,0,3,3,7351.04717818013
689,53,wafer66fault4,66,4,66,3,0,3,3,7350.363228541501
690,53,wafer66fault5,66,5,66,3,0,3,3,7350.662380515404
691,54,wafer66fault6,66,6,66,3,0,3,3,7345.400918148182
692,53,wafer66fault7,66,7,66,3,0,3,3,7351.908126394704
693,54,wafer66fault8,66,8,66,3,0,3,3,7350.653251979086
694,53,wafer66fault9,66,9,66,3,0,3,3,7349.034916810269
695,53,wafer66fault10,66,10,66,3,0,3,3,7351.148458989162
696,54,wafer66fault11,66,11,66,3,0,3,3,7351.701820775314
697,53,wafer66fault12,66,12,66,3,0,3,3,7348.611418998466
698,54,wafer66fault13,66,13,66,3,0,3,3,7345.44000351429
699,53,wafer66fault14,66,14,66,3,0,3,3,7343.80273062778
700,53,wafer66fault15,66,15,66,3,0,3,3,7344.462673254733
701,54,wafer66fault16,66,16,66,3,0,3,3,7298.025434904628
702,53,wafer66fault17,66,17,66,3,0,3,3,7310.9694657325745
703,54,wafer66fault18,66,18,66,3,0,3,3,7307.067705269213
704,53,wafer66fault19,66,19,66,3,0,3,3,7320.208559513092
705,53,wafer66fault20,66,20,66,3,0,3,3,7349.920183667597
706,54,wafer66fault21,66,21,66,3,0,3,3,7351.861460407575
707,53,wafer66fault22,66,22,66,3,0,3,3,7349.4202677213925
708,54,wafer66fault23,66,23,66,3,0,3,3,7346.713864604632
709,53,wafer66fault24,66,24,66,3,0,3,3,7314.877067390478
710,53,wafer66fault25,66,25,66,3,0,3,3,7350.6595032170135
711,53,wafer66fault26,66,26,66,3,0,3,3,7348.881594743369
712,53,wafer66fault27,66,27,66,3,0,3,3,7308.09646009949
713,53,wafer66fault28,66,28,66,3,0,3,3,7349.259016459843
714,53,wafer66fault29,66,29,66,3,0,3,3,7345.120951297148
715,54,wafer66fault30,66,30,66,3,0,3,3,7346.008341939361
716,53,wafer66fault31,66,31,66,3,0,3,3,7345.310238671753
717,53,wafer66fault32,66,32,66,3,0,3,3,7341.784106065642
718,238,wafer67fault0,67,0,67,3,1,3,3,7282.065098355798
719,234,wafer67fault1,67,1,67,3,1,3,3,7283.096798346593
720,230,wafer67fault2,67,2,67,3,1,3,3,7284.743516356012
721,241,wafer67fault3,67,3,67,3,1,3,3,7282.102470548321
722,228,wafer67fault4,67,4,67,3,1,3,3,7287.745913024534
723,231,wafer67fault5,67,5,67,3,1,3,3,7284.854911123003
724,233,wafer67fault6,67,6,67,3,1,3,3,7276.359108571843
725,93,wafer67fault7,67,7,67,3,1,3,3,7232.944649711732
726,72,wafer67fault8,67,8,67,3,1,3,3,7233.266810470157
727,130,wafer67fault9,67,9,67,3,1,3,3,7231.864943082516
728,137,wafer67fault10,67,10,67,3,1,3,3,7231.772442384357
729,224,wafer67fault11,67,11,67,3,1,3,3,7269.857157616743
730,236,wafer67fault12,67,12,67,3,1,3,3,7280.545088375019
731,228,wafer67fault13,67,13,67,3,1,3,3,7284.051966295953
732,230,wafer67fault14,67,14,67,3,1,3,3,7286.646372574309
733,240,wafer67fault15,67,15,67,3,1,3,3,7279.525304591656
734,216,wafer67fault16,67,16,67,3,1,3,3,7287.832828824167
735,206,wafer67fault17,67,17,67,3,1,3,3,7303.540751528972
736,213,wafer67fault18,67,18,67,3,1,3,3,7298.549202974973
737,217,wafer67fault19,67,19,67,3,1,3,3,7289.998886935722
738,211,wafer67fault20,67,20,67,3,1,3,3,7300.475771657663
739,229,wafer67fault21,67,21,67,3,1,3,3,7296.480690645859
740,145,wafer67fault22,67,22,67,3,1,3,3,7236.632667580966
741,227,wafer67fault23,67,23,67,3,1,3,3,7249.032479291445
742,212,wafer67fault24,67,24,67,3,1,3,3,7306.578270106946
743,222,wafer67fault25,67,25,67,3,1,3,3,7299.987557299502
744,218,wafer67fault26,67,26,67,3,1,3,3,7280.039936648596
745,94,wafer67fault27,67,27,67,3,1,3,3,7232.7003186256325
746,84,wafer67fault28,67,28,67,3,1,3,3,7232.927351017793
747,205,wafer67fault29,67,29,67,3,1,3,3,7295.073231488903
748,204,wafer67fault30,67,30,67,3,1,3,3,7292.919905010392
749,218,wafer67fault31,67,31,67,3,1,3,3,7297.107713105482
750,210,wafer67fault32,67,32,67,3,1,3,3,7303.255938896678
751,94,wafer67fault33,67,33,67,3,1,3,3,7232.571342052297
752,110,wafer67fault34,67,34,67,3,1,3,3,7232.779528726231
753,227,wafer67fault35,67,35,67,3,1,3,3,7247.771053088394
754,222,wafer67fault36,67,36,67,3,1,3,3,7299.7897314155425
755,97,wafer67fault37,67,37,67,3,1,3,3,7232.4011959562595
756,85,wafer67fault38,67,38,67,3,1,3,3,7233.221443599813
757,224,wafer67fault39,67,39,67,3,1,3,3,7299.247989034014
758,214,wafer67fault40,67,40,67,3,1,3,3,7301.896139823388
759,222,wafer67fault41,67,41,67,3,1,3,3,7295.466019186888
760,214,wafer67fault42,67,42,67,3,1,3,3,7289.582212655344
761,232,wafer67fault43,67,43,67,3,1,3,3,7292.937691091463
762,209,wafer67fault44,67,44,67,3,1,3,3,7299.014472294082
763,212,wafer67fault45,67,45,67,3,1,3,3,7294.772630969308
764,217,wafer67fault46,67,46,67,3,1,3,3,7288.3092985131225
765,232,wafer67fault47,67,47,67,3,1,3,3,7239.701467404077
766,226,wafer67fault48,67,48,67,3,1,3,3,7246.950229222795
767,118,wafer67fault49,67,49,67,3,1,3,3,7231.908596327749
768,194,wafer67fault50,67,50,67,3,1,3,3,7235.405234763302
769,219,wafer67fault51,67,51,67,3,1,3,3,7241.288315653256
770,133,wafer67fault52,67,52,67,3,1,3,3,7231.756066627072
771,117,wafer67fault53,67,53,67,3,1,3,3,7231.9274801352085
772,97,wafer67fault54,67,54,67,3,1,3,3,7232.306705108623
773,119,wafer67fault55,67,55,67,3,1,3,3,7232.125237150352
774,176,wafer67fault56,67,56,67,3,1,3,3,7231.2057238884945
775,143,wafer67fault57,67,57,67,3,1,3,3,7231.456309687008
776,146,wafer67fault58,67,58,67,3,1,3,3,7231.541813569526
777,119,wafer67fault59,67,59,67,3,1,3,3,7234.81520841302
778,238,wafer67fault60,67,60,67,3,1,3,3,7287.3124021331805
779,226,wafer67fault61,67,61,67,3,1,3,3,7281.469552899884
780,239,wafer67fault62,67,62,67,3,1,3,3,7290.142348653601
781,218,wafer67fault63,67,63,67,3,1,3,3,7295.932467306426
782,234,wafer67fault64,67,64,67,3,1,3,3,7288.105901720178
783,217,wafer67fault65,67,65,67,3,1,3,3,7282.982918019668
784,143,wafer67fault66,67,66,67,3,1,3,3,7231.727165412236
785,111,wafer67fault67,67,67,67,3,1,3,3,7232.7525346622815
786,146,wafer67fault68,67,68,67,3,1,3,3,7231.648743998515
787,138,wafer67fault69,67,69,67,3,1,3,3,7231.596646125766
788,236,wafer67fault70,67,70,67,3,1,3,3,7239.412026135598
789,236,wafer67fault71,67,71,67,3,1,3,3,7292.093359129914
790,242,wafer67fault72,67,72,67,3,1,3,3,7282.109492294059
791,177,wafer67fault73,67,73,67,3,1,3,3,7239.903757939905
792,208,wafer67fault74,67,74,67,3,1,3,3,7244.8128890739035
793,166,wafer67fault75,67,75,67,3,1,3,3,7231.779742855623
794,89,wafer67fault76,67,76,67,3,1,3,3,7232.609822514351
795,79,wafer67fault77,67,77,67,3,1,3,3,7234.367861246761
796,105,wafer67fault78,67,78,67,3,1,3,3,7232.265405334745
797,210,wafer67fault79,67,79,67,3,1,3,3,7288.535760072299
798,246,wafer67fault80,67,80,67,3,1,3,3,7272.98168347037
799,228,wafer67fault81,67,81,67,3,1,3,3,7241.701769324771
800,242,wafer67fault82,67,82,67,3,1,3,3,7240.461319368733
801,85,wafer67fault83,67,83,67,3,1,3,3,7233.757619142532
802,231,wafer67fault84,67,84,67,3,1,3,3,7252.803413518063
803,220,wafer67fault85,67,85,67,3,1,3,3,7240.209032253785
804,255,wafer68fault0,68,0,68,3,2,3,3,7275.784194276847
805,256,wafer68fault1,68,1,68,3,2,3,3,7275.6814456367865
806,255,wafer68fault2,68,2,68,3,2,3,3,7276.212005365596
807,252,wafer68fault3,68,3,68,3,2,3,3,7275.657346463393
808,253,wafer68fault4,68,4,68,3,2,3,3,7276.035597958584
809,252,wafer68fault5,68,5,68,3,2,3,3,7274.550052861373
810,253,wafer68fault6,68,6,68,3,2,3,3,7275.895508170599
811,254,wafer68fault7,68,7,68,3,2,3,3,7276.145026874355
812,252,wafer68fault8,68,8,68,3,2,3,3,7274.789150631617
813,253,wafer68fault9,68,9,68,3,2,3,3,7271.297128204301
814,161,wafer68fault10,68,10,68,3,2,3,3,7231.208375354731
815,113,wafer68fault11,68,11,68,3,2,3,3,7231.845073413005
816,160,wafer68fault12,68,12,68,3,2,3,3,7231.924452388286
817,160,wafer68fault13,68,13,68,3,2,3,3,7231.326341851056
818,117,wafer68fault14,68,14,68,3,2,3,3,7231.855395443419
819,110,wafer68fault15,68,15,68,3,2,3,3,7232.033230302551
820,67,wafer68fault16,68,16,68,3,2,3,3,7233.351128350443
821,71,wafer68fault17,68,17,68,3,2,3,3,7233.237834705434
822,66,wafer68fault18,68,18,68,3,2,3,3,7233.676629084529
823,85,wafer68fault19,68,19,68,3,2,3,3,7232.755597667133
824,111,wafer68fault20,68,20,68,3,2,3,3,7232.056673400037
825,109,wafer68fault21,68,21,68,3,2,3,3,7231.974154061134
826,174,wafer68fault22,68,22,68,3,2,3,3,7234.1070606557805
827,252,wafer68fault23,68,23,68,3,2,3,3,7280.3020252046135
828,255,wafer68fault24,68,24,68,3,2,3,3,7267.6267127196
829,262,wafer68fault25,68,25,68,3,2,3,3,7279.844180082547
830,252,wafer68fault26,68,26,68,3,2,3,3,7279.967124601205
831,255,wafer68fault27,68,27,68,3,2,3,3,7269.198927687664
832,253,wafer68fault28,68,28,68,3,2,3,3,7238.011596859679
833,266,wafer68fault29,68,29,68,3,2,3,3,7280.313136038923
834,260,wafer68fault30,68,30,68,3,2,3,3,7268.060522695688
835,262,wafer68fault31,68,31,68,3,2,3,3,7278.778787222527
836,254,wafer68fault32,68,32,68,3,2,3,3,7279.2939274864875
837,253,wafer68fault33,68,33,68,3,2,3,3,7268.258443009712
838,252,wafer68fault34,68,34,68,3,2,3,3,7238.654309928417
839,259,wafer68fault35,68,35,68,3,2,3,3,7236.426487706342
840,250,wafer68fault36,68,36,68,3,2,3,3,7237.960288620949
841,252,wafer68fault37,68,37,68,3,2,3,3,7238.127849685768
842,240,wafer68fault38,68,38,68,3,2,3,3,7238.13276959161
843,251,wafer68fault39,68,39,68,3,2,3,3,7280.82554040867
844,208,wafer68fault40,68,40,68,3,2,3,3,7248.366521423826
845,132,wafer68fault41,68,41,68,3,2,3,3,7232.837480967695
846,251,wafer68fault42,68,42,68,3,2,3,3,7268.922802321939
847,154,wafer68fault43,68,43,68,3,2,3,3,7245.972395506772
848,253,wafer68fault44,68,44,68,3,2,3,3,7278.96718668278
849,245,wafer68fault45,68,45,68,3,2,3,3,7282.695190412171
850,247,wafer68fault46,68,46,68,3,2,3,3,7272.857047921733
851,243,wafer68fault47,68,47,68,3,2,3,3,7236.671825877924
852,247,wafer68fault48,68,48,68,3,2,3,3,7237.106140005444
853,208,wafer68fault49,68,49,68,3,2,3,3,7233.83882633654
854,230,wafer68fault50,68,50,68,3,2,3,3,7238.6297478997185
