,totalCount,microComponent,microSubVolum,microSubtopic,microPubVolum,microPubTopic,microRate,pubDevicepubtopics,pubDevicepubvolum,pubDevicesubtopics,pubDevicesubcvolum,pubDevicevolums,pubDevicefre,pubDevicecpuPercent,subDevicePubTopic,subDevicePubVolum,subDeviceSubTopic,subDeviceSubVolum,subDeviceVolums,subDeviceFrequency,subDeviceCpuPercent,upLatency,upCount,upComponent,upSubVolum,upSubtopic,upPubVolum,upPubTopic,upRate
0,10,51.0,7464602,1,1545954,3,1,1,7464602,0,0,7464602,0.9,0.0,7,1608353,5,8817259,10425612,2.2,1.0,0.0,10,0.05,0,0,7464602,1,1
1,10,19.1,515318,1,12752,1,1,7,1608353,5,8817259,10425612,2.2,1.0,7,1608353,5,8817259,10425612,2.2,1.0,1.3993820428848267,10,51.0,7464602,1,1545954,3,1
2,10,1.0,515318,1,12752,1,1,7,1608353,5,8817259,10425612,2.2,1.0,7,1608353,5,8817259,10425612,2.2,1.0,1.3993820428848267,10,51.0,7464602,1,1545954,3,1
3,10,0.5,515318,1,12752,1,1,7,1608353,5,8817259,10425612,2.2,1.0,1,12752,4,553574,566326,3.6,0.5,1.3993820428848267,10,51.0,7464602,1,1545954,3,1
4,10,51.0,7464602,1,1545954,3,1,1,7464602,0,0,7464602,0.9,0.0,6,1595601,7,8340197,9935798,2.2,1.0,0.0,10,0.05,0,0,7464602,1,1
5,10,19.1,515318,1,12752,1,1,6,1595601,7,8340197,9935798,2.2,1.0,6,1595601,7,8340197,9935798,2.2,1.0,1.5474742650985718,10,51.0,7464602,1,1545954,3,1
6,10,1.0,515318,1,12752,1,1,6,1595601,7,8340197,9935798,2.2,1.0,2,25504,2,1030636,1056140,3.6,0.5,1.5474742650985718,10,51.0,7464602,1,1545954,3,1
7,10,0.5,515318,1,12752,1,1,6,1595601,7,8340197,9935798,2.2,1.0,2,25504,2,1030636,1056140,3.6,0.5,1.5474742650985718,10,51.0,7464602,1,1545954,3,1
8,10,51.0,7464602,1,1545954,3,1,1,7464602,0,0,7464602,0.9,0.0,6,1595601,4,8301941,9897542,2.2,0.83,0.0,10,0.05,0,0,7464602,1,1
9,10,19.1,515318,1,12752,1,1,6,1595601,4,8301941,9897542,2.2,0.83,6,1595601,4,8301941,9897542,2.2,0.83,1.4026692152023315,10,51.0,7464602,1,1545954,3,1
10,10,1.0,515318,1,12752,1,1,6,1595601,4,8301941,9897542,2.2,0.83,2,25504,5,1068892,1094396,3.6,0.75,1.4026692152023315,10,51.0,7464602,1,1545954,3,1
11,10,0.5,515318,1,12752,1,1,6,1595601,4,8301941,9897542,2.2,0.83,2,25504,5,1068892,1094396,3.6,0.75,1.4026692152023315,10,51.0,7464602,1,1545954,3,1
12,10,51.0,7464602,1,1545954,3,1,1,7464602,0,0,7464602,0.9,0.0,6,1595601,7,8340197,9935798,2.2,1.0,0.0,10,0.05,0,0,7464602,1,1
13,10,19.1,515318,1,12752,1,1,6,1595601,7,8340197,9935798,2.2,1.0,2,25504,2,1030636,1056140,3.6,0.5,1.5653817892074584,10,51.0,7464602,1,1545954,3,1
14,10,1.0,515318,1,12752,1,1,6,1595601,7,8340197,9935798,2.2,1.0,6,1595601,7,8340197,9935798,2.2,1.0,1.5653817892074584,10,51.0,7464602,1,1545954,3,1
15,10,0.5,515318,1,12752,1,1,6,1595601,7,8340197,9935798,2.2,1.0,2,25504,2,1030636,1056140,3.6,0.5,1.5653817892074584,10,51.0,7464602,1,1545954,3,1
16,10,51.0,7464602,1,1545954,3,1,1,7464602,0,0,7464602,0.9,0.0,6,1595601,4,8301941,9897542,2.2,0.83,0.0,10,0.05,0,0,7464602,1,1
17,10,19.1,515318,1,12752,1,1,6,1595601,4,8301941,9897542,2.2,0.83,2,25504,5,1068892,1094396,3.6,0.75,1.4618118286132813,10,51.0,7464602,1,1545954,3,1
18,10,1.0,515318,1,12752,1,1,6,1595601,4,8301941,9897542,2.2,0.83,6,1595601,4,8301941,9897542,2.2,0.83,1.4618118286132813,10,51.0,7464602,1,1545954,3,1
19,10,0.5,515318,1,12752,1,1,6,1595601,4,8301941,9897542,2.2,0.83,2,25504,5,1068892,1094396,3.6,0.75,1.4618118286132813,10,51.0,7464602,1,1545954,3,1
20,10,51.0,7464602,1,1545954,3,1,1,7464602,0,0,7464602,0.9,0.0,5,1582849,3,7786623,9369472,2.2,0.67,0.0,10,0.05,0,0,7464602,1,1
21,10,19.1,515318,1,12752,1,1,5,1582849,3,7786623,9369472,2.2,0.67,3,38256,6,1584210,1622466,3.6,1.0,1.4019864559173585,10,51.0,7464602,1,1545954,3,1
22,10,1.0,515318,1,12752,1,1,5,1582849,3,7786623,9369472,2.2,0.67,3,38256,6,1584210,1622466,3.6,1.0,1.4019864559173585,10,51.0,7464602,1,1545954,3,1
23,10,0.5,515318,1,12752,1,1,5,1582849,3,7786623,9369472,2.2,0.67,3,38256,6,1584210,1622466,3.6,1.0,1.4019864559173585,10,51.0,7464602,1,1545954,3,1
24,10,51.0,7464602,1,1545954,3,1,1,7464602,0,0,7464602,0.9,0.0,4,1558706,2,7979920,9538626,3.6,0.5,0.0,10,0.05,0,0,7464602,1,1
25,10,19.1,515318,1,12752,1,1,4,1558706,2,7979920,9538626,3.6,0.5,4,62399,7,1390913,1453312,2.2,1.0,1.266782808303833,10,51.0,7464602,1,1545954,3,1
26,10,1.0,515318,1,12752,1,1,4,1558706,2,7979920,9538626,3.6,0.5,4,62399,7,1390913,1453312,2.2,1.0,1.266782808303833,10,51.0,7464602,1,1545954,3,1
27,10,0.5,515318,1,12752,1,1,4,1558706,2,7979920,9538626,3.6,0.5,4,1558706,2,7979920,9538626,3.6,0.5,1.266782808303833,10,51.0,7464602,1,1545954,3,1
28,10,51.0,7464602,1,1545954,3,1,1,7464602,0,0,7464602,0.9,0.0,4,1558706,5,8018176,9576882,3.6,0.75,0.0,10,0.05,0,0,7464602,1,1
29,10,19.1,515318,1,12752,1,1,4,1558706,5,8018176,9576882,3.6,0.75,4,62399,4,1352657,1415056,2.2,0.83,1.4083588600158692,10,51.0,7464602,1,1545954,3,1
30,10,1.0,515318,1,12752,1,1,4,1558706,5,8018176,9576882,3.6,0.75,4,62399,4,1352657,1415056,2.2,0.83,1.4083588600158692,10,51.0,7464602,1,1545954,3,1
31,10,0.5,515318,1,12752,1,1,4,1558706,5,8018176,9576882,3.6,0.75,4,1558706,5,8018176,9576882,3.6,0.75,1.4083588600158692,10,51.0,7464602,1,1545954,3,1
32,10,51.0,7464602,1,1545954,3,1,1,7464602,0,0,7464602,0.9,0.0,5,1571458,3,8495238,10066696,3.6,0.75,0.0,10,0.05,0,0,7464602,1,1
33,10,19.1,515318,1,12752,1,1,5,1571458,3,8495238,10066696,3.6,0.75,3,49647,6,875595,925242,2.2,0.83,1.2633461713790894,10,51.0,7464602,1,1545954,3,1
34,10,1.0,515318,1,12752,1,1,5,1571458,3,8495238,10066696,3.6,0.75,5,1571458,3,8495238,10066696,3.6,0.75,1.2633461713790894,10,51.0,7464602,1,1545954,3,1
35,10,0.5,515318,1,12752,1,1,5,1571458,3,8495238,10066696,3.6,0.75,5,1571458,3,8495238,10066696,3.6,0.75,1.2633461713790894,10,51.0,7464602,1,1545954,3,1
36,10,51.0,7464602,1,1545954,3,1,1,7464602,0,0,7464602,0.9,0.0,5,1571458,6,8533494,10104952,3.6,1.0,0.0,10,0.05,0,0,7464602,1,1
37,10,19.1,515318,1,12752,1,1,5,1571458,6,8533494,10104952,3.6,1.0,3,49647,3,837339,886986,2.2,0.67,1.3200901985168456,10,51.0,7464602,1,1545954,3,1
38,10,1.0,515318,1,12752,1,1,5,1571458,6,8533494,10104952,3.6,1.0,5,1571458,6,8533494,10104952,3.6,1.0,1.3200901985168456,10,51.0,7464602,1,1545954,3,1
39,10,0.5,515318,1,12752,1,1,5,1571458,6,8533494,10104952,3.6,1.0,5,1571458,6,8533494,10104952,3.6,1.0,1.3200901985168456,10,51.0,7464602,1,1545954,3,1
40,10,51.0,7464602,1,1545954,3,1,1,7464602,0,0,7464602,0.9,0.0,6,1584210,4,9010556,10594766,3.6,1.0,0.0,10,0.05,0,0,7464602,1,1
41,10,19.1,515318,1,12752,1,1,6,1584210,4,9010556,10594766,3.6,1.0,6,1584210,4,9010556,10594766,3.6,1.0,1.2588361740112304,10,51.0,7464602,1,1545954,3,1
42,10,1.0,515318,1,12752,1,1,6,1584210,4,9010556,10594766,3.6,1.0,6,1584210,4,9010556,10594766,3.6,1.0,1.2588361740112304,10,51.0,7464602,1,1545954,3,1
43,10,0.5,515318,1,12752,1,1,6,1584210,4,9010556,10594766,3.6,1.0,6,1584210,4,9010556,10594766,3.6,1.0,1.2588361740112304,10,51.0,7464602,1,1545954,3,1
,totalCount,microComponent,microSubVolum,microSubtopic,microPubVolum,microPubTopic,microRate,pubDevicepubtopics,pubDevicepubvolum,pubDevicesubtopics,pubDevicesubcvolum,pubDevicevolums,pubDevicefre,pubDevicecpuPercent,subDevicePubTopic,subDevicePubVolum,subDeviceSubTopic,subDeviceSubVolum,subDeviceVolums,subDeviceFrequency,subDeviceCpuPercent,upLatency,upCount,upComponent,upSubVolum,upSubtopic,upPubVolum,upPubTopic,upRate
0,10,51.0,7464602,1,1545954,3,1,1,7464602,0,0,7464602,0.9,0.0,5,1595338,6,8333065,9928403,2.2,0.75,0.0,10,0.05,0,0,7464602,1,1
1,10,19.1,515318,1,12752,1,1,5,1595338,6,8333065,9928403,2.2,0.75,3,25767,3,1037768,1063535,3.6,0.88,1.436257004737854,10,51.0,7464602,1,1545954,3,1
2,10,1.0,515318,1,12752,1,1,5,1595338,6,8333065,9928403,2.2,0.75,5,1595338,6,8333065,9928403,2.2,0.75,1.436257004737854,10,51.0,7464602,1,1545954,3,1
3,10,0.5,515318,1,12752,1,1,5,1595338,6,8333065,9928403,2.2,0.75,3,25767,3,1037768,1063535,3.6,0.88,1.436257004737854,10,51.0,7464602,1,1545954,3,1
4,10,51.0,7464602,1,1545954,3,1,1,7464602,0,0,7464602,0.9,0.0,5,1558969,3,7987052,9546021,3.6,0.88,0.0,10,0.05,0,0,7464602,1,1
5,10,19.1,515318,1,12752,1,1,5,1558969,3,7987052,9546021,3.6,0.88,3,62136,6,1383781,1445917,2.2,0.75,1.3145041465759277,10,51.0,7464602,1,1545954,3,1
6,10,1.0,515318,1,12752,1,1,5,1558969,3,7987052,9546021,3.6,0.88,3,62136,6,1383781,1445917,2.2,0.75,1.3145041465759277,10,51.0,7464602,1,1545954,3,1
7,10,0.5,515318,1,12752,1,1,5,1558969,3,7987052,9546021,3.6,0.88,5,1558969,3,7987052,9546021,3.6,0.88,1.3145041465759277,10,51.0,7464602,1,1545954,3,1
,totalCount,microComponent,microSubVolum,microSubtopic,microPubVolum,microPubTopic,microRate,pubDevicepubtopics,pubDevicepubvolum,pubDevicesubtopics,pubDevicesubcvolum,pubDevicevolums,pubDevicefre,pubDevicecpuPercent,subDevicePubTopic,subDevicePubVolum,subDeviceSubTopic,subDeviceSubVolum,subDeviceVolums,subDeviceFrequency,subDeviceCpuPercent,upLatency,upCount,upComponent,upSubVolum,upSubtopic,upPubVolum,upPubTopic,upRate
0,10,51.0,7464602,1,1545954,3,1,1,7464602,0,0,7464602,0.9,0.0,6,1571721,7,8540626,10112347,2.2,0.92,0.0,10,0.05,0,0,7464602,1,1
1,10,19.1,515318,1,12752,1,1,6,1571721,7,8540626,10112347,2.2,0.92,6,1571721,7,8540626,10112347,2.2,0.92,1.4771471738815307,10,51.0,7464602,1,1545954,3,1
2,10,1.0,515318,1,12752,1,1,6,1571721,7,8540626,10112347,2.2,0.92,6,1571721,7,8540626,10112347,2.2,0.92,1.4771471738815307,10,51.0,7464602,1,1545954,3,1
3,10,0.5,515318,1,12752,1,1,6,1571721,7,8540626,10112347,2.2,0.92,2,49384,2,830207,879591,3.6,0.62,1.4771471738815307,10,51.0,7464602,1,1545954,3,1
4,10,51.0,7464602,1,1545954,3,1,1,7464602,0,0,7464602,0.9,0.0,6,1571721,4,8502370,10074091,2.2,0.75,0.0,10,0.05,0,0,7464602,1,1
5,10,19.1,515318,1,12752,1,1,6,1571721,4,8502370,10074091,2.2,0.75,6,1571721,4,8502370,10074091,2.2,0.75,1.3847490072250366,10,51.0,7464602,1,1545954,3,1
6,10,1.0,515318,1,12752,1,1,6,1571721,4,8502370,10074091,2.2,0.75,6,1571721,4,8502370,10074091,2.2,0.75,1.3847490072250366,10,51.0,7464602,1,1545954,3,1
7,10,0.5,515318,1,12752,1,1,6,1571721,4,8502370,10074091,2.2,0.75,2,49384,5,868463,917847,3.6,0.88,1.3847490072250366,10,51.0,7464602,1,1545954,3,1
8,10,51.0,7464602,1,1545954,3,1,1,7464602,0,0,7464602,0.9,0.0,5,1558969,6,8025308,9584277,2.2,0.75,0.0,10,0.05,0,0,7464602,1,1
9,10,19.1,515318,1,12752,1,1,5,1558969,6,8025308,9584277,2.2,0.75,5,1558969,6,8025308,9584277,2.2,0.75,1.361369514465332,10,51.0,7464602,1,1545954,3,1
10,10,1.0,515318,1,12752,1,1,5,1558969,6,8025308,9584277,2.2,0.75,3,62136,3,1345525,1407661,3.6,0.88,1.361369514465332,10,51.0,7464602,1,1545954,3,1
11,10,0.5,515318,1,12752,1,1,5,1558969,6,8025308,9584277,2.2,0.75,3,62136,3,1345525,1407661,3.6,0.88,1.361369514465332,10,51.0,7464602,1,1545954,3,1
12,10,51.0,7464602,1,1545954,3,1,1,7464602,0,0,7464602,0.9,0.0,5,1558969,6,8025308,9584277,2.2,0.75,0.0,10,0.05,0,0,7464602,1,1
13,10,19.1,515318,1,12752,1,1,5,1558969,6,8025308,9584277,2.2,0.75,3,62136,3,1345525,1407661,3.6,0.88,1.3498315572738648,10,51.0,7464602,1,1545954,3,1
14,10,1.0,515318,1,12752,1,1,5,1558969,6,8025308,9584277,2.2,0.75,5,1558969,6,8025308,9584277,2.2,0.75,1.3498315572738648,10,51.0,7464602,1,1545954,3,1
15,10,0.5,515318,1,12752,1,1,5,1558969,6,8025308,9584277,2.2,0.75,3,62136,3,1345525,1407661,3.6,0.88,1.3498315572738648,10,51.0,7464602,1,1545954,3,1
16,10,51.0,7464602,1,1545954,3,1,1,7464602,0,0,7464602,0.9,0.0,5,1595338,3,8294809,9890147,3.6,0.88,0.0,10,0.05,0,0,7464602,1,1
17,10,19.1,515318,1,12752,1,1,5,1595338,3,8294809,9890147,3.6,0.88,3,25767,6,1076024,1101791,2.2,0.75,1.3009063005447388,10,51.0,7464602,1,1545954,3,1
18,10,1.0,515318,1,12752,1,1,5,1595338,3,8294809,9890147,3.6,0.88,3,25767,6,1076024,1101791,2.2,0.75,1.3009063005447388,10,51.0,7464602,1,1545954,3,1
19,10,0.5,515318,1,12752,1,1,5,1595338,3,8294809,9890147,3.6,0.88,5,1595338,3,8294809,9890147,3.6,0.88,1.3009063005447388,10,51.0,7464602,1,1545954,3,1
,totalCount,microComponent,microSubVolum,microSubtopic,microPubVolum,microPubTopic,microRate,pubDevicepubtopics,pubDevicepubvolum,pubDevicesubtopics,pubDevicesubcvolum,pubDevicevolums,pubDevicefre,pubDevicecpuPercent,subDevicePubTopic,subDevicePubVolum,subDeviceSubTopic,subDeviceSubVolum,subDeviceVolums,subDeviceFrequency,subDeviceCpuPercent,upLatency,upCount,upComponent,upSubVolum,upSubtopic,upPubVolum,upPubTopic,upRate
0,10,51.0,7464602,1,1545954,3,1,1,7464602,0,0,7464602,0.9,0.0,5,1571458,6,8533494,10104952,2.2,0.67,0.0,10,0.05,0,0,7464602,1,1
1,10,19.1,515318,1,12752,1,1,5,1571458,6,8533494,10104952,2.2,0.67,5,1571458,6,8533494,10104952,2.2,0.67,1.4112024068832398,10,51.0,7464602,1,1545954,3,1
2,10,1.0,515318,1,12752,1,1,5,1571458,6,8533494,10104952,2.2,0.67,5,1571458,6,8533494,10104952,2.2,0.67,1.4112024068832398,10,51.0,7464602,1,1545954,3,1
3,10,0.5,515318,1,12752,1,1,5,1571458,6,8533494,10104952,2.2,0.67,3,49647,3,837339,886986,3.6,1.0,1.4112024068832398,10,51.0,7464602,1,1545954,3,1
,totalCount,microComponent,microSubVolum,microSubtopic,microPubVolum,microPubTopic,microRate,pubDevicepubtopics,pubDevicepubvolum,pubDevicesubtopics,pubDevicesubcvolum,pubDevicevolums,pubDevicefre,pubDevicecpuPercent,subDevicePubTopic,subDevicePubVolum,subDeviceSubTopic,subDeviceSubVolum,subDeviceVolums,subDeviceFrequency,subDeviceCpuPercent,upLatency,upCount,upComponent,upSubVolum,upSubtopic,upPubVolum,upPubTopic,upRate
0,10,51.0,7464602,1,1545954,3,1,1,7464602,0,0,7464602,0.9,0.0,7,1578853,5,8740250,10319103,2.2,1.0,0.0,10,0.05,0,0,7464602,1,1
1,10,19.1,515318,1,12752,1,1,7,1578853,5,8740250,10319103,2.2,1.0,7,1578853,5,8740250,10319103,2.2,1.0,1.4258392572402954,10,51.0,7464602,1,1545954,3,1
2,10,1.0,515318,1,12752,1,1,7,1578853,5,8740250,10319103,2.2,1.0,7,1578853,5,8740250,10319103,2.2,1.0,1.4258392572402954,10,51.0,7464602,1,1545954,3,1
3,10,0.5,515318,1,12752,1,1,7,1578853,5,8740250,10319103,2.2,1.0,1,12752,4,553574,566326,3.6,0.5,1.4258392572402954,10,51.0,7464602,1,1545954,3,1
4,10,51.0,7464602,1,1545954,3,1,1,7464602,0,0,7464602,0.9,0.0,6,1566101,7,8263188,9829289,2.2,1.0,0.0,10,0.05,0,0,7464602,1,1
5,10,19.1,515318,1,12752,1,1,6,1566101,7,8263188,9829289,2.2,1.0,6,1566101,7,8263188,9829289,2.2,1.0,2.002977705001831,10,51.0,7464602,1,1545954,3,1
6,10,1.0,515318,1,12752,1,1,6,1566101,7,8263188,9829289,2.2,1.0,2,25504,2,1030636,1056140,3.6,0.5,2.002977705001831,10,51.0,7464602,1,1545954,3,1
7,10,0.5,515318,1,12752,1,1,6,1566101,7,8263188,9829289,2.2,1.0,2,25504,2,1030636,1056140,3.6,0.5,2.002977705001831,10,51.0,7464602,1,1545954,3,1
8,10,51.0,7464602,1,1545954,3,1,1,7464602,0,0,7464602,0.9,0.0,6,1566101,4,8224932,9791033,2.2,0.83,0.0,10,0.05,0,0,7464602,1,1
9,10,19.1,515318,1,12752,1,1,6,1566101,4,8224932,9791033,2.2,0.83,6,1566101,4,8224932,9791033,2.2,0.83,1.8806689500808715,10,51.0,7464602,1,1545954,3,1
10,10,1.0,515318,1,12752,1,1,6,1566101,4,8224932,9791033,2.2,0.83,2,25504,5,1068892,1094396,3.6,0.75,1.8806689500808715,10,51.0,7464602,1,1545954,3,1
11,10,0.5,515318,1,12752,1,1,6,1566101,4,8224932,9791033,2.2,0.83,2,25504,5,1068892,1094396,3.6,0.75,1.8806689500808715,10,51.0,7464602,1,1545954,3,1
12,10,51.0,7464602,1,1545954,3,1,1,7464602,0,0,7464602,0.9,0.0,6,1566101,7,8263188,9829289,2.2,1.0,0.0,10,0.05,0,0,7464602,1,1
13,10,19.1,515318,1,12752,1,1,6,1566101,7,8263188,9829289,2.2,1.0,2,25504,2,1030636,1056140,3.6,0.5,1.4976530075073242,10,51.0,7464602,1,1545954,3,1
14,10,1.0,515318,1,12752,1,1,6,1566101,7,8263188,9829289,2.2,1.0,6,1566101,7,8263188,9829289,2.2,1.0,1.4976530075073242,10,51.0,7464602,1,1545954,3,1
15,10,0.5,515318,1,12752,1,1,6,1566101,7,8263188,9829289,2.2,1.0,2,25504,2,1030636,1056140,3.6,0.5,1.4976530075073242,10,51.0,7464602,1,1545954,3,1
16,10,51.0,7464602,1,1545954,3,1,1,7464602,0,0,7464602,0.9,0.0,5,1553349,6,7747870,9301219,2.2,0.83,0.0,10,0.05,0,0,7464602,1,1
17,10,19.1,515318,1,12752,1,1,5,1553349,6,7747870,9301219,2.2,0.83,3,38256,3,1545954,1584210,3.6,0.75,2.2079599618911745,10,51.0,7464602,1,1545954,3,1
18,10,1.0,515318,1,12752,1,1,5,1553349,6,7747870,9301219,2.2,0.83,3,38256,3,1545954,1584210,3.6,0.75,2.2079599618911745,10,51.0,7464602,1,1545954,3,1
19,10,0.5,515318,1,12752,1,1,5,1553349,6,7747870,9301219,2.2,0.83,3,38256,3,1545954,1584210,3.6,0.75,2.2079599618911745,10,51.0,7464602,1,1545954,3,1
20,10,51.0,7464602,1,1545954,3,1,1,7464602,0,0,7464602,0.9,0.0,5,1553349,3,7709614,9262963,2.2,0.67,0.0,10,0.05,0,0,7464602,1,1
21,10,19.1,515318,1,12752,1,1,5,1553349,3,7709614,9262963,2.2,0.67,3,38256,6,1584210,1622466,3.6,1.0,1.9112501859664917,10,51.0,7464602,1,1545954,3,1
22,10,1.0,515318,1,12752,1,1,5,1553349,3,7709614,9262963,2.2,0.67,3,38256,6,1584210,1622466,3.6,1.0,1.9112501859664917,10,51.0,7464602,1,1545954,3,1
23,10,0.5,515318,1,12752,1,1,5,1553349,3,7709614,9262963,2.2,0.67,3,38256,6,1584210,1622466,3.6,1.0,1.9112501859664917,10,51.0,7464602,1,1545954,3,1
24,10,51.0,7464602,1,1545954,3,1,1,7464602,0,0,7464602,0.9,0.0,4,1558706,5,8018176,9576882,3.6,0.75,0.0,10,0.05,0,0,7464602,1,1
25,10,19.1,515318,1,12752,1,1,4,1558706,5,8018176,9576882,3.6,0.75,4,32899,4,1275648,1308547,2.2,0.83,1.3248763799667358,10,51.0,7464602,1,1545954,3,1
26,10,1.0,515318,1,12752,1,1,4,1558706,5,8018176,9576882,3.6,0.75,4,32899,4,1275648,1308547,2.2,0.83,1.3248763799667358,10,51.0,7464602,1,1545954,3,1
27,10,0.5,515318,1,12752,1,1,4,1558706,5,8018176,9576882,3.6,0.75,4,1558706,5,8018176,9576882,3.6,0.75,1.3248763799667358,10,51.0,7464602,1,1545954,3,1
28,10,51.0,7464602,1,1545954,3,1,1,7464602,0,0,7464602,0.9,0.0,5,1571458,3,8495238,10066696,3.6,0.75,0.0,10,0.05,0,0,7464602,1,1
29,10,19.1,515318,1,12752,1,1,5,1571458,3,8495238,10066696,3.6,0.75,3,20147,6,798586,818733,2.2,0.83,1.2392922401428224,10,51.0,7464602,1,1545954,3,1
30,10,1.0,515318,1,12752,1,1,5,1571458,3,8495238,10066696,3.6,0.75,5,1571458,3,8495238,10066696,3.6,0.75,1.2392922401428224,10,51.0,7464602,1,1545954,3,1
31,10,0.5,515318,1,12752,1,1,5,1571458,3,8495238,10066696,3.6,0.75,5,1571458,3,8495238,10066696,3.6,0.75,1.2392922401428224,10,51.0,7464602,1,1545954,3,1
32,10,51.0,7464602,1,1545954,3,1,1,7464602,0,0,7464602,0.9,0.0,6,1584210,4,9010556,10594766,3.6,1.0,0.0,10,0.05,0,0,7464602,1,1
33,10,19.1,515318,1,12752,1,1,6,1584210,4,9010556,10594766,3.6,1.0,6,1584210,4,9010556,10594766,3.6,1.0,1.2495312690734863,10,51.0,7464602,1,1545954,3,1
34,10,1.0,515318,1,12752,1,1,6,1584210,4,9010556,10594766,3.6,1.0,6,1584210,4,9010556,10594766,3.6,1.0,1.2495312690734863,10,51.0,7464602,1,1545954,3,1
35,10,0.5,515318,1,12752,1,1,6,1584210,4,9010556,10594766,3.6,1.0,6,1584210,4,9010556,10594766,3.6,1.0,1.2495312690734863,10,51.0,7464602,1,1545954,3,1
,totalCount,microComponent,microSubVolum,microSubtopic,microPubVolum,microPubTopic,microRate,pubDevicepubtopics,pubDevicepubvolum,pubDevicesubtopics,pubDevicesubcvolum,pubDevicevolums,pubDevicefre,pubDevicecpuPercent,subDevicePubTopic,subDevicePubVolum,subDeviceSubTopic,subDeviceSubVolum,subDeviceVolums,subDeviceFrequency,subDeviceCpuPercent,upLatency,upCount,upComponent,upSubVolum,upSubtopic,upPubVolum,upPubTopic,upRate
0,10,51.0,7464602,1,1545954,3,1,1,7464602,0,0,7464602,0.9,0.0,6,1578590,7,8771374,10349964,2.2,0.92,0.0,10,0.05,0,0,7464602,1,1
1,10,19.1,515318,1,12752,1,1,6,1578590,7,8771374,10349964,2.2,0.92,6,1578590,7,8771374,10349964,2.2,0.92,1.437060332298279,10,51.0,7464602,1,1545954,3,1
2,10,1.0,515318,1,12752,1,1,6,1578590,7,8771374,10349964,2.2,0.92,6,1578590,7,8771374,10349964,2.2,0.92,1.437060332298279,10,51.0,7464602,1,1545954,3,1
3,10,0.5,515318,1,12752,1,1,6,1578590,7,8771374,10349964,2.2,0.92,2,13015,2,522450,535465,3.6,0.62,1.437060332298279,10,51.0,7464602,1,1545954,3,1
4,10,51.0,7464602,1,1545954,3,1,1,7464602,0,0,7464602,0.9,0.0,6,1578590,4,8733118,10311708,2.2,0.75,0.0,10,0.05,0,0,7464602,1,1
5,10,19.1,515318,1,12752,1,1,6,1578590,4,8733118,10311708,2.2,0.75,6,1578590,4,8733118,10311708,2.2,0.75,1.333258080482483,10,51.0,7464602,1,1545954,3,1
6,10,1.0,515318,1,12752,1,1,6,1578590,4,8733118,10311708,2.2,0.75,6,1578590,4,8733118,10311708,2.2,0.75,1.333258080482483,10,51.0,7464602,1,1545954,3,1
7,10,0.5,515318,1,12752,1,1,6,1578590,4,8733118,10311708,2.2,0.75,2,13015,5,560706,573721,3.6,0.88,1.333258080482483,10,51.0,7464602,1,1545954,3,1
8,10,51.0,7464602,1,1545954,3,1,1,7464602,0,0,7464602,0.9,0.0,5,1565838,6,8256056,9821894,2.2,0.75,0.0,10,0.05,0,0,7464602,1,1
9,10,19.1,515318,1,12752,1,1,5,1565838,6,8256056,9821894,2.2,0.75,5,1565838,6,8256056,9821894,2.2,0.75,1.4223848104476928,10,51.0,7464602,1,1545954,3,1
10,10,1.0,515318,1,12752,1,1,5,1565838,6,8256056,9821894,2.2,0.75,3,25767,3,1037768,1063535,3.6,0.88,1.4223848104476928,10,51.0,7464602,1,1545954,3,1
11,10,0.5,515318,1,12752,1,1,5,1565838,6,8256056,9821894,2.2,0.75,3,25767,3,1037768,1063535,3.6,0.88,1.4223848104476928,10,51.0,7464602,1,1545954,3,1
12,10,51.0,7464602,1,1545954,3,1,1,7464602,0,0,7464602,0.9,0.0,5,1565838,6,8256056,9821894,2.2,0.75,0.0,10,0.05,0,0,7464602,1,1
13,10,19.1,515318,1,12752,1,1,5,1565838,6,8256056,9821894,2.2,0.75,3,25767,3,1037768,1063535,3.6,0.88,1.3993786573410034,10,51.0,7464602,1,1545954,3,1
14,10,1.0,515318,1,12752,1,1,5,1565838,6,8256056,9821894,2.2,0.75,5,1565838,6,8256056,9821894,2.2,0.75,1.3993786573410034,10,51.0,7464602,1,1545954,3,1
15,10,0.5,515318,1,12752,1,1,5,1565838,6,8256056,9821894,2.2,0.75,3,25767,3,1037768,1063535,3.6,0.88,1.3993786573410034,10,51.0,7464602,1,1545954,3,1
16,10,51.0,7464602,1,1545954,3,1,1,7464602,0,0,7464602,0.9,0.0,5,1558969,3,7987052,9546021,3.6,0.88,0.0,10,0.05,0,0,7464602,1,1
17,10,19.1,515318,1,12752,1,1,5,1558969,3,7987052,9546021,3.6,0.88,3,32636,6,1306772,1339408,2.2,0.75,1.3790118217468261,10,51.0,7464602,1,1545954,3,1
18,10,1.0,515318,1,12752,1,1,5,1558969,3,7987052,9546021,3.6,0.88,3,32636,6,1306772,1339408,2.2,0.75,1.3790118217468261,10,51.0,7464602,1,1545954,3,1
19,10,0.5,515318,1,12752,1,1,5,1558969,3,7987052,9546021,3.6,0.88,5,1558969,3,7987052,9546021,3.6,0.88,1.3790118217468261,10,51.0,7464602,1,1545954,3,1
,totalCount,microComponent,microSubVolum,microSubtopic,microPubVolum,microPubTopic,microRate,pubDevicepubtopics,pubDevicepubvolum,pubDevicesubtopics,pubDevicesubcvolum,pubDevicevolums,pubDevicefre,pubDevicecpuPercent,subDevicePubTopic,subDevicePubVolum,subDeviceSubTopic,subDeviceSubVolum,subDeviceVolums,subDeviceFrequency,subDeviceCpuPercent,upLatency,upCount,upComponent,upSubVolum,upSubtopic,upPubVolum,upPubTopic,upRate
0,10,51.0,7464602,1,1545954,3,1,1,7464602,0,0,7464602,0.9,0.0,7,1615222,5,9048007,10663229,2.2,1.0,0.0,10,0.05,0,0,7464602,1,1
1,10,19.1,515318,1,12752,1,1,7,1615222,5,9048007,10663229,2.2,1.0,7,1615222,5,9048007,10663229,2.2,1.0,1.507822299003601,10,51.0,7464602,1,1545954,3,1
2,10,1.0,515318,1,12752,1,1,7,1615222,5,9048007,10663229,2.2,1.0,7,1615222,5,9048007,10663229,2.2,1.0,1.507822299003601,10,51.0,7464602,1,1545954,3,1
3,10,0.5,515318,1,12752,1,1,7,1615222,5,9048007,10663229,2.2,1.0,1,12752,4,553574,566326,3.6,0.5,1.507822299003601,10,51.0,7464602,1,1545954,3,1
4,10,51.0,7464602,1,1545954,3,1,1,7464602,0,0,7464602,0.9,0.0,6,1602470,7,8570945,10173415,2.2,1.0,0.0,10,0.05,0,0,7464602,1,1
5,10,19.1,515318,1,12752,1,1,6,1602470,7,8570945,10173415,2.2,1.0,6,1602470,7,8570945,10173415,2.2,1.0,1.5767102241516113,10,51.0,7464602,1,1545954,3,1
6,10,1.0,515318,1,12752,1,1,6,1602470,7,8570945,10173415,2.2,1.0,2,25504,2,1030636,1056140,3.6,0.5,1.5767102241516113,10,51.0,7464602,1,1545954,3,1
7,10,0.5,515318,1,12752,1,1,6,1602470,7,8570945,10173415,2.2,1.0,2,25504,2,1030636,1056140,3.6,0.5,1.5767102241516113,10,51.0,7464602,1,1545954,3,1
8,10,51.0,7464602,1,1545954,3,1,1,7464602,0,0,7464602,0.9,0.0,6,1602470,4,8532689,10135159,2.2,0.83,0.0,10,0.05,0,0,7464602,1,1
9,10,19.1,515318,1,12752,1,1,6,1602470,4,8532689,10135159,2.2,0.83,6,1602470,4,8532689,10135159,2.2,0.83,1.5145012617111206,10,51.0,7464602,1,1545954,3,1
10,10,1.0,515318,1,12752,1,1,6,1602470,4,8532689,10135159,2.2,0.83,2,25504,5,1068892,1094396,3.6,0.75,1.5145012617111206,10,51.0,7464602,1,1545954,3,1
11,10,0.5,515318,1,12752,1,1,6,1602470,4,8532689,10135159,2.2,0.83,2,25504,5,1068892,1094396,3.6,0.75,1.5145012617111206,10,51.0,7464602,1,1545954,3,1
12,10,51.0,7464602,1,1545954,3,1,1,7464602,0,0,7464602,0.9,0.0,6,1602470,4,8532689,10135159,2.2,0.83,0.0,10,0.05,0,0,7464602,1,1
13,10,19.1,515318,1,12752,1,1,6,1602470,4,8532689,10135159,2.2,0.83,2,25504,5,1068892,1094396,3.6,0.75,1.511768651008606,10,51.0,7464602,1,1545954,3,1
14,10,1.0,515318,1,12752,1,1,6,1602470,4,8532689,10135159,2.2,0.83,6,1602470,4,8532689,10135159,2.2,0.83,1.511768651008606,10,51.0,7464602,1,1545954,3,1
15,10,0.5,515318,1,12752,1,1,6,1602470,4,8532689,10135159,2.2,0.83,2,25504,5,1068892,1094396,3.6,0.75,1.511768651008606,10,51.0,7464602,1,1545954,3,1
16,10,51.0,7464602,1,1545954,3,1,1,7464602,0,0,7464602,0.9,0.0,5,1589718,6,8055627,9645345,2.2,0.83,0.0,10,0.05,0,0,7464602,1,1
17,10,19.1,515318,1,12752,1,1,5,1589718,6,8055627,9645345,2.2,0.83,3,38256,3,1545954,1584210,3.6,0.75,1.8368433237075805,10,51.0,7464602,1,1545954,3,1
18,10,1.0,515318,1,12752,1,1,5,1589718,6,8055627,9645345,2.2,0.83,3,38256,3,1545954,1584210,3.6,0.75,1.8368433237075805,10,51.0,7464602,1,1545954,3,1
19,10,0.5,515318,1,12752,1,1,5,1589718,6,8055627,9645345,2.2,0.83,3,38256,3,1545954,1584210,3.6,0.75,1.8368433237075805,10,51.0,7464602,1,1545954,3,1
20,10,51.0,7464602,1,1545954,3,1,1,7464602,0,0,7464602,0.9,0.0,5,1589718,3,8017371,9607089,2.2,0.67,0.0,10,0.05,0,0,7464602,1,1
21,10,19.1,515318,1,12752,1,1,5,1589718,3,8017371,9607089,2.2,0.67,3,38256,6,1584210,1622466,3.6,1.0,1.7060499429702758,10,51.0,7464602,1,1545954,3,1
22,10,1.0,515318,1,12752,1,1,5,1589718,3,8017371,9607089,2.2,0.67,3,38256,6,1584210,1622466,3.6,1.0,1.7060499429702758,10,51.0,7464602,1,1545954,3,1
23,10,0.5,515318,1,12752,1,1,5,1589718,3,8017371,9607089,2.2,0.67,3,38256,6,1584210,1622466,3.6,1.0,1.7060499429702758,10,51.0,7464602,1,1545954,3,1
24,10,51.0,7464602,1,1545954,3,1,1,7464602,0,0,7464602,0.9,0.0,4,1558706,2,7979920,9538626,3.6,0.5,0.0,10,0.05,0,0,7464602,1,1
25,10,19.1,515318,1,12752,1,1,4,1558706,2,7979920,9538626,3.6,0.5,4,69268,7,1621661,1690929,2.2,1.0,1.2441602945327759,10,51.0,7464602,1,1545954,3,1
26,10,1.0,515318,1,12752,1,1,4,1558706,2,7979920,9538626,3.6,0.5,4,69268,7,1621661,1690929,2.2,1.0,1.2441602945327759,10,51.0,7464602,1,1545954,3,1
27,10,0.5,515318,1,12752,1,1,4,1558706,2,7979920,9538626,3.6,0.5,4,1558706,2,7979920,9538626,3.6,0.5,1.2441602945327759,10,51.0,7464602,1,1545954,3,1
28,10,51.0,7464602,1,1545954,3,1,1,7464602,0,0,7464602,0.9,0.0,4,1558706,5,8018176,9576882,3.6,0.75,0.0,10,0.05,0,0,7464602,1,1
29,10,19.1,515318,1,12752,1,1,4,1558706,5,8018176,9576882,3.6,0.75,4,69268,4,1583405,1652673,2.2,0.83,1.2839956998825073,10,51.0,7464602,1,1545954,3,1
30,10,1.0,515318,1,12752,1,1,4,1558706,5,8018176,9576882,3.6,0.75,4,69268,4,1583405,1652673,2.2,0.83,1.2839956998825073,10,51.0,7464602,1,1545954,3,1
31,10,0.5,515318,1,12752,1,1,4,1558706,5,8018176,9576882,3.6,0.75,4,1558706,5,8018176,9576882,3.6,0.75,1.2839956998825073,10,51.0,7464602,1,1545954,3,1
32,10,51.0,7464602,1,1545954,3,1,1,7464602,0,0,7464602,0.9,0.0,5,1571458,3,8495238,10066696,3.6,0.75,0.0,10,0.05,0,0,7464602,1,1
33,10,19.1,515318,1,12752,1,1,5,1571458,3,8495238,10066696,3.6,0.75,3,56516,6,1106343,1162859,2.2,0.83,1.2572541952133178,10,51.0,7464602,1,1545954,3,1
34,10,1.0,515318,1,12752,1,1,5,1571458,3,8495238,10066696,3.6,0.75,5,1571458,3,8495238,10066696,3.6,0.75,1.2572541952133178,10,51.0,7464602,1,1545954,3,1
35,10,0.5,515318,1,12752,1,1,5,1571458,3,8495238,10066696,3.6,0.75,5,1571458,3,8495238,10066696,3.6,0.75,1.2572541952133178,10,51.0,7464602,1,1545954,3,1
36,10,51.0,7464602,1,1545954,3,1,1,7464602,0,0,7464602,0.9,0.0,5,1571458,6,8533494,10104952,3.6,1.0,0.0,10,0.05,0,0,7464602,1,1
37,10,19.1,515318,1,12752,1,1,5,1571458,6,8533494,10104952,3.6,1.0,3,56516,3,1068087,1124603,2.2,0.67,1.3003207683563232,10,51.0,7464602,1,1545954,3,1
38,10,1.0,515318,1,12752,1,1,5,1571458,6,8533494,10104952,3.6,1.0,5,1571458,6,8533494,10104952,3.6,1.0,1.3003207683563232,10,51.0,7464602,1,1545954,3,1
39,10,0.5,515318,1,12752,1,1,5,1571458,6,8533494,10104952,3.6,1.0,5,1571458,6,8533494,10104952,3.6,1.0,1.3003207683563232,10,51.0,7464602,1,1545954,3,1
40,10,51.0,7464602,1,1545954,3,1,1,7464602,0,0,7464602,0.9,0.0,5,1571458,3,8495238,10066696,3.6,0.75,0.0,10,0.05,0,0,7464602,1,1
41,10,19.1,515318,1,12752,1,1,5,1571458,3,8495238,10066696,3.6,0.75,5,1571458,3,8495238,10066696,3.6,0.75,1.2333754301071167,10,51.0,7464602,1,1545954,3,1
42,10,1.0,515318,1,12752,1,1,5,1571458,3,8495238,10066696,3.6,0.75,3,56516,6,1106343,1162859,2.2,0.83,1.2333754301071167,10,51.0,7464602,1,1545954,3,1
43,10,0.5,515318,1,12752,1,1,5,1571458,3,8495238,10066696,3.6,0.75,5,1571458,3,8495238,10066696,3.6,0.75,1.2333754301071167,10,51.0,7464602,1,1545954,3,1
44,10,51.0,7464602,1,1545954,3,1,1,7464602,0,0,7464602,0.9,0.0,6,1584210,4,9010556,10594766,3.6,1.0,0.0,10,0.05,0,0,7464602,1,1
45,10,19.1,515318,1,12752,1,1,6,1584210,4,9010556,10594766,3.6,1.0,6,1584210,4,9010556,10594766,3.6,1.0,1.269940447807312,10,51.0,7464602,1,1545954,3,1
46,10,1.0,515318,1,12752,1,1,6,1584210,4,9010556,10594766,3.6,1.0,6,1584210,4,9010556,10594766,3.6,1.0,1.269940447807312,10,51.0,7464602,1,1545954,3,1
47,10,0.5,515318,1,12752,1,1,6,1584210,4,9010556,10594766,3.6,1.0,6,1584210,4,9010556,10594766,3.6,1.0,1.269940447807312,10,51.0,7464602,1,1545954,3,1
,totalCount,microComponent,microSubVolum,microSubtopic,microPubVolum,microPubTopic,microRate,pubDevicepubtopics,pubDevicepubvolum,pubDevicesubtopics,pubDevicesubcvolum,pubDevicevolums,pubDevicefre,pubDevicecpuPercent,subDevicePubTopic,subDevicePubVolum,subDeviceSubTopic,subDeviceSubVolum,subDeviceVolums,subDeviceFrequency,subDeviceCpuPercent,upLatency,upCount,upComponent,upSubVolum,upSubtopic,upPubVolum,upPubTopic,upRate
0,10,51.0,7464602,1,1545954,3,1,1,7464602,0,0,7464602,0.9,0.0,6,1589981,4,8024503,9614484,2.2,0.92,0.0,10,0.05,0,0,7464602,1,1
1,10,19.1,515318,1,12752,1,1,6,1589981,4,8024503,9614484,2.2,0.92,2,13363,2,551950,565313,1.43,0.75,1.893428134918213,10,51.0,7464602,1,1545954,3,1
2,10,1.0,515318,1,12752,1,1,6,1589981,4,8024503,9614484,2.2,0.92,2,25504,5,1068892,1094396,3.6,0.75,1.893428134918213,10,51.0,7464602,1,1545954,3,1
3,10,0.5,515318,1,12752,1,1,6,1589981,4,8024503,9614484,2.2,0.92,2,25504,5,1068892,1094396,3.6,0.75,1.893428134918213,10,51.0,7464602,1,1545954,3,1
4,10,51.0,7464602,1,1545954,3,1,1,7464602,0,0,7464602,0.9,0.0,6,1589981,4,8024503,9614484,2.2,0.92,0.0,10,0.05,0,0,7464602,1,1
5,10,19.1,515318,1,12752,1,1,6,1589981,4,8024503,9614484,2.2,0.92,2,25504,5,1068892,1094396,3.6,0.75,1.5917630195617676,10,51.0,7464602,1,1545954,3,1
6,10,1.0,515318,1,12752,1,1,6,1589981,4,8024503,9614484,2.2,0.92,2,13363,2,551950,565313,1.43,0.75,1.5917630195617676,10,51.0,7464602,1,1545954,3,1
7,10,0.5,515318,1,12752,1,1,6,1589981,4,8024503,9614484,2.2,0.92,2,25504,5,1068892,1094396,3.6,0.75,1.5917630195617676,10,51.0,7464602,1,1545954,3,1
8,10,51.0,7464602,1,1545954,3,1,1,7464602,0,0,7464602,0.9,0.0,6,1589981,4,8024503,9614484,2.2,0.92,0.0,10,0.05,0,0,7464602,1,1
9,10,19.1,515318,1,12752,1,1,6,1589981,4,8024503,9614484,2.2,0.92,3,38256,3,1545954,1584210,3.6,0.75,1.6177083015441895,10,51.0,7464602,1,1545954,3,1
10,10,1.0,515318,1,12752,1,1,6,1589981,4,8024503,9614484,2.2,0.92,3,38256,3,1545954,1584210,3.6,0.75,1.6177083015441895,10,51.0,7464602,1,1545954,3,1
11,10,0.5,515318,1,12752,1,1,6,1589981,4,8024503,9614484,2.2,0.92,3,38256,3,1545954,1584210,3.6,0.75,1.6177083015441895,10,51.0,7464602,1,1545954,3,1
12,10,51.0,7464602,1,1545954,3,1,1,7464602,0,0,7464602,0.9,0.0,6,1589981,4,8024503,9614484,2.2,0.92,0.0,10,0.05,0,0,7464602,1,1
13,10,19.1,515318,1,12752,1,1,6,1589981,4,8024503,9614484,2.2,0.92,3,38256,6,1584210,1622466,3.6,1.0,1.520512294769287,10,51.0,7464602,1,1545954,3,1
14,10,1.0,515318,1,12752,1,1,6,1589981,4,8024503,9614484,2.2,0.92,3,38256,6,1584210,1622466,3.6,1.0,1.520512294769287,10,51.0,7464602,1,1545954,3,1
15,10,0.5,515318,1,12752,1,1,6,1589981,4,8024503,9614484,2.2,0.92,3,38256,6,1584210,1622466,3.6,1.0,1.520512294769287,10,51.0,7464602,1,1545954,3,1
16,10,51.0,7464602,1,1545954,3,1,1,7464602,0,0,7464602,0.9,0.0,4,1558706,5,8018176,9576882,3.6,0.75,0.0,10,0.05,0,0,7464602,1,1
17,10,19.1,515318,1,12752,1,1,4,1558706,5,8018176,9576882,3.6,0.75,2,13363,2,551950,565313,1.43,0.75,1.2694827795028687,10,51.0,7464602,1,1545954,3,1
18,10,1.0,515318,1,12752,1,1,4,1558706,5,8018176,9576882,3.6,0.75,4,56779,4,1075219,1131998,2.2,0.92,1.2694827795028687,10,51.0,7464602,1,1545954,3,1
19,10,0.5,515318,1,12752,1,1,4,1558706,5,8018176,9576882,3.6,0.75,4,1558706,5,8018176,9576882,3.6,0.75,1.2694827795028687,10,51.0,7464602,1,1545954,3,1
20,10,51.0,7464602,1,1545954,3,1,1,7464602,0,0,7464602,0.9,0.0,5,1571458,3,8495238,10066696,3.6,0.75,0.0,10,0.05,0,0,7464602,1,1
21,10,19.1,515318,1,12752,1,1,5,1571458,3,8495238,10066696,3.6,0.75,2,13363,2,551950,565313,1.43,0.75,1.2327450275421143,10,51.0,7464602,1,1545954,3,1
22,10,1.0,515318,1,12752,1,1,5,1571458,3,8495238,10066696,3.6,0.75,5,1571458,3,8495238,10066696,3.6,0.75,1.2327450275421143,10,51.0,7464602,1,1545954,3,1
23,10,0.5,515318,1,12752,1,1,5,1571458,3,8495238,10066696,3.6,0.75,5,1571458,3,8495238,10066696,3.6,0.75,1.2327450275421143,10,51.0,7464602,1,1545954,3,1
24,10,51.0,7464602,1,1545954,3,1,1,7464602,0,0,7464602,0.9,0.0,5,1571458,6,8533494,10104952,3.6,1.0,0.0,10,0.05,0,0,7464602,1,1
25,10,19.1,515318,1,12752,1,1,5,1571458,6,8533494,10104952,3.6,1.0,2,13363,2,551950,565313,1.43,0.75,1.282077670097351,10,51.0,7464602,1,1545954,3,1
26,10,1.0,515318,1,12752,1,1,5,1571458,6,8533494,10104952,3.6,1.0,5,1571458,6,8533494,10104952,3.6,1.0,1.282077670097351,10,51.0,7464602,1,1545954,3,1
27,10,0.5,515318,1,12752,1,1,5,1571458,6,8533494,10104952,3.6,1.0,5,1571458,6,8533494,10104952,3.6,1.0,1.282077670097351,10,51.0,7464602,1,1545954,3,1
28,10,51.0,7464602,1,1545954,3,1,1,7464602,0,0,7464602,0.9,0.0,4,1558706,5,8018176,9576882,3.6,0.75,0.0,10,0.05,0,0,7464602,1,1
29,10,19.1,515318,1,12752,1,1,4,1558706,5,8018176,9576882,3.6,0.75,4,56779,4,1075219,1131998,2.2,0.92,1.2752612829208374,10,51.0,7464602,1,1545954,3,1
30,10,1.0,515318,1,12752,1,1,4,1558706,5,8018176,9576882,3.6,0.75,2,13363,2,551950,565313,1.43,0.75,1.2752612829208374,10,51.0,7464602,1,1545954,3,1
31,10,0.5,515318,1,12752,1,1,4,1558706,5,8018176,9576882,3.6,0.75,4,1558706,5,8018176,9576882,3.6,0.75,1.2752612829208374,10,51.0,7464602,1,1545954,3,1
32,10,51.0,7464602,1,1545954,3,1,1,7464602,0,0,7464602,0.9,0.0,5,1571458,3,8495238,10066696,3.6,0.75,0.0,10,0.05,0,0,7464602,1,1
33,10,19.1,515318,1,12752,1,1,5,1571458,3,8495238,10066696,3.6,0.75,4,56779,4,1075219,1131998,2.2,0.92,1.2419773817062378,10,51.0,7464602,1,1545954,3,1
34,10,1.0,515318,1,12752,1,1,5,1571458,3,8495238,10066696,3.6,0.75,5,1571458,3,8495238,10066696,3.6,0.75,1.2419773817062378,10,51.0,7464602,1,1545954,3,1
35,10,0.5,515318,1,12752,1,1,5,1571458,3,8495238,10066696,3.6,0.75,5,1571458,3,8495238,10066696,3.6,0.75,1.2419773817062378,10,51.0,7464602,1,1545954,3,1
36,10,51.0,7464602,1,1545954,3,1,1,7464602,0,0,7464602,0.9,0.0,5,1571458,6,8533494,10104952,3.6,1.0,0.0,10,0.05,0,0,7464602,1,1
37,10,19.1,515318,1,12752,1,1,5,1571458,6,8533494,10104952,3.6,1.0,4,56779,4,1075219,1131998,2.2,0.92,1.2783875465393066,10,51.0,7464602,1,1545954,3,1
38,10,1.0,515318,1,12752,1,1,5,1571458,6,8533494,10104952,3.6,1.0,5,1571458,6,8533494,10104952,3.6,1.0,1.2783875465393066,10,51.0,7464602,1,1545954,3,1
39,10,0.5,515318,1,12752,1,1,5,1571458,6,8533494,10104952,3.6,1.0,5,1571458,6,8533494,10104952,3.6,1.0,1.2783875465393066,10,51.0,7464602,1,1545954,3,1
40,10,51.0,7464602,1,1545954,3,1,1,7464602,0,0,7464602,0.9,0.0,5,1571458,3,8495238,10066696,3.6,0.75,0.0,10,0.05,0,0,7464602,1,1
41,10,19.1,515318,1,12752,1,1,5,1571458,3,8495238,10066696,3.6,0.75,5,1571458,3,8495238,10066696,3.6,0.75,1.2615839958190918,10,51.0,7464602,1,1545954,3,1
42,10,1.0,515318,1,12752,1,1,5,1571458,3,8495238,10066696,3.6,0.75,2,13363,2,551950,565313,1.43,0.75,1.2615839958190918,10,51.0,7464602,1,1545954,3,1
43,10,0.5,515318,1,12752,1,1,5,1571458,3,8495238,10066696,3.6,0.75,5,1571458,3,8495238,10066696,3.6,0.75,1.2615839958190918,10,51.0,7464602,1,1545954,3,1
44,10,51.0,7464602,1,1545954,3,1,1,7464602,0,0,7464602,0.9,0.0,5,1571458,6,8533494,10104952,3.6,1.0,0.0,10,0.05,0,0,7464602,1,1
45,10,19.1,515318,1,12752,1,1,5,1571458,6,8533494,10104952,3.6,1.0,5,1571458,6,8533494,10104952,3.6,1.0,1.3357768774032592,10,51.0,7464602,1,1545954,3,1
46,10,1.0,515318,1,12752,1,1,5,1571458,6,8533494,10104952,3.6,1.0,2,13363,2,551950,565313,1.43,0.75,1.3357768774032592,10,51.0,7464602,1,1545954,3,1
47,10,0.5,515318,1,12752,1,1,5,1571458,6,8533494,10104952,3.6,1.0,5,1571458,6,8533494,10104952,3.6,1.0,1.3357768774032592,10,51.0,7464602,1,1545954,3,1
48,10,51.0,7464602,1,1545954,3,1,1,7464602,0,0,7464602,0.9,0.0,5,1571458,3,8495238,10066696,3.6,0.75,0.0,10,0.05,0,0,7464602,1,1
49,10,19.1,515318,1,12752,1,1,5,1571458,3,8495238,10066696,3.6,0.75,5,1571458,3,8495238,10066696,3.6,0.75,1.241619086265564,10,51.0,7464602,1,1545954,3,1
50,10,1.0,515318,1,12752,1,1,5,1571458,3,8495238,10066696,3.6,0.75,4,56779,4,1075219,1131998,2.2,0.92,1.241619086265564,10,51.0,7464602,1,1545954,3,1
51,10,0.5,515318,1,12752,1,1,5,1571458,3,8495238,10066696,3.6,0.75,5,1571458,3,8495238,10066696,3.6,0.75,1.241619086265564,10,51.0,7464602,1,1545954,3,1
52,10,51.0,7464602,1,1545954,3,1,1,7464602,0,0,7464602,0.9,0.0,5,1571458,6,8533494,10104952,3.6,1.0,0.0,10,0.05,0,0,7464602,1,1
53,10,19.1,515318,1,12752,1,1,5,1571458,6,8533494,10104952,3.6,1.0,5,1571458,6,8533494,10104952,3.6,1.0,1.2838467121124268,10,51.0,7464602,1,1545954,3,1
54,10,1.0,515318,1,12752,1,1,5,1571458,6,8533494,10104952,3.6,1.0,4,56779,4,1075219,1131998,2.2,0.92,1.2838467121124268,10,51.0,7464602,1,1545954,3,1
55,10,0.5,515318,1,12752,1,1,5,1571458,6,8533494,10104952,3.6,1.0,5,1571458,6,8533494,10104952,3.6,1.0,1.2838467121124268,10,51.0,7464602,1,1545954,3,1
56,10,51.0,7464602,1,1545954,3,1,1,7464602,0,0,7464602,0.9,0.0,6,1584210,4,9010556,10594766,3.6,1.0,0.0,10,0.05,0,0,7464602,1,1
57,10,19.1,515318,1,12752,1,1,6,1584210,4,9010556,10594766,3.6,1.0,6,1584210,4,9010556,10594766,3.6,1.0,1.2478723049163818,10,51.0,7464602,1,1545954,3,1
58,10,1.0,515318,1,12752,1,1,6,1584210,4,9010556,10594766,3.6,1.0,6,1584210,4,9010556,10594766,3.6,1.0,1.2478723049163818,10,51.0,7464602,1,1545954,3,1
59,10,0.5,515318,1,12752,1,1,6,1584210,4,9010556,10594766,3.6,1.0,6,1584210,4,9010556,10594766,3.6,1.0,1.2478723049163818,10,51.0,7464602,1,1545954,3,1
60,10,51.0,7464602,1,1545954,3,1,1,7464602,0,0,7464602,0.9,0.0,6,1584210,4,9010556,10594766,3.6,1.0,0.0,10,0.05,0,0,7464602,1,1
61,10,19.1,515318,1,12752,1,1,6,1584210,4,9010556,10594766,3.6,1.0,6,1584210,4,9010556,10594766,3.6,1.0,1.2453133583068847,10,51.0,7464602,1,1545954,3,1
62,10,1.0,515318,1,12752,1,1,6,1584210,4,9010556,10594766,3.6,1.0,6,1584210,4,9010556,10594766,3.6,1.0,1.2453133583068847,10,51.0,7464602,1,1545954,3,1
63,10,0.5,515318,1,12752,1,1,6,1584210,4,9010556,10594766,3.6,1.0,6,1584210,4,9010556,10594766,3.6,1.0,1.2453133583068847,10,51.0,7464602,1,1545954,3,1
,totalCount,microComponent,microSubVolum,microSubtopic,microPubVolum,microPubTopic,microRate,pubDevicepubtopics,pubDevicepubvolum,pubDevicesubtopics,pubDevicesubcvolum,pubDevicevolums,pubDevicefre,pubDevicecpuPercent,subDevicePubTopic,subDevicePubVolum,subDeviceSubTopic,subDeviceSubVolum,subDeviceVolums,subDeviceFrequency,subDeviceCpuPercent,upLatency,upCount,upComponent,upSubVolum,upSubtopic,upPubVolum,upPubTopic,upRate
0,10,51.0,7464602,1,1545954,3,1,1,7464602,0,0,7464602,0.9,0.0,6,1602470,4,8532689,10135159,2.2,0.83,0.0,10,0.05,0,0,7464602,1,1
1,10,19.1,515318,1,12752,1,1,6,1602470,4,8532689,10135159,2.2,0.83,2,13363,2,551950,565313,1.43,0.75,1.4851365089416504,10,51.0,7464602,1,1545954,3,1
2,10,1.0,515318,1,12752,1,1,6,1602470,4,8532689,10135159,2.2,0.83,6,1602470,4,8532689,10135159,2.2,0.83,1.4851365089416504,10,51.0,7464602,1,1545954,3,1
3,10,0.5,515318,1,12752,1,1,6,1602470,4,8532689,10135159,2.2,0.83,2,13015,5,560706,573721,3.6,0.88,1.4851365089416504,10,51.0,7464602,1,1545954,3,1
4,10,51.0,7464602,1,1545954,3,1,1,7464602,0,0,7464602,0.9,0.0,5,1589718,6,8055627,9645345,2.2,0.83,0.0,10,0.05,0,0,7464602,1,1
5,10,19.1,515318,1,12752,1,1,5,1589718,6,8055627,9645345,2.2,0.83,2,13363,2,551950,565313,1.43,0.75,1.8177162170410157,10,51.0,7464602,1,1545954,3,1
6,10,1.0,515318,1,12752,1,1,5,1589718,6,8055627,9645345,2.2,0.83,3,25767,3,1037768,1063535,3.6,0.88,1.8177162170410157,10,51.0,7464602,1,1545954,3,1
7,10,0.5,515318,1,12752,1,1,5,1589718,6,8055627,9645345,2.2,0.83,3,25767,3,1037768,1063535,3.6,0.88,1.8177162170410157,10,51.0,7464602,1,1545954,3,1
8,10,51.0,7464602,1,1545954,3,1,1,7464602,0,0,7464602,0.9,0.0,5,1589718,6,8055627,9645345,2.2,0.83,0.0,10,0.05,0,0,7464602,1,1
9,10,19.1,515318,1,12752,1,1,5,1589718,6,8055627,9645345,2.2,0.83,3,25767,3,1037768,1063535,3.6,0.88,2.022156262397766,10,51.0,7464602,1,1545954,3,1
10,10,1.0,515318,1,12752,1,1,5,1589718,6,8055627,9645345,2.2,0.83,2,13363,2,551950,565313,1.43,0.75,2.022156262397766,10,51.0,7464602,1,1545954,3,1
11,10,0.5,515318,1,12752,1,1,5,1589718,6,8055627,9645345,2.2,0.83,3,25767,3,1037768,1063535,3.6,0.88,2.022156262397766,10,51.0,7464602,1,1545954,3,1
12,10,51.0,7464602,1,1545954,3,1,1,7464602,0,0,7464602,0.9,0.0,6,1602470,4,8532689,10135159,2.2,0.83,0.0,10,0.05,0,0,7464602,1,1
13,10,19.1,515318,1,12752,1,1,6,1602470,4,8532689,10135159,2.2,0.83,3,25767,3,1037768,1063535,3.6,0.88,1.5136010646820068,10,51.0,7464602,1,1545954,3,1
14,10,1.0,515318,1,12752,1,1,6,1602470,4,8532689,10135159,2.2,0.83,6,1602470,4,8532689,10135159,2.2,0.83,1.5136010646820068,10,51.0,7464602,1,1545954,3,1
15,10,0.5,515318,1,12752,1,1,6,1602470,4,8532689,10135159,2.2,0.83,3,25767,3,1037768,1063535,3.6,0.88,1.5136010646820068,10,51.0,7464602,1,1545954,3,1
16,10,51.0,7464602,1,1545954,3,1,1,7464602,0,0,7464602,0.9,0.0,5,1558969,3,7987052,9546021,3.6,0.88,0.0,10,0.05,0,0,7464602,1,1
17,10,19.1,515318,1,12752,1,1,5,1558969,3,7987052,9546021,3.6,0.88,2,13363,2,551950,565313,1.43,0.75,1.3973076820373536,10,51.0,7464602,1,1545954,3,1
18,10,1.0,515318,1,12752,1,1,5,1558969,3,7987052,9546021,3.6,0.88,3,56516,6,1106343,1162859,2.2,0.83,1.3973076820373536,10,51.0,7464602,1,1545954,3,1
19,10,0.5,515318,1,12752,1,1,5,1558969,3,7987052,9546021,3.6,0.88,5,1558969,3,7987052,9546021,3.6,0.88,1.3973076820373536,10,51.0,7464602,1,1545954,3,1
20,10,51.0,7464602,1,1545954,3,1,1,7464602,0,0,7464602,0.9,0.0,5,1558969,3,7987052,9546021,3.6,0.88,0.0,10,0.05,0,0,7464602,1,1
21,10,19.1,515318,1,12752,1,1,5,1558969,3,7987052,9546021,3.6,0.88,3,56516,6,1106343,1162859,2.2,0.83,1.2493321180343628,10,51.0,7464602,1,1545954,3,1
22,10,1.0,515318,1,12752,1,1,5,1558969,3,7987052,9546021,3.6,0.88,2,13363,2,551950,565313,1.43,0.75,1.2493321180343628,10,51.0,7464602,1,1545954,3,1
23,10,0.5,515318,1,12752,1,1,5,1558969,3,7987052,9546021,3.6,0.88,5,1558969,3,7987052,9546021,3.6,0.88,1.2493321180343628,10,51.0,7464602,1,1545954,3,1
24,10,51.0,7464602,1,1545954,3,1,1,7464602,0,0,7464602,0.9,0.0,5,1558969,3,7987052,9546021,3.6,0.88,0.0,10,0.05,0,0,7464602,1,1
25,10,19.1,515318,1,12752,1,1,5,1558969,3,7987052,9546021,3.6,0.88,4,69268,4,1583405,1652673,2.2,0.83,1.275460457801819,10,51.0,7464602,1,1545954,3,1
26,10,1.0,515318,1,12752,1,1,5,1558969,3,7987052,9546021,3.6,0.88,4,69268,4,1583405,1652673,2.2,0.83,1.275460457801819,10,51.0,7464602,1,1545954,3,1
27,10,0.5,515318,1,12752,1,1,5,1558969,3,7987052,9546021,3.6,0.88,5,1558969,3,7987052,9546021,3.6,0.88,1.275460457801819,10,51.0,7464602,1,1545954,3,1
28,10,51.0,7464602,1,1545954,3,1,1,7464602,0,0,7464602,0.9,0.0,5,1558969,3,7987052,9546021,3.6,0.88,0.0,10,0.05,0,0,7464602,1,1
29,10,19.1,515318,1,12752,1,1,5,1558969,3,7987052,9546021,3.6,0.88,4,69268,7,1621661,1690929,2.2,1.0,1.3707399368286133,10,51.0,7464602,1,1545954,3,1
30,10,1.0,515318,1,12752,1,1,5,1558969,3,7987052,9546021,3.6,0.88,4,69268,7,1621661,1690929,2.2,1.0,1.3707399368286133,10,51.0,7464602,1,1545954,3,1
31,10,0.5,515318,1,12752,1,1,5,1558969,3,7987052,9546021,3.6,0.88,5,1558969,3,7987052,9546021,3.6,0.88,1.3707399368286133,10,51.0,7464602,1,1545954,3,1
,totalCount,microComponent,microSubVolum,microSubtopic,microPubVolum,microPubTopic,microRate,pubDevicepubtopics,pubDevicepubvolum,pubDevicesubtopics,pubDevicesubcvolum,pubDevicevolums,pubDevicefre,pubDevicecpuPercent,subDevicePubTopic,subDevicePubVolum,subDeviceSubTopic,subDeviceSubVolum,subDeviceVolums,subDeviceFrequency,subDeviceCpuPercent,upLatency,upCount,upComponent,upSubVolum,upSubtopic,upPubVolum,upPubTopic,upRate
0,10,51.0,7464602,1,1545954,3,1,1,7464602,0,0,7464602,0.9,0.0,6,1578590,7,8771374,10349964,2.2,0.92,0.0,10,0.05,0,0,7464602,1,1
1,10,19.1,515318,1,12752,1,1,6,1578590,7,8771374,10349964,2.2,0.92,6,1578590,7,8771374,10349964,2.2,0.92,1.7189253330230714,10,51.0,7464602,1,1545954,3,1
2,10,1.0,515318,1,12752,1,1,6,1578590,7,8771374,10349964,2.2,0.92,6,1578590,7,8771374,10349964,2.2,0.92,1.7189253330230714,10,51.0,7464602,1,1545954,3,1
3,10,0.5,515318,1,12752,1,1,6,1578590,7,8771374,10349964,2.2,0.92,2,49384,2,830207,879591,3.6,0.62,1.7189253330230714,10,51.0,7464602,1,1545954,3,1
4,10,51.0,7464602,1,1545954,3,1,1,7464602,0,0,7464602,0.9,0.0,6,1578590,4,8733118,10311708,2.2,0.75,0.0,10,0.05,0,0,7464602,1,1
5,10,19.1,515318,1,12752,1,1,6,1578590,4,8733118,10311708,2.2,0.75,6,1578590,4,8733118,10311708,2.2,0.75,1.3794934511184693,10,51.0,7464602,1,1545954,3,1
6,10,1.0,515318,1,12752,1,1,6,1578590,4,8733118,10311708,2.2,0.75,6,1578590,4,8733118,10311708,2.2,0.75,1.3794934511184693,10,51.0,7464602,1,1545954,3,1
7,10,0.5,515318,1,12752,1,1,6,1578590,4,8733118,10311708,2.2,0.75,2,49384,5,868463,917847,3.6,0.88,1.3794934511184693,10,51.0,7464602,1,1545954,3,1
8,10,51.0,7464602,1,1545954,3,1,1,7464602,0,0,7464602,0.9,0.0,5,1565838,6,8256056,9821894,2.2,0.75,0.0,10,0.05,0,0,7464602,1,1
9,10,19.1,515318,1,12752,1,1,5,1565838,6,8256056,9821894,2.2,0.75,5,1565838,6,8256056,9821894,2.2,0.75,1.434495496749878,10,51.0,7464602,1,1545954,3,1
10,10,1.0,515318,1,12752,1,1,5,1565838,6,8256056,9821894,2.2,0.75,3,62136,3,1345525,1407661,3.6,0.88,1.434495496749878,10,51.0,7464602,1,1545954,3,1
11,10,0.5,515318,1,12752,1,1,5,1565838,6,8256056,9821894,2.2,0.75,3,62136,3,1345525,1407661,3.6,0.88,1.434495496749878,10,51.0,7464602,1,1545954,3,1
12,10,51.0,7464602,1,1545954,3,1,1,7464602,0,0,7464602,0.9,0.0,5,1565838,6,8256056,9821894,2.2,0.75,0.0,10,0.05,0,0,7464602,1,1
13,10,19.1,515318,1,12752,1,1,5,1565838,6,8256056,9821894,2.2,0.75,3,62136,3,1345525,1407661,3.6,0.88,1.408248496055603,10,51.0,7464602,1,1545954,3,1
14,10,1.0,515318,1,12752,1,1,5,1565838,6,8256056,9821894,2.2,0.75,5,1565838,6,8256056,9821894,2.2,0.75,1.408248496055603,10,51.0,7464602,1,1545954,3,1
15,10,0.5,515318,1,12752,1,1,5,1565838,6,8256056,9821894,2.2,0.75,3,62136,3,1345525,1407661,3.6,0.88,1.408248496055603,10,51.0,7464602,1,1545954,3,1
16,10,51.0,7464602,1,1545954,3,1,1,7464602,0,0,7464602,0.9,0.0,5,1595338,3,8294809,9890147,3.6,0.88,0.0,10,0.05,0,0,7464602,1,1
17,10,19.1,515318,1,12752,1,1,5,1595338,3,8294809,9890147,3.6,0.88,3,32636,6,1306772,1339408,2.2,0.75,19.14720723628998,10,51.0,7464602,1,1545954,3,1
18,10,1.0,515318,1,12752,1,1,5,1595338,3,8294809,9890147,3.6,0.88,3,32636,6,1306772,1339408,2.2,0.75,19.14720723628998,10,51.0,7464602,1,1545954,3,1
19,10,0.5,515318,1,12752,1,1,5,1595338,3,8294809,9890147,3.6,0.88,5,1595338,3,8294809,9890147,3.6,0.88,19.14720723628998,10,51.0,7464602,1,1545954,3,1
,totalCount,microComponent,microSubVolum,microSubtopic,microPubVolum,microPubTopic,microRate,pubDevicepubtopics,pubDevicepubvolum,pubDevicesubtopics,pubDevicesubcvolum,pubDevicevolums,pubDevicefre,pubDevicecpuPercent,subDevicePubTopic,subDevicePubVolum,subDeviceSubTopic,subDeviceSubVolum,subDeviceVolums,subDeviceFrequency,subDeviceCpuPercent,upLatency,upCount,upComponent,upSubVolum,upSubtopic,upPubVolum,upPubTopic,upRate
0,10,51.0,7464602,1,1545954,3,1,1,7464602,0,0,7464602,0.9,0.0,6,1566101,7,8263188,9829289,2.2,1.0,0.0,10,0.05,0,0,7464602,1,1
1,10,19.1,515318,1,12752,1,1,6,1566101,7,8263188,9829289,2.2,1.0,2,13363,2,551950,565313,1.43,0.75,2.9567742109298707,10,51.0,7464602,1,1545954,3,1
2,10,1.0,515318,1,12752,1,1,6,1566101,7,8263188,9829289,2.2,1.0,6,1566101,7,8263188,9829289,2.2,1.0,2.9567742109298707,10,51.0,7464602,1,1545954,3,1
3,10,0.5,515318,1,12752,1,1,6,1566101,7,8263188,9829289,2.2,1.0,2,49384,2,830207,879591,3.6,0.62,2.9567742109298707,10,51.0,7464602,1,1545954,3,1
4,10,51.0,7464602,1,1545954,3,1,1,7464602,0,0,7464602,0.9,0.0,6,1566101,4,8224932,9791033,2.2,0.83,0.0,10,0.05,0,0,7464602,1,1
5,10,19.1,515318,1,12752,1,1,6,1566101,4,8224932,9791033,2.2,0.83,2,13363,2,551950,565313,1.43,0.75,1.6204259157180787,10,51.0,7464602,1,1545954,3,1
6,10,1.0,515318,1,12752,1,1,6,1566101,4,8224932,9791033,2.2,0.83,6,1566101,4,8224932,9791033,2.2,0.83,1.6204259157180787,10,51.0,7464602,1,1545954,3,1
7,10,0.5,515318,1,12752,1,1,6,1566101,4,8224932,9791033,2.2,0.83,2,49384,5,868463,917847,3.6,0.88,1.6204259157180787,10,51.0,7464602,1,1545954,3,1
8,10,51.0,7464602,1,1545954,3,1,1,7464602,0,0,7464602,0.9,0.0,5,1553349,6,7747870,9301219,2.2,0.83,0.0,10,0.05,0,0,7464602,1,1
9,10,19.1,515318,1,12752,1,1,5,1553349,6,7747870,9301219,2.2,0.83,2,13363,2,551950,565313,1.43,0.75,12.417477440834045,10,51.0,7464602,1,1545954,3,1
10,10,1.0,515318,1,12752,1,1,5,1553349,6,7747870,9301219,2.2,0.83,3,62136,3,1345525,1407661,3.6,0.88,12.417477440834045,10,51.0,7464602,1,1545954,3,1
11,10,0.5,515318,1,12752,1,1,5,1553349,6,7747870,9301219,2.2,0.83,3,62136,3,1345525,1407661,3.6,0.88,12.417477440834045,10,51.0,7464602,1,1545954,3,1
12,10,51.0,7464602,1,1545954,3,1,1,7464602,0,0,7464602,0.9,0.0,6,1566101,7,8263188,9829289,2.2,1.0,0.0,10,0.05,0,0,7464602,1,1
13,10,19.1,515318,1,12752,1,1,6,1566101,7,8263188,9829289,2.2,1.0,6,1566101,7,8263188,9829289,2.2,1.0,2.012014961242676,10,51.0,7464602,1,1545954,3,1
14,10,1.0,515318,1,12752,1,1,6,1566101,7,8263188,9829289,2.2,1.0,2,13363,2,551950,565313,1.43,0.75,2.012014961242676,10,51.0,7464602,1,1545954,3,1
15,10,0.5,515318,1,12752,1,1,6,1566101,7,8263188,9829289,2.2,1.0,2,49384,2,830207,879591,3.6,0.62,2.012014961242676,10,51.0,7464602,1,1545954,3,1
16,10,51.0,7464602,1,1545954,3,1,1,7464602,0,0,7464602,0.9,0.0,6,1566101,4,8224932,9791033,2.2,0.83,0.0,10,0.05,0,0,7464602,1,1
17,10,19.1,515318,1,12752,1,1,6,1566101,4,8224932,9791033,2.2,0.83,6,1566101,4,8224932,9791033,2.2,0.83,1.782093381881714,10,51.0,7464602,1,1545954,3,1
18,10,1.0,515318,1,12752,1,1,6,1566101,4,8224932,9791033,2.2,0.83,2,13363,2,551950,565313,1.43,0.75,1.782093381881714,10,51.0,7464602,1,1545954,3,1
19,10,0.5,515318,1,12752,1,1,6,1566101,4,8224932,9791033,2.2,0.83,2,49384,5,868463,917847,3.6,0.88,1.782093381881714,10,51.0,7464602,1,1545954,3,1
20,10,51.0,7464602,1,1545954,3,1,1,7464602,0,0,7464602,0.9,0.0,7,1578853,5,8740250,10319103,2.2,1.0,0.0,10,0.05,0,0,7464602,1,1
21,10,19.1,515318,1,12752,1,1,7,1578853,5,8740250,10319103,2.2,1.0,7,1578853,5,8740250,10319103,2.2,1.0,1.6335725784301758,10,51.0,7464602,1,1545954,3,1
22,10,1.0,515318,1,12752,1,1,7,1578853,5,8740250,10319103,2.2,1.0,7,1578853,5,8740250,10319103,2.2,1.0,1.6335725784301758,10,51.0,7464602,1,1545954,3,1
23,10,0.5,515318,1,12752,1,1,7,1578853,5,8740250,10319103,2.2,1.0,2,49384,2,830207,879591,3.6,0.62,1.6335725784301758,10,51.0,7464602,1,1545954,3,1
