,Unnamed: 0,totalCount,microComponent,microSubVolum,microSubtopic,microPubVolum,microPubTopic,microRate,pubDevicepubtopics1,pubDevicepubtopics2,pubDevicepubvolum1,pubDevicepubvolum2,pubDevicesubtopics1,pubDevicesubtopics2,pubDevicesubcvolum1,pubDevicesubcvolum2,pubDevicevolums1,pubDevicefre1,pubDevicefre2,pubDevicecpuPercent1,pubDevicecpuPercent2,subDevicePubTopic,subDevicePubVolum,subDeviceSubTopic,subDeviceVolums,subDeviceFrequency,subDeviceCpuPercent,upLatency1,upLatency2,upCount1,upComponent1,upSubVolum1,upSubtopic1,upPubVolum1,upPubTopic1,upRate1,upCount2,upComponent2,upSubVolum2,upSubtopic2,upPubVolum2,upPubTopic2,upRate2
0,0,40,49,874,2,0,0,1,7,2,1608353,7743,5,2,8817259,274512,10425612,2.2,1.43,1.0,1.0,0,0,2,874,2.5,0.08,86.75353991389275,100.92022227644921,40,1,7132,1,263,1,1,40,0.5,36632,1,611,1,1
1,1,40,49,874,2,0,0,1,6,2,1595601,7743,7,2,8340197,274512,9935798,2.2,1.43,1.0,1.0,0,0,2,874,2.5,0.08,2.4356352567672728,18.3393715262413,40,1,7132,1,263,1,1,40,0.5,36632,1,611,1,1
2,2,40,49,874,2,0,0,1,6,2,1595601,7743,4,2,8301941,274512,9897542,2.2,1.43,0.83,1.0,0,0,2,874,2.5,0.08,129.51124120354652,64.51792258620262,40,1,7132,1,263,1,1,40,0.5,36632,1,611,1,1
3,3,40,49,874,2,0,0,1,6,2,1595601,7743,7,2,8340197,274512,9935798,2.2,1.43,1.0,1.0,0,0,2,874,2.5,0.08,2.510830402374268,18.238606351614,40,1,7132,1,263,1,1,40,0.5,36632,1,611,1,1
4,4,40,49,874,2,0,0,1,5,2,1582849,7743,3,2,7786623,274512,9369472,2.2,1.43,0.67,1.0,0,0,2,874,2.5,0.08,24.769546633958818,22.22210191488266,40,1,7132,1,263,1,1,40,0.5,36632,1,611,1,1
5,5,40,49,874,2,0,0,1,4,2,62399,7743,7,2,1390913,274512,1453312,2.2,1.43,1.0,1.0,0,0,2,874,2.5,0.08,48.46095458865166,32.07583001852036,40,1,7132,1,263,1,1,40,0.5,36632,1,611,1,1
6,6,40,49,874,2,0,0,1,4,2,62399,7743,4,2,1352657,274512,1415056,2.2,1.43,0.83,1.0,0,0,2,874,2.5,0.08,2.0754542648792267,13.375861763954164,40,1,7132,1,263,1,1,40,0.5,36632,1,611,1,1
7,7,40,49,874,2,0,0,1,3,2,49647,7743,6,2,875595,274512,925242,2.2,1.43,0.83,1.0,0,0,2,874,2.5,0.08,17.85995273590088,22.456766039133072,40,1,7132,1,263,1,1,40,0.5,36632,1,611,1,1
8,8,40,49,874,2,0,0,1,2,2,36895,7743,5,2,360277,274512,397172,2.2,1.43,0.67,1.0,0,0,2,874,2.5,0.08,84.24941845536232,63.07875263690949,40,1,7132,1,263,1,1,40,0.5,36632,1,611,1,1
9,0,40,49,874,2,0,0,1,3,2,25767,7743,3,2,1037768,274512,1063535,3.6,1.43,0.88,1.0,0,0,2,874,2.5,0.08,2.068006974458694,12.49556610584259,40,1,7132,1,263,1,1,40,0.5,36632,1,611,1,1
10,1,40,49,874,2,0,0,1,5,2,1558969,7743,3,2,7987052,274512,9546021,3.6,1.43,0.88,1.0,0,0,2,874,2.5,0.08,2.4325502991676333,10.770813548564913,40,1,7132,1,263,1,1,40,0.5,36632,1,611,1,1
11,0,40,49,874,2,0,0,1,1,2,263,7743,3,2,8006,274512,8269,2.5,1.43,0.21,1.0,1,263,3,8269,2.5,0.21,65.29583728909492,32.521631497144696,40,1,7132,1,263,1,1,40,0.5,36632,1,611,1,1
12,1,40,49,874,2,0,0,1,1,2,263,7743,3,2,8006,274512,8269,2.5,1.43,0.21,1.0,1,263,3,8269,2.5,0.21,2.5472684860229493,10.466355639696124,40,1,7132,1,263,1,1,40,0.5,36632,1,611,1,1
13,2,40,49,874,2,0,0,1,1,2,263,7743,3,2,8006,274512,8269,2.5,1.43,0.21,1.0,1,263,3,8269,2.5,0.21,38.3345726788044,23.065750908851623,40,1,7132,1,263,1,1,40,0.5,36632,1,611,1,1
14,3,40,49,874,2,0,0,1,1,2,263,7743,3,2,8006,274512,8269,2.5,1.43,0.21,1.0,1,263,3,8269,2.5,0.21,2.6552731156349183,8.663941138982773,40,1,7132,1,263,1,1,40,0.5,36632,1,611,1,1
15,4,40,49,874,2,0,0,1,1,2,263,7743,3,2,8006,274512,8269,2.5,1.43,0.21,1.0,1,263,3,8269,2.5,0.21,2.6608698427677155,9.027967369556428,40,1,7132,1,263,1,1,40,0.5,36632,1,611,1,1
16,0,40,49,874,2,0,0,1,6,2,1571721,7743,7,2,8540626,274512,10112347,2.2,1.43,0.92,1.0,0,0,2,874,2.5,0.08,132.017472499609,33.88637939691544,40,1,7132,1,263,1,1,40,0.5,36632,1,611,1,1
17,1,40,49,874,2,0,0,1,6,2,1571721,7743,4,2,8502370,274512,10074091,2.2,1.43,0.75,1.0,0,0,2,874,2.5,0.08,76.48587126135826,70.93811263442039,40,1,7132,1,263,1,1,40,0.5,36632,1,611,1,1
18,2,40,49,874,2,0,0,1,5,2,1558969,7743,6,2,8025308,274512,9584277,2.2,1.43,0.75,1.0,0,0,2,874,2.5,0.08,68.27213666439056,27.40270743966102,40,1,7132,1,263,1,1,40,0.5,36632,1,611,1,1
19,3,40,49,874,2,0,0,1,5,2,1558969,7743,6,2,8025308,274512,9584277,2.2,1.43,0.75,1.0,0,0,2,874,2.5,0.08,118.31270149946212,49.469318026304244,40,1,7132,1,263,1,1,40,0.5,36632,1,611,1,1
20,4,40,49,874,2,0,0,1,3,2,25767,7743,6,2,1076024,274512,1101791,2.2,1.43,0.75,1.0,0,0,2,874,2.5,0.08,171.2279433310032,154.30760647058486,40,1,7132,1,263,1,1,40,0.5,36632,1,611,1,1
21,0,40,49,874,2,0,0,1,6,2,1566101,37243,7,2,8263188,351521,9829289,2.2,1.43,1.0,1.0,0,0,2,874,2.5,0.08,1.4667974650859832,93.57499158382416,40,1,7132,1,263,1,1,40,0.5,36632,1,611,1,1
22,1,40,49,874,2,0,0,1,6,2,1566101,37243,4,2,8224932,351521,9791033,2.2,1.43,0.83,1.0,0,0,2,874,2.5,0.08,29.766005051136016,114.94072132706644,40,1,7132,1,263,1,1,40,0.5,36632,1,611,1,1
23,2,40,49,874,2,0,0,1,5,2,1553349,37243,6,2,7747870,351521,9301219,2.2,1.43,0.83,1.0,0,0,2,874,2.5,0.08,1.1655981540679932,93.63106555342674,40,1,7132,1,263,1,1,40,0.5,36632,1,611,1,1
24,3,40,49,874,2,0,0,1,5,2,1553349,37243,3,2,7709614,351521,9262963,2.2,1.43,0.67,1.0,0,0,2,874,2.5,0.08,22.403497171401977,104.7697244822979,40,1,7132,1,263,1,1,40,0.5,36632,1,611,1,1
25,4,40,49,874,2,0,0,1,2,2,7395,37243,5,2,283268,351521,290663,2.2,1.43,0.67,1.0,0,0,2,874,2.5,0.08,9.018589156866074,94.49708939790726,40,1,7132,1,263,1,1,40,0.5,36632,1,611,1,1
26,0,40,49,874,2,0,0,1,2,2,13015,37243,2,2,522450,351521,535465,3.6,1.43,0.62,1.0,0,0,2,874,2.5,0.08,0.5354305922985076,91.99414092302322,40,1,7132,1,263,1,1,40,0.5,36632,1,611,1,1
27,1,40,49,874,2,0,0,1,2,2,13015,37243,5,2,560706,351521,573721,3.6,1.43,0.88,1.0,0,0,2,874,2.5,0.08,0.5668986558914184,93.98105723261831,40,1,7132,1,263,1,1,40,0.5,36632,1,611,1,1
28,2,40,49,874,2,0,0,1,3,2,25767,37243,3,2,1037768,351521,1063535,3.6,1.43,0.88,1.0,0,0,2,874,2.5,0.08,0.5989528477191925,93.41989337801935,40,1,7132,1,263,1,1,40,0.5,36632,1,611,1,1
29,3,40,49,874,2,0,0,1,3,2,25767,37243,3,2,1037768,351521,1063535,3.6,1.43,0.88,1.0,0,0,2,874,2.5,0.08,0.604980856180191,93.00123338103295,40,1,7132,1,263,1,1,40,0.5,36632,1,611,1,1
30,4,40,49,874,2,0,0,1,5,2,1558969,37243,3,2,7987052,351521,9546021,3.6,1.43,0.88,1.0,0,0,2,874,2.5,0.08,0.7386714100837708,93.65435302853584,40,1,7132,1,263,1,1,40,0.5,36632,1,611,1,1
31,0,40,49,874,2,0,0,1,1,2,263,37243,3,2,8006,351521,8269,2.5,1.43,0.21,1.0,1,263,3,8269,2.5,0.21,1.366334968805313,93.11462624669078,40,1,7132,1,263,1,1,40,0.5,36632,1,611,1,1
32,1,40,49,874,2,0,0,1,1,2,263,37243,3,2,8006,351521,8269,2.5,1.43,0.21,1.0,1,263,3,8269,2.5,0.21,1.5165735602378845,93.19615042805671,40,1,7132,1,263,1,1,40,0.5,36632,1,611,1,1
33,2,40,49,874,2,0,0,1,1,2,263,37243,3,2,8006,351521,8269,2.5,1.43,0.21,1.0,1,263,3,8269,2.5,0.21,1.615517359972,94.59494799375534,40,1,7132,1,263,1,1,40,0.5,36632,1,611,1,1
34,3,40,49,874,2,0,0,1,1,2,263,37243,3,2,8006,351521,8269,2.5,1.43,0.21,1.0,1,263,3,8269,2.5,0.21,2.460440444946289,93.98341164588928,40,1,7132,1,263,1,1,40,0.5,36632,1,611,1,1
35,4,40,49,874,2,0,0,1,1,2,263,37243,3,2,8006,351521,8269,2.5,1.43,0.21,1.0,1,263,3,8269,2.5,0.21,120.11588597297668,119.77186328172684,40,1,7132,1,263,1,1,40,0.5,36632,1,611,1,1
36,5,40,49,874,2,0,0,1,1,2,263,37243,3,2,8006,351521,8269,2.5,1.43,0.21,1.0,1,263,3,8269,2.5,0.21,87.5131553709507,108.56457090973852,40,1,7132,1,263,1,1,40,0.5,36632,1,611,1,1
37,6,40,49,874,2,0,0,1,1,2,263,37243,3,2,8006,351521,8269,2.5,1.43,0.21,1.0,1,263,3,8269,2.5,0.21,100.40916330218315,111.54104162454605,40,1,7132,1,263,1,1,40,0.5,36632,1,611,1,1
38,7,40,49,874,2,0,0,1,1,2,263,37243,3,2,8006,351521,8269,2.5,1.43,0.21,1.0,1,263,3,8269,2.5,0.21,169.35421481728554,166.86925163269044,40,1,7132,1,263,1,1,40,0.5,36632,1,611,1,1
39,0,40,49,874,2,0,0,1,2,2,874,874,2,2,43764,43764,44638,1.43,1.43,1.0,1.0,0,0,2,874,2.5,0.08,86.0268686413765,88.73365802168846,40,1,7132,1,263,1,1,40,0.5,36632,1,611,1,1
40,1,40,49,874,2,0,0,1,2,2,874,874,2,2,43764,43764,44638,1.43,1.43,1.0,1.0,0,0,2,874,2.5,0.08,7.071864998340606,12.7177869617939,40,1,7132,1,263,1,1,40,0.5,36632,1,611,1,1
41,2,40,49,874,2,0,0,1,2,2,874,874,2,2,43764,43764,44638,1.43,1.43,1.0,1.0,0,0,2,874,2.5,0.08,105.27875670194626,59.82804781794548,40,1,7132,1,263,1,1,40,0.5,36632,1,611,1,1
42,3,40,49,874,2,0,0,1,2,2,874,874,2,2,43764,43764,44638,1.43,1.43,1.0,1.0,0,0,2,874,2.5,0.08,6.8271195828914655,10.826955151557922,40,1,7132,1,263,1,1,40,0.5,36632,1,611,1,1
43,4,40,49,874,2,0,0,1,2,2,874,874,2,2,43764,43764,44638,1.43,1.43,1.0,1.0,0,0,2,874,2.5,0.08,51.42977119088173,26.159268224239348,40,1,7132,1,263,1,1,40,0.5,36632,1,611,1,1
44,5,40,49,874,2,0,0,1,2,2,874,874,2,2,43764,43764,44638,1.43,1.43,1.0,1.0,0,0,2,874,2.5,0.08,6.549053502082825,11.981462508440018,40,1,7132,1,263,1,1,40,0.5,36632,1,611,1,1
45,0,40,49,874,2,0,0,1,6,2,1589981,13363,4,2,8024503,551950,9614484,2.2,1.43,0.92,0.75,0,0,2,874,2.5,0.08,0.9653103947639464,17.420345622301102,40,1,7132,1,263,1,1,40,0.5,36632,1,611,1,1
46,1,40,49,874,2,0,0,1,6,2,1589981,13363,4,2,8024503,551950,9614484,2.2,1.43,0.92,0.75,0,0,2,874,2.5,0.08,38.79766587018967,29.848741686344148,40,1,7132,1,263,1,1,40,0.5,36632,1,611,1,1
47,2,40,49,874,2,0,0,1,6,1,1589981,611,4,4,8024503,74888,9614484,2.2,1.43,0.92,0.75,0,0,2,874,2.5,0.08,46.003364086151116,55.83605442643166,40,1,7132,1,263,1,1,40,0.5,36632,1,611,1,1
48,3,40,49,874,2,0,0,1,6,1,1589981,611,4,1,8024503,36632,9614484,2.2,1.43,0.92,0.25,0,0,2,874,2.5,0.08,54.19277029633522,22.996769565343858,40,1,7132,1,263,1,1,40,0.5,36632,1,611,1,1
49,4,40,49,874,2,0,0,1,4,2,56779,13363,4,2,1075219,551950,1131998,2.2,1.43,0.92,0.75,0,0,2,874,2.5,0.08,0.7586531221866608,16.484285694360732,40,1,7132,1,263,1,1,40,0.5,36632,1,611,1,1
50,5,40,49,874,2,0,0,1,3,2,44027,13363,6,2,598157,551950,642184,2.2,1.43,0.92,0.75,0,0,2,874,2.5,0.08,57.561536073684685,48.05173731446265,40,1,7132,1,263,1,1,40,0.5,36632,1,611,1,1
51,6,40,49,874,2,0,0,1,3,2,44027,13363,3,2,559901,551950,603928,2.2,1.43,0.75,0.75,0,0,2,874,2.5,0.08,46.45315563082695,30.895021402835845,40,1,7132,1,263,1,1,40,0.5,36632,1,611,1,1
52,7,40,49,874,2,0,0,1,4,2,56779,13363,4,2,1075219,551950,1131998,2.2,1.43,0.92,0.75,0,0,2,874,2.5,0.08,7.284359616041184,15.4849858045578,40,1,7132,1,263,1,1,40,0.5,36632,1,611,1,1
53,8,40,49,874,2,0,0,1,4,1,56779,611,4,4,1075219,74888,1131998,2.2,1.43,0.92,0.75,0,0,2,874,2.5,0.08,0.7633320391178131,13.515113472938538,40,1,7132,1,263,1,1,40,0.5,36632,1,611,1,1
54,9,40,49,874,2,0,0,1,4,1,56779,611,4,1,1075219,36632,1131998,2.2,1.43,0.92,0.25,0,0,2,874,2.5,0.08,0.9259414494037628,16.758894032239915,40,1,7132,1,263,1,1,40,0.5,36632,1,611,1,1
55,10,40,49,874,2,0,0,1,3,2,44027,13363,6,2,598157,551950,642184,2.2,1.43,0.92,0.75,0,0,2,874,2.5,0.08,62.517976063489904,36.71265645623207,40,1,7132,1,263,1,1,40,0.5,36632,1,611,1,1
56,11,40,49,874,2,0,0,1,3,2,44027,13363,3,2,559901,551950,603928,2.2,1.43,0.75,0.75,0,0,2,874,2.5,0.08,46.28540116548538,54.972833627462386,40,1,7132,1,263,1,1,40,0.5,36632,1,611,1,1
57,12,40,49,874,2,0,0,1,4,1,56779,611,4,4,1075219,74888,1131998,2.2,1.43,0.92,0.75,0,0,2,874,2.5,0.08,34.03002758622169,22.184681123495107,40,1,7132,1,263,1,1,40,0.5,36632,1,611,1,1
58,13,40,49,874,2,0,0,1,4,1,56779,611,4,1,1075219,36632,1131998,2.2,1.43,0.92,0.25,0,0,2,874,2.5,0.08,22.904761397838588,17.423169475793838,40,1,7132,1,263,1,1,40,0.5,36632,1,611,1,1
59,14,40,49,874,2,0,0,1,3,1,44027,611,3,4,559901,74888,603928,2.2,1.43,0.75,0.75,0,0,2,874,2.5,0.08,0.6415992856025696,12.554511654376984,40,1,7132,1,263,1,1,40,0.5,36632,1,611,1,1
60,15,40,49,874,2,0,0,1,3,1,44027,611,6,1,598157,36632,642184,2.2,1.43,0.92,0.25,0,0,2,874,2.5,0.08,0.8566356837749481,15.40525953769684,40,1,7132,1,263,1,1,40,0.5,36632,1,611,1,1
61,0,40,49,874,2,0,0,1,3,2,25767,13363,3,2,1037768,551950,1063535,3.6,1.43,0.88,0.75,0,0,2,874,2.5,0.08,0.6006132423877716,13.078347158432006,40,1,7132,1,263,1,1,40,0.5,36632,1,611,1,1
62,1,40,49,874,2,0,0,1,3,2,25767,13363,3,2,1037768,551950,1063535,3.6,1.43,0.88,0.75,0,0,2,874,2.5,0.08,0.5884846925735474,12.662633430957792,40,1,7132,1,263,1,1,40,0.5,36632,1,611,1,1
63,2,40,49,874,2,0,0,1,3,1,25767,611,3,4,1037768,74888,1063535,3.6,1.43,0.88,0.75,0,0,2,874,2.5,0.08,0.5905688345432282,12.55829006433487,40,1,7132,1,263,1,1,40,0.5,36632,1,611,1,1
64,3,40,49,874,2,0,0,1,5,2,1558969,13363,3,2,7987052,551950,9546021,3.6,1.43,0.88,0.75,0,0,2,874,2.5,0.08,0.7112306892871857,10.147174990177154,40,1,7132,1,263,1,1,40,0.5,36632,1,611,1,1
65,4,40,49,874,2,0,0,1,5,1,1558969,611,3,4,7987052,74888,9546021,3.6,1.43,0.88,0.75,0,0,2,874,2.5,0.08,157.2535668373108,167.22401944398882,40,1,7132,1,263,1,1,40,0.5,36632,1,611,1,1
66,5,40,49,874,2,0,0,1,5,1,1558969,611,3,1,7987052,36632,9546021,3.6,1.43,0.88,0.25,0,0,2,874,2.5,0.08,83.67546283006669,115.27745648026466,40,1,7132,1,263,1,1,40,0.5,36632,1,611,1,1
67,0,40,49,874,2,0,0,1,1,2,263,13363,3,2,8006,551950,8269,2.5,1.43,0.21,0.75,1,263,3,8269,2.5,0.21,1.3506380915641785,10.628795033693313,40,1,7132,1,263,1,1,40,0.5,36632,1,611,1,1
68,1,40,49,874,2,0,0,1,1,2,263,13363,3,2,8006,551950,8269,2.5,1.43,0.21,0.75,1,263,3,8269,2.5,0.21,1.3401687800884248,11.506704473495484,40,1,7132,1,263,1,1,40,0.5,36632,1,611,1,1
69,2,40,49,874,2,0,0,1,1,2,263,13363,3,2,8006,551950,8269,2.5,1.43,0.21,0.75,1,263,3,8269,2.5,0.21,1.3934977531433106,9.954272037744524,40,1,7132,1,263,1,1,40,0.5,36632,1,611,1,1
70,3,40,49,874,2,0,0,1,1,2,263,13363,3,2,8006,551950,8269,2.5,1.43,0.21,0.75,1,263,3,8269,2.5,0.21,1.3906463503837585,10.97555980682373,40,1,7132,1,263,1,1,40,0.5,36632,1,611,1,1
71,4,40,49,874,2,0,0,1,1,2,263,13363,3,2,8006,551950,8269,2.5,1.43,0.21,0.75,1,263,3,8269,2.5,0.21,1.3636017441749573,12.775598818063733,40,1,7132,1,263,1,1,40,0.5,36632,1,611,1,1
72,5,40,49,874,2,0,0,1,1,2,263,13363,3,2,8006,551950,8269,2.5,1.43,0.21,0.75,1,263,3,8269,2.5,0.21,1.2927837014198302,11.583792549371722,40,1,7132,1,263,1,1,40,0.5,36632,1,611,1,1
73,6,40,49,874,2,0,0,1,1,1,263,611,3,4,8006,74888,8269,2.5,1.43,0.21,0.75,1,263,3,8269,2.5,0.21,55.53189752101897,35.440352588891976,40,1,7132,1,263,1,1,40,0.5,36632,1,611,1,1
74,7,40,49,874,2,0,0,1,1,1,263,611,3,1,8006,36632,8269,2.5,1.43,0.21,0.25,1,263,3,8269,2.5,0.21,38.68012468218804,20.301183074712753,40,1,7132,1,263,1,1,40,0.5,36632,1,611,1,1
75,8,40,49,874,2,0,0,1,1,1,263,611,3,4,8006,74888,8269,2.5,1.43,0.21,0.75,1,263,3,8269,2.5,0.21,1.3295265555381774,11.660497808456421,40,1,7132,1,263,1,1,40,0.5,36632,1,611,1,1
76,9,40,49,874,2,0,0,1,1,1,263,611,3,1,8006,36632,8269,2.5,1.43,0.21,0.25,1,263,3,8269,2.5,0.21,1.5531219244003296,19.875974684953693,40,1,7132,1,263,1,1,40,0.5,36632,1,611,1,1
77,10,40,49,874,2,0,0,1,1,1,263,611,3,1,8006,36632,8269,2.5,1.43,0.21,0.25,1,263,3,8269,2.5,0.21,31.326878893375397,36.2681631565094,40,1,7132,1,263,1,1,40,0.5,36632,1,611,1,1
78,11,40,49,874,2,0,0,1,1,2,263,13363,3,2,8006,551950,8269,2.5,1.43,0.21,0.75,1,263,3,8269,2.5,0.21,85.12967019677163,76.90551956892014,40,1,7132,1,263,1,1,40,0.5,36632,1,611,1,1
79,12,40,49,874,2,0,0,1,1,2,263,13363,3,2,8006,551950,8269,2.5,1.43,0.21,0.75,1,263,3,8269,2.5,0.21,45.57542016506195,54.582373547554006,40,1,7132,1,263,1,1,40,0.5,36632,1,611,1,1
80,13,40,49,874,2,0,0,1,1,1,263,611,3,4,8006,74888,8269,2.5,1.43,0.21,0.75,1,263,3,8269,2.5,0.21,26.02926750779152,20.03902159333229,40,1,7132,1,263,1,1,40,0.5,36632,1,611,1,1
81,14,40,49,874,2,0,0,1,1,1,263,611,3,1,8006,36632,8269,2.5,1.43,0.21,0.25,1,263,3,8269,2.5,0.21,2.84067440032959,13.259407991170885,40,1,7132,1,263,1,1,40,0.5,36632,1,611,1,1
82,15,40,49,874,2,0,0,1,1,1,263,611,3,1,8006,36632,8269,2.5,1.43,0.21,0.25,1,263,3,8269,2.5,0.21,1.5376806557178495,16.560435682535168,40,1,7132,1,263,1,1,40,0.5,36632,1,611,1,1
83,16,40,49,874,2,0,0,1,1,1,263,611,3,4,8006,74888,8269,2.5,1.43,0.21,0.75,1,263,3,8269,2.5,0.21,117.36440430879593,62.151721996068964,40,1,7132,1,263,1,1,40,0.5,36632,1,611,1,1
84,17,40,49,874,2,0,0,1,1,1,263,611,3,1,8006,36632,8269,2.5,1.43,0.21,0.25,1,263,3,8269,2.5,0.21,69.5267118871212,82.0878732085228,40,1,7132,1,263,1,1,40,0.5,36632,1,611,1,1
85,18,40,49,874,2,0,0,1,1,1,263,611,3,1,8006,36632,8269,2.5,1.43,0.21,0.25,1,263,3,8269,2.5,0.21,82.00316727161406,77.44684708118439,40,1,7132,1,263,1,1,40,0.5,36632,1,611,1,1
86,19,40,49,874,2,0,0,1,1,2,263,13363,3,2,8006,551950,8269,2.5,1.43,0.21,0.75,1,263,3,8269,2.5,0.21,75.00087627768518,27.84133156538009,40,1,7132,1,263,1,1,40,0.5,36632,1,611,1,1
87,20,40,49,874,2,0,0,1,1,2,263,13363,3,2,8006,551950,8269,2.5,1.43,0.21,0.75,1,263,3,8269,2.5,0.21,54.26479606628418,25.504215753078466,40,1,7132,1,263,1,1,40,0.5,36632,1,611,1,1
88,21,40,49,874,2,0,0,1,1,2,263,13363,3,2,8006,551950,8269,2.5,1.43,0.21,0.75,1,263,3,8269,2.5,0.21,1.2898966431617738,9.167221808433533,40,1,7132,1,263,1,1,40,0.5,36632,1,611,1,1
89,22,40,49,874,2,0,0,1,1,2,263,13363,3,2,8006,551950,8269,2.5,1.43,0.21,0.75,1,263,3,8269,2.5,0.21,1.297840768098831,15.973495000600815,40,1,7132,1,263,1,1,40,0.5,36632,1,611,1,1
90,23,40,49,874,2,0,0,1,1,2,263,13363,3,2,8006,551950,8269,2.5,1.43,0.21,0.75,1,263,3,8269,2.5,0.21,76.79835889339445,44.39453607201576,40,1,7132,1,263,1,1,40,0.5,36632,1,611,1,1
91,24,40,49,874,2,0,0,1,1,2,263,13363,3,2,8006,551950,8269,2.5,1.43,0.21,0.75,1,263,3,8269,2.5,0.21,58.25318887233734,37.15338689088821,40,1,7132,1,263,1,1,40,0.5,36632,1,611,1,1
92,25,40,49,874,2,0,0,1,1,1,263,611,3,4,8006,74888,8269,2.5,1.43,0.21,0.75,1,263,3,8269,2.5,0.21,20.70571526885033,14.822252929210665,40,1,7132,1,263,1,1,40,0.5,36632,1,611,1,1
93,26,40,49,874,2,0,0,1,1,1,263,611,3,1,8006,36632,8269,2.5,1.43,0.21,0.25,1,263,3,8269,2.5,0.21,1.5167797267436982,12.064029496908187,40,1,7132,1,263,1,1,40,0.5,36632,1,611,1,1
94,27,40,49,874,2,0,0,1,1,1,263,611,3,1,8006,36632,8269,2.5,1.43,0.21,0.25,1,263,3,8269,2.5,0.21,1.4617953896522522,11.431617176532743,40,1,7132,1,263,1,1,40,0.5,36632,1,611,1,1
95,28,40,49,874,2,0,0,1,1,1,263,611,3,4,8006,74888,8269,2.5,1.43,0.21,0.75,1,263,3,8269,2.5,0.21,67.24590786099434,44.787283021211614,40,1,7132,1,263,1,1,40,0.5,36632,1,611,1,1
96,29,40,49,874,2,0,0,1,1,1,263,611,3,1,8006,36632,8269,2.5,1.43,0.21,0.25,1,263,3,8269,2.5,0.21,48.8711580812931,58.33541815280914,40,1,7132,1,263,1,1,40,0.5,36632,1,611,1,1
97,30,40,49,874,2,0,0,1,1,1,263,611,3,1,8006,36632,8269,2.5,1.43,0.21,0.25,1,263,3,8269,2.5,0.21,62.42209570407867,50.4593420624733,40,1,7132,1,263,1,1,40,0.5,36632,1,611,1,1
98,31,40,49,874,2,0,0,1,1,2,263,13363,3,2,8006,551950,8269,2.5,1.43,0.21,0.75,1,263,3,8269,2.5,0.21,24.256788402795788,14.42580481171608,40,1,7132,1,263,1,1,40,0.5,36632,1,611,1,1
99,32,40,49,874,2,0,0,1,1,2,263,13363,3,2,8006,551950,8269,2.5,1.43,0.21,0.75,1,263,3,8269,2.5,0.21,1.2776760101318358,8.347955590486526,40,1,7132,1,263,1,1,40,0.5,36632,1,611,1,1
100,33,40,49,874,2,0,0,1,1,1,263,611,3,4,8006,74888,8269,2.5,1.43,0.21,0.75,1,263,3,8269,2.5,0.21,7.572036075592041,19.993396639823914,40,1,7132,1,263,1,1,40,0.5,36632,1,611,1,1
101,34,40,49,874,2,0,0,1,1,1,263,611,3,1,8006,36632,8269,2.5,1.43,0.21,0.25,1,263,3,8269,2.5,0.21,64.63500744700431,73.51595719456672,40,1,7132,1,263,1,1,40,0.5,36632,1,611,1,1
102,35,40,49,874,2,0,0,1,1,1,263,611,3,1,8006,36632,8269,2.5,1.43,0.21,0.25,1,263,3,8269,2.5,0.21,37.08467777371406,67.64374037384987,40,1,7132,1,263,1,1,40,0.5,36632,1,611,1,1
103,36,40,49,874,2,0,0,1,1,1,263,611,3,4,8006,74888,8269,2.5,1.43,0.21,0.75,1,263,3,8269,2.5,0.21,56.5896550834179,42.772310453653326,40,1,7132,1,263,1,1,40,0.5,36632,1,611,1,1
104,37,40,49,874,2,0,0,1,1,1,263,611,3,1,8006,36632,8269,2.5,1.43,0.21,0.25,1,263,3,8269,2.5,0.21,22.537750399112703,29.237249010801314,40,1,7132,1,263,1,1,40,0.5,36632,1,611,1,1
105,0,40,49,874,2,0,0,1,2,2,874,874,2,2,43764,43764,44638,1.43,1.43,1.0,1.0,0,0,2,874,2.5,0.08,96.08764889240265,40.54731672406197,40,1,7132,1,263,1,1,40,0.5,36632,1,611,1,1
106,1,40,49,874,2,0,0,1,2,2,874,874,2,2,43764,43764,44638,1.43,1.43,1.0,1.0,0,0,2,874,2.5,0.08,64.86606228351593,49.0640821993351,40,1,7132,1,263,1,1,40,0.5,36632,1,611,1,1
107,2,40,49,874,2,0,0,1,2,2,874,874,2,2,43764,43764,44638,1.43,1.43,1.0,1.0,0,0,2,874,2.5,0.08,25.538875567913056,14.97254611849785,40,1,7132,1,263,1,1,40,0.5,36632,1,611,1,1
108,3,40,49,874,2,0,0,1,2,2,874,874,2,2,43764,43764,44638,1.43,1.43,1.0,1.0,0,0,2,874,2.5,0.08,15.894840401411054,17.202585327625275,40,1,7132,1,263,1,1,40,0.5,36632,1,611,1,1
109,0,40,49,874,2,0,0,1,6,2,1566101,13363,7,2,8263188,551950,9829289,2.2,1.43,1.0,0.75,0,0,2,874,2.5,0.08,0.6083791255950928,5.211989951133728,40,1,7132,1,263,1,1,40,0.5,36632,1,611,1,1
110,1,40,49,874,2,0,0,1,6,2,1566101,13363,4,2,8224932,551950,9791033,2.2,1.43,0.83,0.75,0,0,2,874,2.5,0.08,0.741872239112854,5.050643467903138,40,1,7132,1,263,1,1,40,0.5,36632,1,611,1,1
111,2,40,49,874,2,0,0,1,5,2,1553349,13363,6,2,7747870,551950,9301219,2.2,1.43,0.83,0.75,0,0,2,874,2.5,0.08,4.5611507833004,17.71131240129471,40,1,7132,1,263,1,1,40,0.5,36632,1,611,1,1
112,3,40,49,874,2,0,0,1,6,2,1566101,13363,7,2,8263188,551950,9829289,2.2,1.43,1.0,0.75,0,0,2,874,2.5,0.08,1.4621866047382357,5.4177749931812285,40,1,7132,1,263,1,1,40,0.5,36632,1,611,1,1
113,4,40,49,874,2,0,0,1,6,2,1566101,13363,4,2,8224932,551950,9791033,2.2,1.43,0.83,0.75,0,0,2,874,2.5,0.08,0.8218230962753296,5.6237209975719455,40,1,7132,1,263,1,1,40,0.5,36632,1,611,1,1
114,5,40,49,874,2,0,0,1,7,1,1578853,611,5,4,8740250,74888,10319103,2.2,1.43,1.0,0.75,0,0,2,874,2.5,0.08,0.9309810876846314,5.251705980300903,40,1,7132,1,263,1,1,40,0.5,36632,1,611,1,1
115,0,40,49,874,2,0,0,1,6,2,1595601,7743,6,2,8302815,274512,9898416,2.2,1.43,1.0,1.0,6,1595601,6,9898416,2.2,1.0,2.208156341314316,16.061739671230313,40,1,7132,1,263,1,1,40,0.5,36632,1,611,1,1
116,1,40,49,874,2,0,0,1,6,2,1595601,7743,6,2,8302815,274512,9898416,2.2,1.43,1.0,1.0,6,1595601,6,9898416,2.2,1.0,2.4481208086013795,16.969287753105164,40,1,7132,1,263,1,1,40,0.5,36632,1,611,1,1
117,2,40,49,874,2,0,0,1,5,2,1582849,7743,8,2,7825753,274512,9408602,2.2,1.43,1.0,1.0,5,1582849,8,9408602,2.2,1.0,2.283520644903183,17.3419582426548,40,1,7132,1,263,1,1,40,0.5,36632,1,611,1,1
118,3,40,49,874,2,0,0,1,5,2,1582849,7743,5,2,7787497,274512,9370346,2.2,1.43,0.83,1.0,5,1582849,5,9370346,2.2,0.83,2.5372735619544984,16.729265826940534,40,1,7132,1,263,1,1,40,0.5,36632,1,611,1,1
119,4,40,49,874,2,0,0,1,4,2,62399,7743,6,2,1353531,274512,1415930,2.2,1.43,1.0,1.0,4,62399,6,1415930,2.2,1.0,2.126007753610611,13.97433797121048,40,1,7132,1,263,1,1,40,0.5,36632,1,611,1,1
120,5,40,49,874,2,0,0,1,3,2,49647,7743,8,2,876469,274512,926116,2.2,1.43,1.0,1.0,3,49647,8,926116,2.2,1.0,2.296308535337448,15.108011972904205,40,1,7132,1,263,1,1,40,0.5,36632,1,611,1,1
121,6,40,49,874,2,0,0,1,3,2,49647,7743,5,2,838213,274512,887860,2.2,1.43,0.83,1.0,3,49647,5,887860,2.2,0.83,2.238477659225464,14.157272398471832,40,1,7132,1,263,1,1,40,0.5,36632,1,611,1,1
122,7,40,49,874,2,0,0,1,3,2,49647,7743,8,2,876469,274512,926116,2.2,1.43,1.0,1.0,3,49647,8,926116,2.2,1.0,2.0053967773914336,13.578968346118927,40,1,7132,1,263,1,1,40,0.5,36632,1,611,1,1
123,8,40,49,874,2,0,0,1,3,2,49647,7743,5,2,838213,274512,887860,2.2,1.43,0.83,1.0,3,49647,5,887860,2.2,0.83,2.0506632566452025,13.853102540969848,40,1,7132,1,263,1,1,40,0.5,36632,1,611,1,1
124,9,40,49,874,2,0,0,1,2,2,36895,7743,7,2,361151,274512,398046,2.2,1.43,0.83,1.0,2,36895,7,398046,2.2,0.83,2.1964321732521057,14.846982944011689,40,1,7132,1,263,1,1,40,0.5,36632,1,611,1,1
125,0,40,49,874,2,0,0,1,7,2,1608353,7743,5,2,8817259,274512,10425612,2.2,1.43,1.0,1.0,1,12752,6,567200,3.6,0.75,2.436462789773941,17.2901793718338,40,1,7132,1,263,1,1,40,0.5,36632,1,611,1,1
126,1,40,49,874,2,0,0,1,6,2,1595601,7743,7,2,8340197,274512,9935798,2.2,1.43,1.0,1.0,2,25504,4,1057014,3.6,0.75,2.6943432092666626,18.384924507141115,40,1,7132,1,263,1,1,40,0.5,36632,1,611,1,1
127,2,40,49,874,2,0,0,1,6,2,1595601,7743,4,2,8301941,274512,9897542,2.2,1.43,0.83,1.0,2,25504,7,1095270,3.6,1.0,2.0235621511936186,17.488856256008148,40,1,7132,1,263,1,1,40,0.5,36632,1,611,1,1
128,3,40,49,874,2,0,0,1,6,2,1595601,7743,7,2,8340197,274512,9935798,2.2,1.43,1.0,1.0,2,25504,4,1057014,3.6,0.75,2.3986806988716127,17.85215792655945,40,1,7132,1,263,1,1,40,0.5,36632,1,611,1,1
129,4,40,49,874,2,0,0,1,6,2,1595601,7743,4,2,8301941,274512,9897542,2.2,1.43,0.83,1.0,2,25504,7,1095270,3.6,1.0,2.366531229019165,16.539052575826645,40,1,7132,1,263,1,1,40,0.5,36632,1,611,1,1
130,5,40,49,874,2,0,0,1,5,2,1582849,7743,6,2,7824879,274512,9407728,2.2,1.43,0.83,1.0,3,38256,5,1585084,3.6,1.0,2.1630429863929748,17.97445079088211,40,1,7132,1,263,1,1,40,0.5,36632,1,611,1,1
131,6,40,49,874,2,0,0,1,4,2,62399,7743,7,2,1390913,274512,1453312,2.2,1.43,1.0,1.0,4,1558706,4,9539500,3.6,0.75,2.266273480653763,13.745366019010543,40,1,7132,1,263,1,1,40,0.5,36632,1,611,1,1
132,7,40,49,874,2,0,0,1,4,2,62399,7743,4,2,1352657,274512,1415056,2.2,1.43,0.83,1.0,4,1558706,7,9577756,3.6,1.0,2.123944491147995,13.435909479856491,40,1,7132,1,263,1,1,40,0.5,36632,1,611,1,1
133,8,40,49,874,2,0,0,1,3,2,49647,7743,6,2,875595,274512,925242,2.2,1.43,0.83,1.0,5,1571458,5,10067570,3.6,1.0,2.0849186897277834,14.239170378446579,40,1,7132,1,263,1,1,40,0.5,36632,1,611,1,1
134,9,40,49,874,2,0,0,1,3,2,49647,7743,6,2,875595,274512,925242,2.2,1.43,0.83,1.0,5,1571458,5,10067570,3.6,1.0,2.2301818311214445,12.909477198123932,40,1,7132,1,263,1,1,40,0.5,36632,1,611,1,1
135,0,40,49,874,2,0,0,1,2,2,13015,7743,5,2,560706,274512,573721,3.6,1.43,0.88,1.0,6,1608090,6,10419091,2.2,0.92,2.221990895271301,15.067587703466414,40,1,7132,1,263,1,1,40,0.5,36632,1,611,1,1
136,1,40,49,874,2,0,0,1,3,2,25767,7743,3,2,1037768,274512,1063535,3.6,1.43,0.88,1.0,5,1595338,8,9929277,2.2,0.92,2.2760660052299504,15.29753942489624,40,1,7132,1,263,1,1,40,0.5,36632,1,611,1,1
137,2,40,49,874,2,0,0,1,3,2,25767,7743,3,2,1037768,274512,1063535,3.6,1.43,0.88,1.0,5,1595338,8,9929277,2.2,0.92,1.968780338764191,15.318909418582914,40,1,7132,1,263,1,1,40,0.5,36632,1,611,1,1
138,3,40,49,874,2,0,0,1,5,2,1558969,7743,3,2,7987052,274512,9546021,3.6,1.43,0.88,1.0,3,62136,8,1446791,2.2,0.92,1.9042652010917664,10.795813715457916,40,1,7132,1,263,1,1,40,0.5,36632,1,611,1,1
139,0,40,49,874,2,0,0,1,2,2,13015,7743,4,2,523324,274512,536339,3.6,1.43,0.88,1.0,2,13015,4,536339,3.6,0.88,1.9217122316360475,12.970623922348022,40,1,7132,1,263,1,1,40,0.5,36632,1,611,1,1
140,0,40,49,874,2,0,0,1,6,2,1571721,7743,6,2,8503244,274512,10074965,2.2,1.43,0.92,1.0,6,1571721,6,10074965,2.2,0.92,2.025280123949051,6.343086659908295,40,1,7132,1,263,1,1,40,0.5,36632,1,611,1,1
141,1,40,49,874,2,0,0,1,5,2,1558969,7743,8,2,8026182,274512,9585151,2.2,1.43,0.92,1.0,5,1558969,8,9585151,2.2,0.92,2.1424505531787874,6.079157441854478,40,1,7132,1,263,1,1,40,0.5,36632,1,611,1,1
142,2,40,49,874,2,0,0,1,5,2,1558969,7743,8,2,8026182,274512,9585151,2.2,1.43,0.92,1.0,5,1558969,8,9585151,2.2,0.92,1.937568336725235,5.771702080965043,40,1,7132,1,263,1,1,40,0.5,36632,1,611,1,1
143,3,40,49,874,2,0,0,1,3,2,25767,7743,8,2,1076898,274512,1102665,2.2,1.43,0.92,1.0,3,25767,8,1102665,2.2,0.92,2.3328578650951384,6.711689496040345,40,1,7132,1,263,1,1,40,0.5,36632,1,611,1,1
144,0,40,49,874,2,0,0,1,6,2,1571721,7743,7,2,8540626,274512,10112347,2.2,1.43,0.92,1.0,2,49384,4,880465,3.6,0.88,2.2390044212341307,6.229148489236832,40,1,7132,1,263,1,1,40,0.5,36632,1,611,1,1
145,0,40,49,874,2,0,0,1,3,2,49647,7743,3,2,837339,274512,886986,3.6,1.43,1.0,1.0,5,1571458,8,10105826,2.2,0.83,2.1226394474506383,7.4937679946422575,40,1,7132,1,263,1,1,40,0.5,36632,1,611,1,1
146,0,40,49,874,2,0,0,1,6,2,1566101,37243,6,2,8225806,351521,9791907,2.2,1.43,1.0,1.0,6,1566101,6,9791907,2.2,1.0,0.8419872105121613,93.99210168719291,40,1,7132,1,263,1,1,40,0.5,36632,1,611,1,1
147,1,40,49,874,2,0,0,1,6,2,1566101,37243,6,2,8225806,351521,9791907,2.2,1.43,1.0,1.0,6,1566101,6,9791907,2.2,1.0,0.7239525794982911,93.5095511198044,40,1,7132,1,263,1,1,40,0.5,36632,1,611,1,1
148,2,40,49,874,2,0,0,1,5,2,1553349,37243,8,2,7748744,351521,9302093,2.2,1.43,1.0,1.0,5,1553349,8,9302093,2.2,1.0,0.8662420213222504,93.26220373511316,40,1,7132,1,263,1,1,40,0.5,36632,1,611,1,1
149,3,40,49,874,2,0,0,1,5,2,1553349,37243,5,2,7710488,351521,9263837,2.2,1.43,0.83,1.0,5,1553349,5,9263837,2.2,0.83,0.8589361906051636,94.11741108894348,40,1,7132,1,263,1,1,40,0.5,36632,1,611,1,1
150,4,40,49,874,2,0,0,1,4,2,32899,37243,6,2,1276522,351521,1309421,2.2,1.43,1.0,1.0,4,32899,6,1309421,2.2,1.0,0.6206679701805115,93.50384497642516,40,1,7132,1,263,1,1,40,0.5,36632,1,611,1,1
151,5,40,49,874,2,0,0,1,3,2,20147,37243,8,2,799460,351521,819607,2.2,1.43,1.0,1.0,3,20147,8,819607,2.2,1.0,0.7007785439491272,94.25294585824012,40,1,7132,1,263,1,1,40,0.5,36632,1,611,1,1
152,6,40,49,874,2,0,0,1,3,2,20147,37243,5,2,761204,351521,781351,2.2,1.43,0.83,1.0,3,20147,5,781351,2.2,0.83,0.5713962137699127,94.55506150722506,40,1,7132,1,263,1,1,40,0.5,36632,1,611,1,1
153,7,40,49,874,2,0,0,1,3,2,20147,37243,8,2,799460,351521,819607,2.2,1.43,1.0,1.0,3,20147,8,819607,2.2,1.0,0.6608900129795074,93.22831908464431,40,1,7132,1,263,1,1,40,0.5,36632,1,611,1,1
154,8,40,49,874,2,0,0,1,3,2,20147,37243,5,2,761204,351521,781351,2.2,1.43,0.83,1.0,3,20147,5,781351,2.2,0.83,0.5935722470283509,93.295752453804,40,1,7132,1,263,1,1,40,0.5,36632,1,611,1,1
155,9,40,49,874,2,0,0,1,2,2,7395,37243,7,2,284142,351521,291537,2.2,1.43,0.83,1.0,2,7395,7,291537,2.2,0.83,0.5746379435062409,93.42454598546028,40,1,7132,1,263,1,1,40,0.5,36632,1,611,1,1
156,0,40,49,874,2,0,0,1,7,2,1578853,37243,5,2,8740250,351521,10319103,2.2,1.43,1.0,1.0,1,12752,6,567200,3.6,0.75,0.7342490017414093,93.2237927556038,40,1,7132,1,263,1,1,40,0.5,36632,1,611,1,1
157,1,40,49,874,2,0,0,1,6,2,1566101,37243,7,2,8263188,351521,9829289,2.2,1.43,1.0,1.0,2,25504,4,1057014,3.6,0.75,0.9648337423801422,94.06350939869878,40,1,7132,1,263,1,1,40,0.5,36632,1,611,1,1
158,2,40,49,874,2,0,0,1,6,2,1566101,37243,4,2,8224932,351521,9791033,2.2,1.43,0.83,1.0,2,25504,7,1095270,3.6,1.0,0.78145512342453,93.92991891503334,40,1,7132,1,263,1,1,40,0.5,36632,1,611,1,1
159,3,40,49,874,2,0,0,1,6,2,1566101,37243,7,2,8263188,351521,9829289,2.2,1.43,1.0,1.0,2,25504,4,1057014,3.6,0.75,1.1269328176975248,94.3092253625393,40,1,7132,1,263,1,1,40,0.5,36632,1,611,1,1
160,4,40,49,874,2,0,0,1,6,2,1566101,37243,4,2,8224932,351521,9791033,2.2,1.43,0.83,1.0,2,25504,7,1095270,3.6,1.0,0.6752666473388672,93.98218101859092,40,1,7132,1,263,1,1,40,0.5,36632,1,611,1,1
161,5,40,49,874,2,0,0,1,5,2,1553349,37243,6,2,7747870,351521,9301219,2.2,1.43,0.83,1.0,3,38256,5,1585084,3.6,1.0,0.8905434548854828,93.68471660614014,40,1,7132,1,263,1,1,40,0.5,36632,1,611,1,1
162,6,40,49,874,2,0,0,1,4,2,32899,37243,7,2,1313904,351521,1346803,2.2,1.43,1.0,1.0,4,1558706,4,9539500,3.6,0.75,0.6495149850845336,93.94836068749427,40,1,7132,1,263,1,1,40,0.5,36632,1,611,1,1
163,7,40,49,874,2,0,0,1,4,2,32899,37243,4,2,1275648,351521,1308547,2.2,1.43,0.83,1.0,4,1558706,7,9577756,3.6,1.0,0.5642807006835937,93.3453619480133,40,1,7132,1,263,1,1,40,0.5,36632,1,611,1,1
164,8,40,49,874,2,0,0,1,3,2,20147,37243,6,2,798586,351521,818733,2.2,1.43,0.83,1.0,5,1571458,5,10067570,3.6,1.0,0.8435450732707978,93.69224276542664,40,1,7132,1,263,1,1,40,0.5,36632,1,611,1,1
165,9,40,49,874,2,0,0,1,3,2,20147,37243,6,2,798586,351521,818733,2.2,1.43,0.83,1.0,5,1571458,5,10067570,3.6,1.0,0.7816803991794586,93.91634532213213,40,1,7132,1,263,1,1,40,0.5,36632,1,611,1,1
166,0,40,49,874,2,0,0,1,2,2,13015,37243,5,2,560706,351521,573721,3.6,1.43,0.88,1.0,6,1578590,6,10312582,2.2,0.92,0.6297472894191742,93.67245815992355,40,1,7132,1,263,1,1,40,0.5,36632,1,611,1,1
167,1,40,49,874,2,0,0,1,3,2,25767,37243,3,2,1037768,351521,1063535,3.6,1.43,0.88,1.0,5,1565838,8,9822768,2.2,0.92,0.6082844614982605,92.47294797301292,40,1,7132,1,263,1,1,40,0.5,36632,1,611,1,1
168,2,40,49,874,2,0,0,1,3,2,25767,37243,3,2,1037768,351521,1063535,3.6,1.43,0.88,1.0,5,1565838,8,9822768,2.2,0.92,0.5772234678268433,93.16340282559395,40,1,7132,1,263,1,1,40,0.5,36632,1,611,1,1
169,3,40,49,874,2,0,0,1,5,2,1558969,37243,3,2,7987052,351521,9546021,3.6,1.43,0.88,1.0,3,32636,8,1340282,2.2,0.92,0.5592008471488953,94.09114214777945,40,1,7132,1,263,1,1,40,0.5,36632,1,611,1,1
170,0,40,49,874,2,0,0,1,2,2,13015,37243,4,2,523324,351521,536339,3.6,1.43,0.88,1.0,2,13015,4,536339,3.6,0.88,0.586039537191391,93.67246198058129,40,1,7132,1,263,1,1,40,0.5,36632,1,611,1,1
171,0,40,49,874,2,0,0,1,2,2,874,874,2,2,43764,43764,44638,1.43,1.43,1.0,1.0,1,12752,6,567200,3.6,0.75,4.315546357631684,14.3636578977108,40,1,7132,1,263,1,1,40,0.5,36632,1,611,1,1
172,1,40,49,874,2,0,0,1,2,2,874,874,2,2,43764,43764,44638,1.43,1.43,1.0,1.0,2,25504,4,1057014,3.6,0.75,3.892406284809113,14.131055271625517,40,1,7132,1,263,1,1,40,0.5,36632,1,611,1,1
173,2,40,49,874,2,0,0,1,2,2,874,874,2,2,43764,43764,44638,1.43,1.43,1.0,1.0,2,25504,7,1095270,3.6,1.0,4.087578535079956,12.028757750988008,40,1,7132,1,263,1,1,40,0.5,36632,1,611,1,1
174,3,40,49,874,2,0,0,1,2,2,874,874,2,2,43764,43764,44638,1.43,1.43,1.0,1.0,2,25504,4,1057014,3.6,0.75,3.6844090819358826,13.154335212707519,40,1,7132,1,263,1,1,40,0.5,36632,1,611,1,1
175,4,40,49,874,2,0,0,1,2,2,874,874,2,2,43764,43764,44638,1.43,1.43,1.0,1.0,2,25504,7,1095270,3.6,1.0,4.443703079223633,11.51781245470047,40,1,7132,1,263,1,1,40,0.5,36632,1,611,1,1
176,5,40,49,874,2,0,0,1,2,2,874,874,2,2,43764,43764,44638,1.43,1.43,1.0,1.0,3,38256,5,1585084,3.6,1.0,4.529186481237412,12.566881388425827,40,1,7132,1,263,1,1,40,0.5,36632,1,611,1,1
177,6,40,49,874,2,0,0,1,2,2,874,874,2,2,43764,43764,44638,1.43,1.43,1.0,1.0,4,1558706,4,9539500,3.6,0.75,4.881671297550201,11.138751953840256,40,1,7132,1,263,1,1,40,0.5,36632,1,611,1,1
178,7,40,49,874,2,0,0,1,2,2,874,874,2,2,43764,43764,44638,1.43,1.43,1.0,1.0,4,1558706,7,9577756,3.6,1.0,3.0914607882499694,9.960606640577316,40,1,7132,1,263,1,1,40,0.5,36632,1,611,1,1
179,8,40,49,874,2,0,0,1,2,2,874,874,2,2,43764,43764,44638,1.43,1.43,1.0,1.0,5,1571458,5,10067570,3.6,1.0,4.096158212423324,11.72348271012306,40,1,7132,1,263,1,1,40,0.5,36632,1,611,1,1
180,9,40,49,874,2,0,0,1,2,2,874,874,2,2,43764,43764,44638,1.43,1.43,1.0,1.0,5,1571458,5,10067570,3.6,1.0,3.3154683470726014,11.15509495139122,40,1,7132,1,263,1,1,40,0.5,36632,1,611,1,1
181,0,40,49,874,2,0,0,1,3,2,44027,13363,5,2,560775,551950,604802,2.2,1.43,0.92,0.75,3,44027,5,604802,2.2,0.92,0.6618186295032501,13.908228254318235,40,1,7132,1,263,1,1,40,0.5,36632,1,611,1,1
182,1,40,49,874,2,0,0,1,3,2,44027,13363,5,2,560775,551950,604802,2.2,1.43,0.92,0.75,3,44027,5,604802,2.2,0.92,0.6005917131900788,13.691895234584806,40,1,7132,1,263,1,1,40,0.5,36632,1,611,1,1
183,2,40,49,874,2,0,0,1,3,1,44027,611,5,4,560775,74888,604802,2.2,1.43,0.92,0.75,3,44027,5,604802,2.2,0.92,0.6813566088676453,14.106477785110474,40,1,7132,1,263,1,1,40,0.5,36632,1,611,1,1
184,0,40,49,874,2,0,0,1,6,2,1589981,13363,4,2,8024503,551950,9614484,2.2,1.43,0.92,0.75,2,25504,7,1095270,3.6,1.0,0.6985223710536956,16.327169674634934,40,1,7132,1,263,1,1,40,0.5,36632,1,611,1,1
185,1,40,49,874,2,0,0,1,6,2,1589981,13363,4,2,8024503,551950,9614484,2.2,1.43,0.92,0.75,2,25504,7,1095270,3.6,1.0,0.7205531418323516,17.209984302520752,40,1,7132,1,263,1,1,40,0.5,36632,1,611,1,1
186,2,40,49,874,2,0,0,1,6,1,1589981,611,4,4,8024503,74888,9614484,2.2,1.43,0.92,0.75,3,38256,5,1585084,3.6,1.0,0.7255730569362641,16.476544785499573,40,1,7132,1,263,1,1,40,0.5,36632,1,611,1,1
187,3,40,49,874,2,0,0,1,4,2,56779,13363,4,2,1075219,551950,1131998,2.2,1.43,0.92,0.75,4,1558706,7,9577756,3.6,1.0,0.6726681888103485,12.836028379201887,40,1,7132,1,263,1,1,40,0.5,36632,1,611,1,1
188,4,40,49,874,2,0,0,1,3,2,44027,13363,6,2,598157,551950,642184,2.2,1.43,0.92,0.75,5,1571458,5,10067570,3.6,1.0,0.6804598093032836,13.824871742725373,40,1,7132,1,263,1,1,40,0.5,36632,1,611,1,1
189,5,40,49,874,2,0,0,1,4,2,56779,13363,4,2,1075219,551950,1131998,2.2,1.43,0.92,0.75,4,1558706,7,9577756,3.6,1.0,0.65810826420784,13.038232856988909,40,1,7132,1,263,1,1,40,0.5,36632,1,611,1,1
190,6,40,49,874,2,0,0,1,4,1,56779,611,4,4,1075219,74888,1131998,2.2,1.43,0.92,0.75,5,1571458,5,10067570,3.6,1.0,0.6331136405467988,13.010079300403595,40,1,7132,1,263,1,1,40,0.5,36632,1,611,1,1
191,7,40,49,874,2,0,0,1,3,2,44027,13363,6,2,598157,551950,642184,2.2,1.43,0.92,0.75,5,1571458,5,10067570,3.6,1.0,0.6952919542789461,14.258601856231687,40,1,7132,1,263,1,1,40,0.5,36632,1,611,1,1
192,8,40,49,874,2,0,0,1,4,1,56779,611,4,4,1075219,74888,1131998,2.2,1.43,0.92,0.75,5,1571458,5,10067570,3.6,1.0,0.6202588737010956,12.357297247648239,40,1,7132,1,263,1,1,40,0.5,36632,1,611,1,1
193,0,40,49,874,2,0,0,1,2,2,13015,13363,5,2,560706,551950,573721,3.6,1.43,0.88,0.75,6,1602470,6,10136033,2.2,1.0,4.979581117630005,26.10873606801033,40,1,7132,1,263,1,1,40,0.5,36632,1,611,1,1
194,1,40,49,874,2,0,0,1,3,2,25767,13363,3,2,1037768,551950,1063535,3.6,1.43,0.88,0.75,5,1589718,8,9646219,2.2,1.0,0.5909242689609527,14.373536044359208,40,1,7132,1,263,1,1,40,0.5,36632,1,611,1,1
195,2,40,49,874,2,0,0,1,2,2,13015,13363,5,2,560706,551950,573721,3.6,1.43,0.88,0.75,6,1602470,6,10136033,2.2,1.0,0.5841376543045044,14.22885521054268,40,1,7132,1,263,1,1,40,0.5,36632,1,611,1,1
196,3,40,49,874,2,0,0,1,3,1,25767,611,3,4,1037768,74888,1063535,3.6,1.43,0.88,0.75,6,1602470,6,10136033,2.2,1.0,0.5959694802761077,13.737010645866395,40,1,7132,1,263,1,1,40,0.5,36632,1,611,1,1
197,4,40,49,874,2,0,0,1,3,2,25767,13363,3,2,1037768,551950,1063535,3.6,1.43,0.88,0.75,5,1589718,8,9646219,2.2,1.0,0.5723958671092987,14.437371420860293,40,1,7132,1,263,1,1,40,0.5,36632,1,611,1,1
198,5,40,49,874,2,0,0,1,3,1,25767,611,3,4,1037768,74888,1063535,3.6,1.43,0.88,0.75,6,1602470,6,10136033,2.2,1.0,0.5763485968112946,13.286340188980102,40,1,7132,1,263,1,1,40,0.5,36632,1,611,1,1
199,6,40,49,874,2,0,0,1,5,2,1558969,13363,3,2,7987052,551950,9546021,3.6,1.43,0.88,0.75,3,56516,8,1163733,2.2,1.0,0.5585826754570007,11.841232979297635,40,1,7132,1,263,1,1,40,0.5,36632,1,611,1,1
200,7,40,49,874,2,0,0,1,5,2,1558969,13363,3,2,7987052,551950,9546021,3.6,1.43,0.88,0.75,3,56516,8,1163733,2.2,1.0,0.5797151625156403,11.928540581464768,40,1,7132,1,263,1,1,40,0.5,36632,1,611,1,1
201,8,40,49,874,2,0,0,1,5,1,1558969,611,3,4,7987052,74888,9546021,3.6,1.43,0.88,0.75,4,69268,6,1653547,2.2,1.0,0.5762788832187653,11.0452771961689,40,1,7132,1,263,1,1,40,0.5,36632,1,611,1,1
202,0,40,49,874,2,0,0,1,2,2,13015,13363,4,2,523324,551950,536339,3.6,1.43,0.88,0.75,2,13015,4,536339,3.6,0.88,0.5923683285713196,12.639322280883787,40,1,7132,1,263,1,1,40,0.5,36632,1,611,1,1
203,1,40,49,874,2,0,0,1,2,2,13015,13363,4,2,523324,551950,536339,3.6,1.43,0.88,0.75,2,13015,4,536339,3.6,0.88,0.6047529399394989,13.422291457653046,40,1,7132,1,263,1,1,40,0.5,36632,1,611,1,1
204,2,40,49,874,2,0,0,1,2,1,13015,611,4,4,523324,74888,536339,3.6,1.43,0.88,0.75,2,13015,4,536339,3.6,0.88,0.5850471615791321,13.190981781482694,40,1,7132,1,263,1,1,40,0.5,36632,1,611,1,1
205,0,40,49,874,2,0,0,1,2,2,874,874,2,2,43764,43764,44638,1.43,1.43,1.0,1.0,6,1578590,6,10312582,2.2,0.92,4.137881410121918,6.838468664884568,40,1,7132,1,263,1,1,40,0.5,36632,1,611,1,1
206,1,40,49,874,2,0,0,1,2,2,874,874,2,2,43764,43764,44638,1.43,1.43,1.0,1.0,5,1565838,8,9822768,2.2,0.92,4.7841723501682285,6.515952557325362,40,1,7132,1,263,1,1,40,0.5,36632,1,611,1,1
207,2,40,49,874,2,0,0,1,2,2,874,874,2,2,43764,43764,44638,1.43,1.43,1.0,1.0,5,1565838,8,9822768,2.2,0.92,5.184500950574875,6.396930307149888,40,1,7132,1,263,1,1,40,0.5,36632,1,611,1,1
208,3,40,49,874,2,0,0,1,2,2,874,874,2,2,43764,43764,44638,1.43,1.43,1.0,1.0,3,32636,8,1340282,2.2,0.92,3.648444044589996,6.744324445724487,40,1,7132,1,263,1,1,40,0.5,36632,1,611,1,1
209,0,40,49,874,2,0,0,1,2,2,874,874,2,2,43764,43764,44638,1.43,1.43,1.0,1.0,2,49384,4,880465,3.6,0.88,3.2449772238731383,4.755533587932587,40,1,7132,1,263,1,1,40,0.5,36632,1,611,1,1
210,0,40,49,874,2,0,0,1,6,2,1566101,13363,6,2,8225806,551950,9791907,2.2,1.43,1.0,0.75,6,1566101,6,9791907,2.2,1.0,0.7707990884780884,5.288163197040558,40,1,7132,1,263,1,1,40,0.5,36632,1,611,1,1
211,1,40,49,874,2,0,0,1,5,2,1553349,13363,8,2,7748744,551950,9302093,2.2,1.43,1.0,0.75,5,1553349,8,9302093,2.2,1.0,1.0096451342105863,5.320311671495436,40,1,7132,1,263,1,1,40,0.5,36632,1,611,1,1
212,2,40,49,874,2,0,0,1,6,2,1566101,13363,6,2,8225806,551950,9791907,2.2,1.43,1.0,0.75,6,1566101,6,9791907,2.2,1.0,0.8388016045093536,4.742739808559418,40,1,7132,1,263,1,1,40,0.5,36632,1,611,1,1
213,3,40,49,874,2,0,0,1,6,1,1566101,611,6,4,8225806,74888,9791907,2.2,1.43,1.0,0.75,6,1566101,6,9791907,2.2,1.0,0.93253413438797,5.346919971704484,40,1,7132,1,263,1,1,40,0.5,36632,1,611,1,1
214,4,40,49,874,2,0,0,1,5,2,1553349,13363,8,2,7748744,551950,9302093,2.2,1.43,1.0,0.75,5,1553349,8,9302093,2.2,1.0,1.1544635236263274,5.155197584629059,40,1,7132,1,263,1,1,40,0.5,36632,1,611,1,1
215,5,40,49,874,2,0,0,1,6,1,1566101,611,6,4,8225806,74888,9791907,2.2,1.43,1.0,0.75,6,1566101,6,9791907,2.2,1.0,0.7282084703445435,5.270435172319412,40,1,7132,1,263,1,1,40,0.5,36632,1,611,1,1
216,6,40,49,874,2,0,0,1,3,2,20147,13363,8,2,799460,551950,819607,2.2,1.43,1.0,0.75,3,20147,8,819607,2.2,1.0,0.6799980103969574,5.424825048446655,40,1,7132,1,263,1,1,40,0.5,36632,1,611,1,1
217,7,40,49,874,2,0,0,1,3,2,20147,13363,8,2,799460,551950,819607,2.2,1.43,1.0,0.75,3,20147,8,819607,2.2,1.0,0.6592717528343199,6.037897330522537,40,1,7132,1,263,1,1,40,0.5,36632,1,611,1,1
218,8,40,49,874,2,0,0,1,4,1,32899,611,6,4,1276522,74888,1309421,2.2,1.43,1.0,0.75,4,32899,6,1309421,2.2,1.0,0.6336758673191071,6.140678614377976,40,1,7132,1,263,1,1,40,0.5,36632,1,611,1,1
219,0,40,49,874,2,0,0,1,6,2,1566101,13363,7,2,8263188,551950,9829289,2.2,1.43,1.0,0.75,2,49384,4,880465,3.6,0.88,0.7512545943260193,5.514774638414383,40,1,7132,1,263,1,1,40,0.5,36632,1,611,1,1
220,1,40,49,874,2,0,0,1,6,2,1566101,13363,7,2,8263188,551950,9829289,2.2,1.43,1.0,0.75,2,49384,4,880465,3.6,0.88,0.7325385212898254,5.744974023103714,40,1,7132,1,263,1,1,40,0.5,36632,1,611,1,1
221,2,40,49,874,2,0,0,1,7,1,1578853,611,5,4,8740250,74888,10319103,2.2,1.43,1.0,0.75,2,49384,4,880465,3.6,0.88,0.7195077300071716,5.777453219890593,40,1,7132,1,263,1,1,40,0.5,36632,1,611,1,1
